{
	"image": "INGAME_BLOCKS_SUMMER.png",
	"spriteCount": 76,
	"sprite_0": { "id": "B_STRAWHAT_1_1", "x": 528, "y": 683, "width": 62, "height": 34, "pivotx": 31, "pivoty": 17 },
	"sprite_1": { "id": "B_STRAWHAT_2_1", "x": 412, "y": 571, "width": 100, "height": 55, "pivotx": 50, "pivoty": 27 },
	"sprite_2": { "id": "B_FISHERHAT_1", "x": 310, "y": 506, "width": 98, "height": 62, "pivotx": 49, "pivoty": 31 },
	"sprite_3": { "id": "B_STRAWHAT_3_1", "x": 412, "y": 630, "width": 112, "height": 50, "pivotx": 56, "pivoty": 25 },
	"sprite_4": { "id": "B_KINGCAP_1", "x": 2, "y": 182, "width": 154, "height": 152, "pivotx": 77, "pivoty": 37 },
	"sprite_5": { "id": "B_LEMON_SLICE_1", "x": 250, "y": 581, "width": 54, "height": 42, "pivotx": 29, "pivoty": 15 },
	"sprite_6": { "id": "B_LEMONADE_GLASS_1", "x": 310, "y": 635, "width": 58, "height": 58, "pivotx": 24, "pivoty": 40 },
	"sprite_7": { "id": "B_FOOD_BASKET_1", "x": 250, "y": 420, "width": 114, "height": 82, "pivotx": 51, "pivoty": 56 },
	"sprite_8": { "id": "B_WINDTHING_1", "x": 160, "y": 603, "width": 85, "height": 83, "pivotx": 44, "pivoty": 41 },
	"sprite_9": { "id": "B_KITE_1", "x": 522, "y": 2, "width": 95, "height": 144, "pivotx": 47, "pivoty": 71 },
	"sprite_10": { "id": "B_KITE_TAIL_1", "x": 75, "y": 736, "width": 57, "height": 62, "pivotx": 18, "pivoty": 38 },
	"sprite_11": { "id": "B_FLOWER_1_1", "x": 160, "y": 690, "width": 81, "height": 80, "pivotx": 40, "pivoty": 40 },
	"sprite_12": { "id": "B_FLOWER_2_1", "x": 250, "y": 506, "width": 56, "height": 71, "pivotx": 29, "pivoty": 35 },
	"sprite_13": { "id": "B_FLOWER_3_1", "x": 2, "y": 747, "width": 60, "height": 56, "pivotx": 29, "pivoty": 29 },
	"sprite_14": { "id": "B_FLOWER_4_1", "x": 160, "y": 420, "width": 86, "height": 89, "pivotx": 43, "pivoty": 44 },
	"sprite_15": { "id": "B_FLOWER_5_1", "x": 310, "y": 572, "width": 63, "height": 59, "pivotx": 31, "pivoty": 29 },
	"sprite_16": { "id": "B_FLOWER_6_1", "x": 473, "y": 313, "width": 93, "height": 90, "pivotx": 46, "pivoty": 45 },
	"sprite_17": { "id": "B_FLOWER_7_1", "x": 374, "y": 313, "width": 95, "height": 90, "pivotx": 48, "pivoty": 45 },
	"sprite_18": { "id": "B_VARSI_1_1", "x": 160, "y": 513, "width": 75, "height": 86, "pivotx": 37, "pivoty": 60 },
	"sprite_19": { "id": "B_VARSI_2_1", "x": 2, "y": 629, "width": 69, "height": 114, "pivotx": 32, "pivoty": 82 },
	"sprite_20": { "id": "B_VARSI_3_1", "x": 534, "y": 420, "width": 46, "height": 77, "pivotx": 23, "pivoty": 53 },
	"sprite_21": { "id": "B_KIELO_1", "x": 570, "y": 313, "width": 77, "height": 90, "pivotx": 62, "pivoty": 49 },
	"sprite_22": { "id": "B_STICK_1", "x": 621, "y": 2, "width": 14, "height": 107, "pivotx": 7, "pivoty": 54 },
	"sprite_23": { "id": "B_LEMONADE_CAN_1", "x": 277, "y": 313, "width": 93, "height": 100, "pivotx": 36, "pivoty": 63 },
	"sprite_24": { "id": "B_ICECREAM_BALL_1", "x": 310, "y": 697, "width": 62, "height": 57, "pivotx": 31, "pivoty": 28 },
	"sprite_25": { "id": "B_ICECREAM_CONE_1", "x": 476, "y": 420, "width": 54, "height": 78, "pivotx": 27, "pivoty": 39 },
	"sprite_26": { "id": "B_HIPPIE_GLASSES_1_1", "x": 412, "y": 684, "width": 110, "height": 47, "pivotx": 55, "pivoty": 11 },
	"sprite_27": { "id": "B_HIPPIE_GLASSES_2_1", "x": 160, "y": 774, "width": 65, "height": 27, "pivotx": 32, "pivoty": 7 },
	"sprite_28": { "id": "B_HIPPIE_GLASSES_3_1", "x": 310, "y": 758, "width": 98, "height": 41, "pivotx": 48, "pivoty": 9 },
	"sprite_29": { "id": "B_HIPPIE_GLASSES_4_1", "x": 412, "y": 506, "width": 148, "height": 61, "pivotx": 72, "pivoty": 14 },
	"sprite_30": { "id": "B_FLOWER_VINE_1_1", "x": 584, "y": 420, "width": 51, "height": 75, "pivotx": 23, "pivoty": 39 },
	"sprite_31": { "id": "B_FLOWER_VINE_2_1", "x": 75, "y": 629, "width": 47, "height": 103, "pivotx": 25, "pivoty": 53 },
	"sprite_32": { "id": "P_ICECREAM_1_1", "x": 280, "y": 736, "width": 22, "height": 30, "pivotx": 11, "pivoty": 15 },
	"sprite_33": { "id": "P_ICECREAM_2_1", "x": 621, "y": 165, "width": 15, "height": 13, "pivotx": 7, "pivoty": 6 },
	"sprite_34": { "id": "P_ICECREAM_3_1", "x": 647, "y": 113, "width": 11, "height": 15, "pivotx": 5, "pivoty": 7 },
	"sprite_35": { "id": "P_ICECREAM_4_1", "x": 136, "y": 426, "width": 20, "height": 22, "pivotx": 0, "pivoty": 0 },
	"sprite_36": { "id": "P_ICECREAM_5_1", "x": 116, "y": 466, "width": 16, "height": 15, "pivotx": 0, "pivoty": 0 },
	"sprite_37": { "id": "P_FLOWER_1_1", "x": 116, "y": 338, "width": 33, "height": 42, "pivotx": 17, "pivoty": 22 },
	"sprite_38": { "id": "P_FLOWER_2_1", "x": 250, "y": 736, "width": 26, "height": 30, "pivotx": 14, "pivoty": 16 },
	"sprite_39": { "id": "P_LEMON_5_1", "x": 136, "y": 736, "width": 18, "height": 16, "pivotx": 10, "pivoty": 9 },
	"sprite_40": { "id": "P_LEMON_4_1", "x": 136, "y": 452, "width": 17, "height": 18, "pivotx": 9, "pivoty": 10 },
	"sprite_41": { "id": "P_LEMON_3_1", "x": 647, "y": 132, "width": 8, "height": 12, "pivotx": 5, "pivoty": 7 },
	"sprite_42": { "id": "P_LEMON_2_1", "x": 639, "y": 83, "width": 9, "height": 22, "pivotx": 5, "pivoty": 12 },
	"sprite_43": { "id": "P_LEMON_1_1", "x": 627, "y": 284, "width": 21, "height": 22, "pivotx": 11, "pivoty": 12 },
	"sprite_44": { "id": "P_FLOWER_8_1", "x": 250, "y": 770, "width": 32, "height": 15, "pivotx": 17, "pivoty": 8 },
	"sprite_45": { "id": "P_FLOWER_7_1", "x": 126, "y": 629, "width": 27, "height": 32, "pivotx": 14, "pivoty": 17 },
	"sprite_46": { "id": "P_FLOWER_3_1", "x": 116, "y": 384, "width": 24, "height": 38, "pivotx": 13, "pivoty": 20 },
	"sprite_47": { "id": "P_FLOWER_6_1", "x": 639, "y": 2, "width": 15, "height": 37, "pivotx": 8, "pivoty": 19 },
	"sprite_48": { "id": "P_FLOWER_4_1", "x": 250, "y": 627, "width": 37, "height": 35, "pivotx": 19, "pivoty": 18 },
	"sprite_49": { "id": "P_FLOWER_5_1", "x": 621, "y": 113, "width": 22, "height": 48, "pivotx": 12, "pivoty": 25 },
	"sprite_50": { "id": "P_FLOWER_10_1", "x": 126, "y": 700, "width": 24, "height": 31, "pivotx": 13, "pivoty": 16 },
	"sprite_51": { "id": "P_FLOWER_11_1", "x": 377, "y": 572, "width": 30, "height": 15, "pivotx": 16, "pivoty": 8 },
	"sprite_52": { "id": "P_FLOWER_9_1", "x": 584, "y": 150, "width": 25, "height": 22, "pivotx": 13, "pivoty": 12 },
	"sprite_53": { "id": "P_WINDTHING_4_1", "x": 627, "y": 182, "width": 29, "height": 30, "pivotx": 15, "pivoty": 16 },
	"sprite_54": { "id": "P_WINDTHING_3_1", "x": 126, "y": 665, "width": 29, "height": 31, "pivotx": 15, "pivoty": 16 },
	"sprite_55": { "id": "P_WINDTHING_2_1", "x": 250, "y": 702, "width": 34, "height": 30, "pivotx": 18, "pivoty": 16 },
	"sprite_56": { "id": "P_GLASS_3_1", "x": 639, "y": 43, "width": 18, "height": 36, "pivotx": 10, "pivoty": 19 },
	"sprite_57": { "id": "P_GLASS_2_1", "x": 250, "y": 666, "width": 33, "height": 32, "pivotx": 17, "pivoty": 17 },
	"sprite_58": { "id": "P_GLASS_1_1", "x": 627, "y": 216, "width": 28, "height": 30, "pivotx": 15, "pivoty": 16 },
	"sprite_59": { "id": "P_WINDTHING_1_1", "x": 627, "y": 250, "width": 28, "height": 30, "pivotx": 15, "pivoty": 16 },
	"sprite_60": { "id": "P_FLOWER_12_1", "x": 116, "y": 426, "width": 16, "height": 36, "pivotx": 9, "pivoty": 19 },
	"sprite_61": { "id": "P_FLOWER_13_1", "x": 554, "y": 150, "width": 26, "height": 24, "pivotx": 14, "pivoty": 13 },
	"sprite_62": { "id": "P_FLOWER_14_1", "x": 522, "y": 150, "width": 28, "height": 28, "pivotx": 15, "pivoty": 15 },
	"sprite_63": { "id": "CLOUD_1", "x": 2, "y": 2, "width": 173, "height": 176, "pivotx": 86, "pivoty": 88 },
	"sprite_64": { "id": "CLOUD_2", "x": 160, "y": 313, "width": 113, "height": 103, "pivotx": 56, "pivoty": 51 },
	"sprite_65": { "id": "CLOUD_3", "x": 2, "y": 485, "width": 151, "height": 140, "pivotx": 75, "pivoty": 70 },
	"sprite_66": { "id": "CLOUD_5", "x": 2, "y": 338, "width": 110, "height": 143, "pivotx": 55, "pivoty": 71 },
	"sprite_67": { "id": "CLOUD_6", "x": 160, "y": 182, "width": 190, "height": 127, "pivotx": 95, "pivoty": 63 },
	"sprite_68": { "id": "CLOUD_4", "x": 356, "y": 2, "width": 162, "height": 163, "pivotx": 81, "pivoty": 81 },
	"sprite_69": { "id": "CLOUD_7", "x": 354, "y": 182, "width": 269, "height": 123, "pivotx": 134, "pivoty": 61 },
	"sprite_70": { "id": "B_SUMMER_GRASS_2_1", "x": 516, "y": 571, "width": 122, "height": 54, "pivotx": 61, "pivoty": 41 },
	"sprite_71": { "id": "B_SUMMER_GRASS_1_1", "x": 528, "y": 630, "width": 116, "height": 49, "pivotx": 58, "pivoty": 38 },
	"sprite_72": { "id": "B_EXTRA_HAT_LEPREHAT_1_1", "x": 368, "y": 420, "width": 104, "height": 80, "pivotx": 52, "pivoty": 40 },
	"sprite_73": { "id": "B_EXTRA_MONEY_COINS_1_1", "x": 412, "y": 735, "width": 96, "height": 40, "pivotx": 48, "pivoty": 21 },
	"sprite_74": { "id": "B_EXTRA_HAT_BOWTIE_2_1", "x": 564, "y": 506, "width": 76, "height": 53, "pivotx": 38, "pivoty": 26 },
	"sprite_75": { "id": "CLOUD_8", "x": 179, "y": 2, "width": 173, "height": 176, "pivotx": 86, "pivoty": 88 }
}
