{
	"image": "INGAME_BLOCKS_EASTER.png",
	"spriteCount": 39,
	"sprite_0": { "id": "B_KING_BUNNY_HAT_1_1", "x": 1, "y": 1, "width": 160, "height": 177, "pivotx": 80, "pivoty": 88 },
	"sprite_1": { "id": "B_PINK_BUNNY_HAT_1_1", "x": 271, "y": 103, "width": 70, "height": 69, "pivotx": 35, "pivoty": 34 },
	"sprite_2": { "id": "B_PINK_BUNNY_NOSE_1_1", "x": 367, "y": 388, "width": 38, "height": 37, "pivotx": 19, "pivoty": 18 },
	"sprite_3": { "id": "B_WHITE_BUNNY_NOSE_1_1", "x": 103, "y": 410, "width": 47, "height": 45, "pivotx": 23, "pivoty": 22 },
	"sprite_4": { "id": "B_PINK_BUNNY_HAT_2_1", "x": 1, "y": 416, "width": 44, "height": 44, "pivotx": 22, "pivoty": 22 },
	"sprite_5": { "id": "B_EASTEREGG_1_1", "x": 1, "y": 346, "width": 52, "height": 68, "pivotx": 26, "pivoty": 34 },
	"sprite_6": { "id": "B_EASTEREGG_2_1", "x": 343, "y": 103, "width": 53, "height": 68, "pivotx": 26, "pivoty": 34 },
	"sprite_7": { "id": "B_EASTEREGG_3_1", "x": 1, "y": 276, "width": 53, "height": 68, "pivotx": 26, "pivoty": 34 },
	"sprite_8": { "id": "P_EASTEREGG_6_1", "x": 371, "y": 318, "width": 26, "height": 20, "pivotx": 13, "pivoty": 10 },
	"sprite_9": { "id": "P_EASTEREGG_5_1", "x": 154, "y": 434, "width": 47, "height": 21, "pivotx": 23, "pivoty": 10 },
	"sprite_10": { "id": "P_EASTEREGG_4_1", "x": 56, "y": 417, "width": 42, "height": 41, "pivotx": 21, "pivoty": 20 },
	"sprite_11": { "id": "P_EASTEREGG_3_1", "x": 380, "y": 180, "width": 27, "height": 35, "pivotx": 13, "pivoty": 17 },
	"sprite_12": { "id": "P_EASTEREGG_2_1", "x": 121, "y": 354, "width": 31, "height": 36, "pivotx": 15, "pivoty": 18 },
	"sprite_13": { "id": "P_EASTEREGG_1_1", "x": 367, "y": 427, "width": 29, "height": 33, "pivotx": 14, "pivoty": 16 },
	"sprite_14": { "id": "P_CHERRYFLOWER_4_1", "x": 324, "y": 428, "width": 32, "height": 30, "pivotx": 16, "pivoty": 15 },
	"sprite_15": { "id": "P_CHERRYFLOWER_3_1", "x": 391, "y": 60, "width": 9, "height": 17, "pivotx": 4, "pivoty": 8 },
	"sprite_16": { "id": "P_CHERRYFLOWER_2_1", "x": 391, "y": 79, "width": 15, "height": 15, "pivotx": 7, "pivoty": 7 },
	"sprite_17": { "id": "P_CHERRYFLOWER_1_1", "x": 380, "y": 217, "width": 26, "height": 30, "pivotx": 13, "pivoty": 15 },
	"sprite_18": { "id": "B_WHITE_BUNNY_EAR_1_1", "x": 56, "y": 354, "width": 45, "height": 61, "pivotx": 22, "pivoty": 30 },
	"sprite_19": { "id": "B_WHITE_BUNNY_EAR_2_1", "x": 323, "y": 266, "width": 59, "height": 50, "pivotx": 29, "pivoty": 25 },
	"sprite_20": { "id": "B_EASTER_GRASS_1_1", "x": 154, "y": 180, "width": 107, "height": 84, "pivotx": 53, "pivoty": 66 },
	"sprite_21": { "id": "B_EASTER_GRASS_2_1", "x": 271, "y": 1, "width": 105, "height": 100, "pivotx": 53, "pivoty": 78 },
	"sprite_22": { "id": "P_EASTER_GRASS_1_1", "x": 378, "y": 1, "width": 22, "height": 57, "pivotx": 12, "pivoty": 29 },
	"sprite_23": { "id": "P_EASTER_GRASS_2_1", "x": 378, "y": 60, "width": 11, "height": 38, "pivotx": 6, "pivoty": 20 },
	"sprite_24": { "id": "P_EASTER_GRASS_3_1", "x": 103, "y": 354, "width": 16, "height": 54, "pivotx": 9, "pivoty": 28 },
	"sprite_25": { "id": "P_EASTER_GRASS_4_1", "x": 323, "y": 318, "width": 46, "height": 28, "pivotx": 24, "pivoty": 15 },
	"sprite_26": { "id": "BLOCK_STATIC_CLOUD_4_1", "x": 154, "y": 266, "width": 167, "height": 80, "pivotx": 83, "pivoty": 41 },
	"sprite_27": { "id": "BLOCK_STATIC_CLOUD_1_1", "x": 324, "y": 388, "width": 41, "height": 38, "pivotx": 21, "pivoty": 20 },
	"sprite_28": { "id": "BLOCK_STATIC_CLOUD_2_1", "x": 324, "y": 348, "width": 82, "height": 38, "pivotx": 42, "pivoty": 20 },
	"sprite_29": { "id": "BLOCK_STATIC_CLOUD_3_1", "x": 56, "y": 273, "width": 84, "height": 79, "pivotx": 43, "pivoty": 40 },
	"sprite_30": { "id": "BLOCK_COMBINE_1", "x": 239, "y": 434, "width": 53, "height": 18, "pivotx": 27, "pivoty": 10 },
	"sprite_31": { "id": "B_CLOVERWOOD_1", "x": 154, "y": 348, "width": 83, "height": 41, "pivotx": 42, "pivoty": 21 },
	"sprite_32": { "id": "B_CLOVERWOOD_2", "x": 154, "y": 391, "width": 83, "height": 41, "pivotx": 42, "pivoty": 21 },
	"sprite_33": { "id": "B_CLOVERWOOD_3", "x": 239, "y": 348, "width": 83, "height": 41, "pivotx": 42, "pivoty": 21 },
	"sprite_34": { "id": "B_CLOVERWOOD_4", "x": 239, "y": 391, "width": 83, "height": 41, "pivotx": 42, "pivoty": 21 },
	"sprite_35": { "id": "B_FOURLEAF_CLOVER_1", "x": 263, "y": 180, "width": 115, "height": 82, "pivotx": 58, "pivoty": 35 },
	"sprite_36": { "id": "BLOCK_SPECIAL_EASTEREGG_1", "x": 56, "y": 180, "width": 96, "height": 91, "pivotx": 48, "pivoty": 50 },
	"sprite_37": { "id": "B_EASTEREGG_4_1", "x": 1, "y": 180, "width": 53, "height": 94, "pivotx": 26, "pivoty": 47 },
	"sprite_38": { "id": "STARRED_EASTER_EGG", "x": 163, "y": 1, "width": 106, "height": 171, "pivotx": 55, "pivoty": 113 }
}
