{
	"image": "INGAME_BLOCKS_MISC.png",
	"spriteCount": 115,
	"sprite_0": { "id": "MISC_BALLOON_BLUE_1", "x": 765, "y": 319, "width": 53, "height": 72, "pivotx": 26, "pivoty": 36 },
	"sprite_1": { "id": "MISC_BALLOON_GREEN_1", "x": 49, "y": 322, "width": 80, "height": 120, "pivotx": 40, "pivoty": 60 },
	"sprite_2": { "id": "MISC_BALLOON_PURPLE_1", "x": 49, "y": 200, "width": 81, "height": 120, "pivotx": 40, "pivoty": 60 },
	"sprite_3": { "id": "MISC_BALLOON_RED_1", "x": 212, "y": 503, "width": 53, "height": 72, "pivotx": 26, "pivoty": 36 },
	"sprite_4": { "id": "MISC_BALLOON_YELLOW_1", "x": 207, "y": 583, "width": 53, "height": 72, "pivotx": 26, "pivoty": 36 },
	"sprite_5": { "id": "MISC_CARPET_1", "x": 270, "y": 423, "width": 279, "height": 77, "pivotx": 139, "pivoty": 38 },
	"sprite_6": { "id": "MISC_ESTRADE_11X3_1", "x": 270, "y": 502, "width": 225, "height": 65, "pivotx": 112, "pivoty": 32 },
	"sprite_7": { "id": "MISC_ESTRADE_1X2_1", "x": 769, "y": 467, "width": 19, "height": 29, "pivotx": 9, "pivoty": 14 },
	"sprite_8": { "id": "MISC_ESTRADE_2X2_1", "x": 769, "y": 423, "width": 47, "height": 42, "pivotx": 23, "pivoty": 21 },
	"sprite_9": { "id": "MISC_ESTRADE_7X2_1", "x": 523, "y": 747, "width": 149, "height": 44, "pivotx": 74, "pivoty": 22 },
	"sprite_10": { "id": "MISC_ESTRADE_9X3_1", "x": 523, "y": 633, "width": 179, "height": 56, "pivotx": 89, "pivoty": 28 },
	"sprite_11": { "id": "MISC_EXPLOSIVE_TNT_1", "x": 671, "y": 128, "width": 70, "height": 69, "pivotx": 35, "pivoty": 34 },
	"sprite_12": { "id": "MISC_FOOD_APPLE_1", "x": 463, "y": 804, "width": 52, "height": 50, "pivotx": 26, "pivoty": 25 },
	"sprite_13": { "id": "MISC_FOOD_BANANA_1", "x": 377, "y": 928, "width": 80, "height": 44, "pivotx": 40, "pivoty": 22 },
	"sprite_14": { "id": "MISC_FOOD_DONUT_1", "x": 270, "y": 885, "width": 62, "height": 60, "pivotx": 31, "pivoty": 30 },
	"sprite_15": { "id": "MISC_FOOD_EGG_1", "x": 1, "y": 679, "width": 45, "height": 58, "pivotx": 22, "pivoty": 29 },
	"sprite_16": { "id": "MISC_FOOD_HAM_1", "x": 704, "y": 633, "width": 70, "height": 56, "pivotx": 41, "pivoty": 30 },
	"sprite_17": { "id": "MISC_FOOD_STRAWBERRY_1", "x": 463, "y": 692, "width": 54, "height": 56, "pivotx": 27, "pivoty": 31 },
	"sprite_18": { "id": "MISC_FOOD_WATERMELON_1", "x": 270, "y": 698, "width": 71, "height": 61, "pivotx": 35, "pivoty": 30 },
	"sprite_19": { "id": "MISC_METAL_BALL_GREY_1", "x": 334, "y": 926, "width": 36, "height": 37, "pivotx": 18, "pivoty": 18 },
	"sprite_20": { "id": "MISC_METAL_BALL_RED_1", "x": 463, "y": 856, "width": 36, "height": 37, "pivotx": 18, "pivoty": 18 },
	"sprite_21": { "id": "MISC_METAL_CHEST_1", "x": 270, "y": 761, "width": 95, "height": 60, "pivotx": 47, "pivoty": 30 },
	"sprite_22": { "id": "MISC_METAL_DIAMOND_1", "x": 770, "y": 569, "width": 49, "height": 40, "pivotx": 24, "pivoty": 20 },
	"sprite_23": { "id": "MISC_METAL_FLAG_FINLAND_1", "x": 1, "y": 200, "width": 46, "height": 123, "pivotx": 23, "pivoty": 61 },
	"sprite_24": { "id": "MISC_METAL_FLAG_SWEDEN_1", "x": 1, "y": 325, "width": 45, "height": 122, "pivotx": 22, "pivoty": 61 },
	"sprite_25": { "id": "MISC_METAL_HOLYGRAIL_1", "x": 1, "y": 533, "width": 45, "height": 81, "pivotx": 22, "pivoty": 40 },
	"sprite_26": { "id": "MISC_METAL_PILLAR_1", "x": 1, "y": 1, "width": 89, "height": 197, "pivotx": 44, "pivoty": 98 },
	"sprite_27": { "id": "MISC_METAL_TIRE_2X2_1", "x": 463, "y": 750, "width": 53, "height": 52, "pivotx": 26, "pivoty": 26 },
	"sprite_28": { "id": "MISC_METAL_TIRE_3X3_1", "x": 233, "y": 131, "width": 63, "height": 64, "pivotx": 31, "pivoty": 32 },
	"sprite_29": { "id": "MISC_METAL_TIRE_4X4_1", "x": 685, "y": 319, "width": 78, "height": 78, "pivotx": 39, "pivoty": 39 },
	"sprite_30": { "id": "MISC_PROP_WHITE_EGG_1", "x": 1, "y": 739, "width": 45, "height": 58, "pivotx": 22, "pivoty": 29 },
	"sprite_31": { "id": "MISC_RUBBER_BEACHBALL_1", "x": 132, "y": 739, "width": 75, "height": 75, "pivotx": 37, "pivoty": 37 },
	"sprite_32": { "id": "MISC_RUBBER_DICE_1", "x": 208, "y": 893, "width": 58, "height": 57, "pivotx": 29, "pivoty": 28 },
	"sprite_33": { "id": "MISC_RUBBER_DICE_2", "x": 377, "y": 692, "width": 58, "height": 57, "pivotx": 29, "pivoty": 28 },
	"sprite_34": { "id": "MISC_RUBBER_DICE_3", "x": 377, "y": 751, "width": 58, "height": 57, "pivotx": 29, "pivoty": 28 },
	"sprite_35": { "id": "MISC_RUBBER_DICE_4", "x": 377, "y": 810, "width": 58, "height": 57, "pivotx": 29, "pivoty": 28 },
	"sprite_36": { "id": "MISC_RUBBER_DICE_5", "x": 377, "y": 869, "width": 58, "height": 57, "pivotx": 29, "pivoty": 28 },
	"sprite_37": { "id": "MISC_RUBBER_DICE_6", "x": 463, "y": 633, "width": 58, "height": 57, "pivotx": 29, "pivoty": 28 },
	"sprite_38": { "id": "MISC_RUBBER_DUCK_1", "x": 701, "y": 423, "width": 66, "height": 73, "pivotx": 33, "pivoty": 36 },
	"sprite_39": { "id": "MISC_RUBBER_SMILEY_1", "x": 132, "y": 816, "width": 75, "height": 75, "pivotx": 37, "pivoty": 37 },
	"sprite_40": { "id": "MISC_RUBBER_SMILEY_2", "x": 132, "y": 583, "width": 73, "height": 76, "pivotx": 36, "pivoty": 38 },
	"sprite_41": { "id": "MISC_RUBBER_SMILEY_3", "x": 132, "y": 661, "width": 72, "height": 76, "pivotx": 36, "pivoty": 38 },
	"sprite_42": { "id": "MISC_RUBBER_TRAMPOLINE_1", "x": 646, "y": 873, "width": 153, "height": 34, "pivotx": 76, "pivoty": 17 },
	"sprite_43": { "id": "MISC_GOLDEN_EGG_1", "x": 594, "y": 132, "width": 61, "height": 61, "pivotx": 30, "pivoty": 30 },
	"sprite_44": { "id": "BIRD_BOOMERANG_STILL_1", "x": 698, "y": 201, "width": 102, "height": 90, "pivotx": 51, "pivoty": 45 },
	"sprite_45": { "id": "BIRD_GREEN_JUMP_1", "x": 698, "y": 201, "width": 102, "height": 90, "pivotx": 51, "pivoty": 45 },
	"sprite_46": { "id": "MISC_PIG_WEIGHT_1", "x": 188, "y": 173, "width": 20, "height": 20, "pivotx": 10, "pivoty": 10 },
	"sprite_47": { "id": "MISC_GIFT_4X5_1", "x": 428, "y": 200, "width": 84, "height": 107, "pivotx": 0, "pivoty": 0 },
	"sprite_48": { "id": "MISC_GIFT_6X3_1", "x": 514, "y": 569, "width": 121, "height": 58, "pivotx": 0, "pivoty": 0 },
	"sprite_49": { "id": "MISC_GIFT_7X4_1", "x": 462, "y": 319, "width": 137, "height": 89, "pivotx": 0, "pivoty": 0 },
	"sprite_50": { "id": "SNOW_BLOCK_4X4_1", "x": 601, "y": 319, "width": 82, "height": 82, "pivotx": 41, "pivoty": 41 },
	"sprite_51": { "id": "SNOW_BLOCK_4X4_2", "x": 49, "y": 541, "width": 80, "height": 81, "pivotx": 40, "pivoty": 40 },
	"sprite_52": { "id": "SNOW_BLOCK_4X4_3", "x": 49, "y": 624, "width": 80, "height": 80, "pivotx": 40, "pivoty": 40 },
	"sprite_53": { "id": "SNOW_TRIANGLE_4X4_2", "x": 49, "y": 706, "width": 78, "height": 79, "pivotx": 39, "pivoty": 39 },
	"sprite_54": { "id": "SNOW_TRIANGLE_4X4_1", "x": 49, "y": 787, "width": 78, "height": 79, "pivotx": 39, "pivoty": 39 },
	"sprite_55": { "id": "SNOW_TRIANGLE_4X4_3", "x": 49, "y": 868, "width": 78, "height": 79, "pivotx": 39, "pivoty": 39 },
	"sprite_56": { "id": "SNOW_TRIANGLE_2X2_3", "x": 1, "y": 841, "width": 40, "height": 39, "pivotx": 20, "pivoty": 19 },
	"sprite_57": { "id": "SNOW_TRIANGLE_2X2_2", "x": 1, "y": 882, "width": 40, "height": 39, "pivotx": 20, "pivoty": 19 },
	"sprite_58": { "id": "SNOW_TRIANGLE_2X2_1", "x": 1, "y": 923, "width": 40, "height": 39, "pivotx": 20, "pivoty": 19 },
	"sprite_59": { "id": "SNOW_CIRCLE_4X4_1", "x": 132, "y": 893, "width": 74, "height": 74, "pivotx": 37, "pivoty": 37 },
	"sprite_60": { "id": "SNOW_CIRCLE_4X4_2", "x": 551, "y": 423, "width": 73, "height": 74, "pivotx": 36, "pivoty": 37 },
	"sprite_61": { "id": "SNOW_CIRCLE_4X4_3", "x": 626, "y": 423, "width": 73, "height": 74, "pivotx": 36, "pivoty": 37 },
	"sprite_62": { "id": "SNOW_BLOCK_6X2_3", "x": 674, "y": 747, "width": 121, "height": 41, "pivotx": 60, "pivoty": 20 },
	"sprite_63": { "id": "SNOW_BLOCK_4X2_3", "x": 729, "y": 793, "width": 80, "height": 39, "pivotx": 40, "pivoty": 19 },
	"sprite_64": { "id": "SNOW_BLOCK_2X2_3", "x": 334, "y": 885, "width": 39, "height": 39, "pivotx": 19, "pivoty": 19 },
	"sprite_65": { "id": "SNOW_BLOCK_2X2_2", "x": 1, "y": 799, "width": 39, "height": 40, "pivotx": 19, "pivoty": 20 },
	"sprite_66": { "id": "SNOW_BLOCK_4X2_2", "x": 646, "y": 793, "width": 81, "height": 39, "pivotx": 40, "pivoty": 19 },
	"sprite_67": { "id": "SNOW_BLOCK_6X2_2", "x": 523, "y": 793, "width": 121, "height": 41, "pivotx": 60, "pivoty": 20 },
	"sprite_68": { "id": "SNOW_BLOCK_2X2_1", "x": 188, "y": 131, "width": 40, "height": 40, "pivotx": 20, "pivoty": 20 },
	"sprite_69": { "id": "SNOW_BLOCK_4X2_1", "x": 523, "y": 879, "width": 81, "height": 41, "pivotx": 40, "pivoty": 20 },
	"sprite_70": { "id": "SNOW_BLOCK_6X2_1", "x": 523, "y": 836, "width": 121, "height": 41, "pivotx": 60, "pivoty": 20 },
	"sprite_71": { "id": "MISC_HAT_ELF_3X2_1", "x": 523, "y": 922, "width": 66, "height": 40, "pivotx": 33, "pivoty": 20 },
	"sprite_72": { "id": "MISC_HAT_ELF_6X3_1", "x": 637, "y": 569, "width": 131, "height": 57, "pivotx": 65, "pivoty": 28 },
	"sprite_73": { "id": "MISC_HAT_ELF_9X5_1", "x": 132, "y": 319, "width": 181, "height": 102, "pivotx": 90, "pivoty": 51 },
	"sprite_74": { "id": "MISC_HAT_WINTER_4X3_1", "x": 377, "y": 633, "width": 84, "height": 57, "pivotx": 42, "pivoty": 28 },
	"sprite_75": { "id": "MISC_KING_BEARD_7X4_1", "x": 132, "y": 423, "width": 136, "height": 78, "pivotx": 0, "pivoty": 0 },
	"sprite_76": { "id": "MISC_XMAS_BALL_3X3_1", "x": 523, "y": 691, "width": 66, "height": 54, "pivotx": 0, "pivoty": 0 },
	"sprite_77": { "id": "MISC_XMAS_BALL_4X4_1", "x": 132, "y": 503, "width": 78, "height": 78, "pivotx": 0, "pivoty": 0 },
	"sprite_78": { "id": "MISC_JINGLE_BELL_2X2_1", "x": 338, "y": 823, "width": 37, "height": 37, "pivotx": 18, "pivoty": 18 },
	"sprite_79": { "id": "MISC_JINGLE_BELL_3X3_1", "x": 209, "y": 816, "width": 59, "height": 60, "pivotx": 29, "pivoty": 30 },
	"sprite_80": { "id": "BLOCK_ROPE_THICK_1", "x": 92, "y": 1, "width": 12, "height": 133, "pivotx": 6, "pivoty": 66 },
	"sprite_81": { "id": "BLOCK_ROPE_THIN_1", "x": 106, "y": 1, "width": 5, "height": 132, "pivotx": 2, "pivoty": 66 },
	"sprite_82": { "id": "BLOCK_ROPE_THIN_SHORT_1", "x": 113, "y": 131, "width": 5, "height": 66, "pivotx": 2, "pivoty": 33 },
	"sprite_83": { "id": "SAMSUNG_GIFT_1", "x": 132, "y": 200, "width": 91, "height": 117, "pivotx": 45, "pivoty": 58 },
	"sprite_84": { "id": "MISC_HELMET_BIG_1", "x": 377, "y": 569, "width": 135, "height": 62, "pivotx": 67, "pivoty": 31 },
	"sprite_85": { "id": "MISC_HELMET_SMALL_1", "x": 646, "y": 834, "width": 80, "height": 37, "pivotx": 40, "pivoty": 18 },
	"sprite_86": { "id": "MISC_HELMET_BOSS_1", "x": 661, "y": 502, "width": 135, "height": 63, "pivotx": 67, "pivoty": 31 },
	"sprite_87": { "id": "MISC_HELMET_SMALL_2", "x": 728, "y": 834, "width": 60, "height": 36, "pivotx": 30, "pivoty": 18 },
	"sprite_88": { "id": "MISC_HELMET_BIG_2", "x": 270, "y": 569, "width": 105, "height": 63, "pivotx": 52, "pivoty": 31 },
	"sprite_89": { "id": "BLOCK_SAMSUNG_PHONE_1", "x": 593, "y": 1, "width": 76, "height": 128, "pivotx": 38, "pivoty": 64 },
	"sprite_90": { "id": "BLOCK_SAMSUNG_SPEN_1", "x": 798, "y": 1, "width": 15, "height": 104, "pivotx": 5, "pivoty": 52 },
	"sprite_91": { "id": "MISC_SAMSUNG_GIFTBOX_1", "x": 113, "y": 1, "width": 118, "height": 128, "pivotx": 62, "pivoty": 77 },
	"sprite_92": { "id": "MISC_SAMSUNG_GIFTBOX_2", "x": 233, "y": 1, "width": 118, "height": 128, "pivotx": 62, "pivoty": 77 },
	"sprite_93": { "id": "MISC_SAMSUNG_GIFTBOX_3", "x": 353, "y": 1, "width": 118, "height": 128, "pivotx": 62, "pivoty": 77 },
	"sprite_94": { "id": "MISC_SAMSUNG_GIFTBOX_4", "x": 473, "y": 1, "width": 118, "height": 128, "pivotx": 62, "pivoty": 77 },
	"sprite_95": { "id": "BLOCK_FUJITV_BALL_1", "x": 671, "y": 1, "width": 125, "height": 125, "pivotx": 62, "pivoty": 62 },
	"sprite_96": { "id": "BLOCK_FUJITV_DOG2_1", "x": 225, "y": 200, "width": 201, "height": 111, "pivotx": 100, "pivoty": 55 },
	"sprite_97": { "id": "MISC_COWBOY_HAT_SMALL_1", "x": 646, "y": 909, "width": 99, "height": 33, "pivotx": 49, "pivoty": 16 },
	"sprite_98": { "id": "MISC_COWBOY_HAT_BIG_1", "x": 656, "y": 691, "width": 161, "height": 53, "pivotx": 80, "pivoty": 26 },
	"sprite_99": { "id": "MISC_BANDITO_HAT_1", "x": 497, "y": 502, "width": 162, "height": 65, "pivotx": 81, "pivoty": 32 },
	"sprite_100": { "id": "MISC_SHERIFF_HAT_1_1", "x": 353, "y": 131, "width": 115, "height": 63, "pivotx": 57, "pivoty": 31 },
	"sprite_101": { "id": "MISC_SHERIFF_HAT_2_1", "x": 473, "y": 131, "width": 115, "height": 63, "pivotx": 57, "pivoty": 31 },
	"sprite_102": { "id": "MISC_BALLOON_HELIUM_1", "x": 206, "y": 661, "width": 53, "height": 72, "pivotx": 27, "pivoty": 36 },
	"sprite_103": { "id": "MISC_BALLOON_EXPLOSIVE_1", "x": 209, "y": 739, "width": 53, "height": 72, "pivotx": 27, "pivoty": 36 },
	"sprite_104": { "id": "XMAS_LIGHTS", "x": 515, "y": 201, "width": 179, "height": 104, "pivotx": 89, "pivoty": 52 },
	"sprite_105": { "id": "XMAS_COOKIE_FLOWER", "x": 271, "y": 635, "width": 66, "height": 60, "pivotx": 33, "pivoty": 30 },
	"sprite_106": { "id": "XMAS_COOKIE_HEART", "x": 592, "y": 692, "width": 61, "height": 52, "pivotx": 30, "pivoty": 26 },
	"sprite_107": { "id": "XMAS_COOKIE_STAR", "x": 271, "y": 824, "width": 64, "height": 58, "pivotx": 32, "pivoty": 29 },
	"sprite_108": { "id": "XMAS_COOKIE_BIRD", "x": 744, "y": 129, "width": 70, "height": 66, "pivotx": 45, "pivoty": 39 },
	"sprite_109": { "id": "XMAS_COOKIE_PIG", "x": 121, "y": 132, "width": 64, "height": 62, "pivotx": 30, "pivoty": 36 },
	"sprite_110": { "id": "XMAS_BALL_BLUE", "x": 299, "y": 132, "width": 43, "height": 59, "pivotx": 21, "pivoty": 38 },
	"sprite_111": { "id": "XMAS_GIFT_SOCK", "x": 50, "y": 445, "width": 70, "height": 93, "pivotx": 29, "pivoty": 56 },
	"sprite_112": { "id": "XMAS_BALL_RED", "x": 2, "y": 617, "width": 43, "height": 59, "pivotx": 21, "pivoty": 38 },
	"sprite_113": { "id": "XMAS_ELF_HAT", "x": 316, "y": 320, "width": 143, "height": 93, "pivotx": 71, "pivoty": 46 },
	"sprite_114": { "id": "XMAS_CANDY_CANE", "x": 2, "y": 450, "width": 36, "height": 80, "pivotx": 18, "pivoty": 40 }
}
