{
	"image": "INGAME_BLOCKS_CHROME.png",
	"spriteCount": 39,
	"sprite_0": { "id": "CHROME_BOMB_1", "x": 260, "y": 303, "width": 104, "height": 78, "pivotx": 74, "pivoty": 48 },
	"sprite_1": { "id": "CHROME_STONE_BACK_4X4_1", "x": 157, "y": 2, "width": 82, "height": 82, "pivotx": 41, "pivoty": 41 },
	"sprite_2": { "id": "CHROME_STONE_BACK_4X4_2", "x": 243, "y": 2, "width": 82, "height": 82, "pivotx": 41, "pivoty": 41 },
	"sprite_3": { "id": "CHROME_STONE_BACK_4X4_3", "x": 329, "y": 2, "width": 82, "height": 82, "pivotx": 41, "pivoty": 41 },
	"sprite_4": { "id": "CHROME_STONE_BACK_4X4_4", "x": 415, "y": 2, "width": 82, "height": 82, "pivotx": 41, "pivoty": 41 },
	"sprite_5": { "id": "CHROME_STONE_CIRCLE_4X4_1", "x": 368, "y": 303, "width": 76, "height": 73, "pivotx": 38, "pivoty": 36 },
	"sprite_6": { "id": "CHROME_STONE_CIRCLE_4X4_2", "x": 448, "y": 303, "width": 76, "height": 73, "pivotx": 38, "pivoty": 36 },
	"sprite_7": { "id": "CHROME_STONE_CIRCLE_4X4_3", "x": 260, "y": 385, "width": 76, "height": 73, "pivotx": 38, "pivoty": 36 },
	"sprite_8": { "id": "CHROME_STONE_CIRCLE_4X4_4", "x": 260, "y": 462, "width": 76, "height": 73, "pivotx": 38, "pivoty": 36 },
	"sprite_9": { "id": "CHROME_STONE_FORWARD_4X4_1", "x": 2, "y": 131, "width": 82, "height": 82, "pivotx": 41, "pivoty": 41 },
	"sprite_10": { "id": "CHROME_STONE_FORWARD_4X4_2", "x": 2, "y": 217, "width": 82, "height": 82, "pivotx": 41, "pivoty": 41 },
	"sprite_11": { "id": "CHROME_STONE_FORWARD_4X4_3", "x": 2, "y": 303, "width": 82, "height": 82, "pivotx": 41, "pivoty": 41 },
	"sprite_12": { "id": "CHROME_STONE_FORWARD_4X4_4", "x": 2, "y": 389, "width": 82, "height": 82, "pivotx": 41, "pivoty": 41 },
	"sprite_13": { "id": "CHROME_STONE_INCOGNITO_4X4_1", "x": 2, "y": 475, "width": 82, "height": 82, "pivotx": 41, "pivoty": 41 },
	"sprite_14": { "id": "CHROME_STONE_INCOGNITO_4X4_2", "x": 88, "y": 131, "width": 82, "height": 82, "pivotx": 41, "pivoty": 41 },
	"sprite_15": { "id": "CHROME_STONE_INCOGNITO_4X4_3", "x": 88, "y": 217, "width": 82, "height": 82, "pivotx": 41, "pivoty": 41 },
	"sprite_16": { "id": "CHROME_STONE_INCOGNITO_4X4_4", "x": 88, "y": 303, "width": 82, "height": 82, "pivotx": 41, "pivoty": 41 },
	"sprite_17": { "id": "CHROME_STONE_RELOAD_4X4_1", "x": 88, "y": 389, "width": 82, "height": 82, "pivotx": 41, "pivoty": 41 },
	"sprite_18": { "id": "CHROME_STONE_RELOAD_4X4_2", "x": 88, "y": 475, "width": 82, "height": 82, "pivotx": 41, "pivoty": 41 },
	"sprite_19": { "id": "CHROME_STONE_RELOAD_4X4_3", "x": 174, "y": 131, "width": 82, "height": 82, "pivotx": 41, "pivoty": 41 },
	"sprite_20": { "id": "CHROME_STONE_RELOAD_4X4_4", "x": 260, "y": 131, "width": 82, "height": 82, "pivotx": 41, "pivoty": 41 },
	"sprite_21": { "id": "CHROME_STONE_STAR_4X4_1", "x": 346, "y": 131, "width": 82, "height": 82, "pivotx": 41, "pivoty": 41 },
	"sprite_22": { "id": "CHROME_STONE_STAR_4X4_2", "x": 432, "y": 131, "width": 82, "height": 82, "pivotx": 41, "pivoty": 41 },
	"sprite_23": { "id": "CHROME_STONE_STAR_4X4_3", "x": 174, "y": 217, "width": 82, "height": 82, "pivotx": 41, "pivoty": 41 },
	"sprite_24": { "id": "CHROME_STONE_STAR_4X4_4", "x": 174, "y": 303, "width": 82, "height": 82, "pivotx": 41, "pivoty": 41 },
	"sprite_25": { "id": "CHROME_STONE_WRENCH_4X4_1", "x": 174, "y": 389, "width": 82, "height": 82, "pivotx": 41, "pivoty": 41 },
	"sprite_26": { "id": "CHROME_STONE_WRENCH_4X4_2", "x": 174, "y": 475, "width": 82, "height": 82, "pivotx": 41, "pivoty": 41 },
	"sprite_27": { "id": "CHROME_STONE_WRENCH_4X4_3", "x": 260, "y": 217, "width": 82, "height": 82, "pivotx": 41, "pivoty": 41 },
	"sprite_28": { "id": "CHROME_STONE_WRENCH_4X4_4", "x": 346, "y": 217, "width": 82, "height": 82, "pivotx": 41, "pivoty": 41 },
	"sprite_29": { "id": "CHROME_IMPLOSION_BOMB_1", "x": 340, "y": 461, "width": 70, "height": 70, "pivotx": 35, "pivoty": 35 },
	"sprite_30": { "id": "CHROME_GLASS_BALL_1", "x": 432, "y": 217, "width": 65, "height": 80, "pivotx": 33, "pivoty": 48 },
	"sprite_31": { "id": "CHROME_GLASS_BALL_SHARD_1", "x": 416, "y": 508, "width": 50, "height": 43, "pivotx": 25, "pivoty": 21 },
	"sprite_32": { "id": "CHROME_GLASS_BALL_SHARD_2", "x": 501, "y": 2, "width": 39, "height": 57, "pivotx": 19, "pivoty": 28 },
	"sprite_33": { "id": "CHROME_GLASS_BALL_SHARD_3", "x": 489, "y": 385, "width": 48, "height": 55, "pivotx": 24, "pivoty": 27 },
	"sprite_34": { "id": "CHROME_METAL_LOGO_1", "x": 340, "y": 385, "width": 72, "height": 72, "pivotx": 36, "pivoty": 36 },
	"sprite_35": { "id": "BLOCK_CHAINS_1", "x": 130, "y": 2, "width": 23, "height": 83, "pivotx": 11, "pivoty": 41 },
	"sprite_36": { "id": "FX_IMPLOSION_1", "x": 2, "y": 2, "width": 124, "height": 125, "pivotx": 62, "pivoty": 62 },
	"sprite_37": { "id": "FX_SCORE_3K_1", "x": 416, "y": 456, "width": 86, "height": 48, "pivotx": 43, "pivoty": 24 },
	"sprite_38": { "id": "FX_IMPLOSION_2", "x": 416, "y": 385, "width": 69, "height": 67, "pivotx": 35, "pivoty": 33 }
}
