{
	"image": "INGAME_BUYADS.png",
	"spriteCount": 20,
	"sprite_0": { "id": "POPUP_BUYADS", "x": 1, "y": 1, "width": 640, "height": 352, "pivotx": 320, "pivoty": 176 },
	"sprite_1": { "id": "POPUP_OFFLINE", "x": 1, "y": 554, "width": 650, "height": 196, "pivotx": 325, "pivoty": 98 },
	"sprite_2": { "id": "TRASHBINBIRD", "x": 1, "y": 355, "width": 225, "height": 197, "pivotx": 112, "pivoty": 98 },
	"sprite_3": { "id": "TOOLTIP_OFFLINE", "x": 1, "y": 839, "width": 478, "height": 80, "pivotx": 239, "pivoty": 40 },
	"sprite_4": { "id": "TOOLTIP_TRY_ME", "x": 481, "y": 839, "width": 178, "height": 40, "pivotx": 0, "pivoty": 0 },
	"sprite_5": { "id": "TOOLTIP_LOGIN", "x": 460, "y": 471, "width": 68, "height": 40, "pivotx": 0, "pivoty": 0 },
	"sprite_6": { "id": "TOOLTIP_TRAILER", "x": 228, "y": 471, "width": 82, "height": 40, "pivotx": 0, "pivoty": 0 },
	"sprite_7": { "id": "TOOLTIP_BUY_ME", "x": 1, "y": 921, "width": 178, "height": 40, "pivotx": 0, "pivoty": 0 },
	"sprite_8": { "id": "TOOLTIP_FAQ", "x": 344, "y": 471, "width": 78, "height": 40, "pivotx": 0, "pivoty": 0 },
	"sprite_9": { "id": "ICON_LOGINARROW", "x": 643, "y": 1, "width": 72, "height": 123, "pivotx": 36, "pivoty": 61 },
	"sprite_10": { "id": "BUTTON_LOGIN", "x": 576, "y": 355, "width": 173, "height": 85, "pivotx": 86, "pivoty": 42 },
	"sprite_11": { "id": "BUTTON_LOGIN_HOVER", "x": 576, "y": 442, "width": 173, "height": 85, "pivotx": 86, "pivoty": 42 },
	"sprite_12": { "id": "BUTTON_BUYADS_LONG_1", "x": 1, "y": 752, "width": 371, "height": 85, "pivotx": 185, "pivoty": 42 },
	"sprite_13": { "id": "BUTTON_BUYADS_LONG_1_HOVER", "x": 374, "y": 752, "width": 371, "height": 85, "pivotx": 185, "pivoty": 42 },
	"sprite_14": { "id": "BUTTON_BUYADS_SHORT_1", "x": 643, "y": 242, "width": 107, "height": 85, "pivotx": 53, "pivoty": 42 },
	"sprite_15": { "id": "BUTTON_BUYADS_SHORT_1_HOVER", "x": 653, "y": 554, "width": 107, "height": 85, "pivotx": 53, "pivoty": 42 },
	"sprite_16": { "id": "BUTTON_BUYADS_BACK", "x": 643, "y": 126, "width": 114, "height": 114, "pivotx": 57, "pivoty": 57 },
	"sprite_17": { "id": "BUTTON_BUYADS_BACK_HOVER", "x": 228, "y": 355, "width": 114, "height": 114, "pivotx": 57, "pivoty": 57 },
	"sprite_18": { "id": "BUTTON_TUTORIAL_ME", "x": 344, "y": 355, "width": 114, "height": 114, "pivotx": 57, "pivoty": 53 },
	"sprite_19": { "id": "BUTTON_TUTORIAL_ME_HOVER", "x": 460, "y": 355, "width": 114, "height": 114, "pivotx": 57, "pivoty": 53 }
}
