{
	"image": "INGAME_BIRDS.png",
	"spriteCount": 51,
	"sprite_0": { "id": "BIRD_BLACK_1", "x": 606, "y": 2, "width": 67, "height": 89, "pivotx": 33, "pivoty": 44 },
	"sprite_1": { "id": "BIRD_BLACK_2", "x": 606, "y": 112, "width": 67, "height": 89, "pivotx": 33, "pivoty": 44 },
	"sprite_2": { "id": "BIRD_BLACK_BLINK", "x": 2, "y": 412, "width": 67, "height": 89, "pivotx": 33, "pivoty": 44 },
	"sprite_3": { "id": "BIRD_BLACK_FLYING", "x": 2, "y": 505, "width": 67, "height": 89, "pivotx": 33, "pivoty": 44 },
	"sprite_4": { "id": "BIRD_BLACK_FLYING_YELL", "x": 410, "y": 396, "width": 67, "height": 89, "pivotx": 33, "pivoty": 44 },
	"sprite_5": { "id": "BIRD_BLACK_SPECIAL", "x": 410, "y": 489, "width": 67, "height": 89, "pivotx": 33, "pivoty": 44 },
	"sprite_6": { "id": "BIRD_BLACK_SPECIAL_2", "x": 410, "y": 582, "width": 67, "height": 89, "pivotx": 33, "pivoty": 44 },
	"sprite_7": { "id": "BIRD_BLACK_SPECIAL_3", "x": 481, "y": 396, "width": 67, "height": 89, "pivotx": 33, "pivoty": 44 },
	"sprite_8": { "id": "BIRD_BLACK_YELL", "x": 552, "y": 396, "width": 67, "height": 89, "pivotx": 33, "pivoty": 44 },
	"sprite_9": { "id": "BIRD_BLUE_1", "x": 622, "y": 353, "width": 32, "height": 31, "pivotx": 16, "pivoty": 15 },
	"sprite_10": { "id": "BIRD_BLUE_2", "x": 623, "y": 447, "width": 32, "height": 31, "pivotx": 16, "pivoty": 15 },
	"sprite_11": { "id": "BIRD_BLUE_BLINK", "x": 552, "y": 591, "width": 32, "height": 31, "pivotx": 16, "pivoty": 15 },
	"sprite_12": { "id": "BIRD_BLUE_FLYING", "x": 552, "y": 626, "width": 32, "height": 31, "pivotx": 16, "pivoty": 15 },
	"sprite_13": { "id": "BIRD_BLUE_FLYING_YELL", "x": 588, "y": 591, "width": 32, "height": 31, "pivotx": 16, "pivoty": 15 },
	"sprite_14": { "id": "BIRD_BLUE_YELL", "x": 588, "y": 626, "width": 32, "height": 31, "pivotx": 16, "pivoty": 15 },
	"sprite_15": { "id": "BIRD_RED_1", "x": 622, "y": 302, "width": 49, "height": 47, "pivotx": 24, "pivoty": 23 },
	"sprite_16": { "id": "BIRD_RED_2", "x": 623, "y": 396, "width": 49, "height": 47, "pivotx": 24, "pivoty": 23 },
	"sprite_17": { "id": "BIRD_RED_BLINK", "x": 552, "y": 489, "width": 49, "height": 47, "pivotx": 24, "pivoty": 23 },
	"sprite_18": { "id": "BIRD_RED_FLYING", "x": 605, "y": 489, "width": 49, "height": 47, "pivotx": 24, "pivoty": 23 },
	"sprite_19": { "id": "BIRD_RED_FLYING_YELL", "x": 552, "y": 540, "width": 49, "height": 47, "pivotx": 24, "pivoty": 23 },
	"sprite_20": { "id": "BIRD_RED_YELL", "x": 605, "y": 540, "width": 49, "height": 47, "pivotx": 24, "pivoty": 23 },
	"sprite_21": { "id": "BIRD_WHITE_1", "x": 336, "y": 2, "width": 86, "height": 106, "pivotx": 43, "pivoty": 53 },
	"sprite_22": { "id": "BIRD_WHITE_2", "x": 336, "y": 112, "width": 86, "height": 106, "pivotx": 43, "pivoty": 53 },
	"sprite_23": { "id": "BIRD_WHITE_BLINK", "x": 426, "y": 2, "width": 86, "height": 106, "pivotx": 43, "pivoty": 53 },
	"sprite_24": { "id": "BIRD_WHITE_FLYING", "x": 516, "y": 2, "width": 86, "height": 106, "pivotx": 43, "pivoty": 53 },
	"sprite_25": { "id": "BIRD_WHITE_FLYING_YELL", "x": 426, "y": 112, "width": 86, "height": 106, "pivotx": 43, "pivoty": 53 },
	"sprite_26": { "id": "BIRD_WHITE_SPECIAL", "x": 516, "y": 112, "width": 86, "height": 106, "pivotx": 43, "pivoty": 53 },
	"sprite_27": { "id": "BIRD_WHITE_YELL", "x": 2, "y": 302, "width": 86, "height": 106, "pivotx": 43, "pivoty": 53 },
	"sprite_28": { "id": "BIRD_YELLOW_1", "x": 585, "y": 222, "width": 67, "height": 54, "pivotx": 33, "pivoty": 27 },
	"sprite_29": { "id": "BIRD_YELLOW_2", "x": 2, "y": 598, "width": 67, "height": 54, "pivotx": 33, "pivoty": 27 },
	"sprite_30": { "id": "BIRD_YELLOW_BLINK", "x": 92, "y": 611, "width": 67, "height": 54, "pivotx": 33, "pivoty": 27 },
	"sprite_31": { "id": "BIRD_YELLOW_FLYING", "x": 198, "y": 602, "width": 67, "height": 54, "pivotx": 33, "pivoty": 27 },
	"sprite_32": { "id": "BIRD_YELLOW_FLYING_YELL", "x": 481, "y": 489, "width": 67, "height": 54, "pivotx": 33, "pivoty": 27 },
	"sprite_33": { "id": "BIRD_YELLOW_SPECIAL", "x": 481, "y": 547, "width": 67, "height": 54, "pivotx": 33, "pivoty": 27 },
	"sprite_34": { "id": "BIRD_YELLOW_YELL", "x": 481, "y": 605, "width": 67, "height": 54, "pivotx": 33, "pivoty": 27 },
	"sprite_35": { "id": "BIRD_GREEN_1", "x": 198, "y": 508, "width": 102, "height": 90, "pivotx": 51, "pivoty": 45 },
	"sprite_36": { "id": "BIRD_GREEN_BLINK", "x": 304, "y": 302, "width": 102, "height": 90, "pivotx": 51, "pivoty": 45 },
	"sprite_37": { "id": "BIRD_GREEN_YELL", "x": 410, "y": 302, "width": 102, "height": 90, "pivotx": 51, "pivoty": 45 },
	"sprite_38": { "id": "BIRD_GREEN_FLYING", "x": 516, "y": 302, "width": 102, "height": 90, "pivotx": 51, "pivoty": 45 },
	"sprite_39": { "id": "BIRD_GREEN_FLYING_YELL", "x": 304, "y": 396, "width": 102, "height": 90, "pivotx": 51, "pivoty": 45 },
	"sprite_40": { "id": "BIRD_GREEN_2", "x": 304, "y": 490, "width": 102, "height": 90, "pivotx": 51, "pivoty": 45 },
	"sprite_41": { "id": "BIRD_GREEN_SPECIAL", "x": 304, "y": 584, "width": 102, "height": 90, "pivotx": 51, "pivoty": 45 },
	"sprite_42": { "id": "BIRD_REDBIG_1", "x": 92, "y": 302, "width": 102, "height": 99, "pivotx": 51, "pivoty": 49 },
	"sprite_43": { "id": "BIRD_REDBIG_BLINK", "x": 92, "y": 405, "width": 102, "height": 99, "pivotx": 51, "pivoty": 49 },
	"sprite_44": { "id": "BIRD_REDBIG_FLYING", "x": 92, "y": 508, "width": 102, "height": 99, "pivotx": 51, "pivoty": 49 },
	"sprite_45": { "id": "BIRD_REDBIG_FLYING_YELL", "x": 198, "y": 302, "width": 102, "height": 99, "pivotx": 51, "pivoty": 49 },
	"sprite_46": { "id": "BIRD_REDBIG_YELL", "x": 198, "y": 405, "width": 102, "height": 99, "pivotx": 51, "pivoty": 49 },
	"sprite_47": { "id": "BIRD_ORANGE_1", "x": 336, "y": 222, "width": 65, "height": 70, "pivotx": 37, "pivoty": 47 },
	"sprite_48": { "id": "BIRD_ORANGE_BLINK", "x": 426, "y": 222, "width": 65, "height": 70, "pivotx": 37, "pivoty": 47 },
	"sprite_49": { "id": "BIRD_ORANGE_YELL", "x": 516, "y": 222, "width": 65, "height": 70, "pivotx": 37, "pivoty": 47 },
	"sprite_50": { "id": "BIRD_ORANGE_2", "x": 2, "y": 2, "width": 330, "height": 296, "pivotx": 175, "pivoty": 148 }
}
