{
	"image": "INGAME_BLOCKS_MOONFESTIVAL.png",
	"spriteCount": 37,
	"sprite_0": { "id": "B_BUNNY_STATUE_1", "x": 210, "y": 1, "width": 64, "height": 116, "pivotx": 32, "pivoty": 77 },
	"sprite_1": { "id": "B_CHINESE_GRASS_1", "x": 213, "y": 304, "width": 128, "height": 61, "pivotx": 63, "pivoty": 48 },
	"sprite_2": { "id": "B_CHINESE_FAN_1_1", "x": 213, "y": 235, "width": 102, "height": 67, "pivotx": 51, "pivoty": 33 },
	"sprite_3": { "id": "B_CHINESE_FAN_2_1", "x": 343, "y": 366, "width": 77, "height": 50, "pivotx": 38, "pivoty": 25 },
	"sprite_4": { "id": "B_CHINESE_HAT_1_1", "x": 321, "y": 95, "width": 57, "height": 38, "pivotx": 28, "pivoty": 19 },
	"sprite_5": { "id": "B_CHINESE_HAT_2_1", "x": 213, "y": 367, "width": 93, "height": 60, "pivotx": 46, "pivoty": 30 },
	"sprite_6": { "id": "B_CHINESE_LANTERN_1_1", "x": 84, "y": 310, "width": 60, "height": 72, "pivotx": 30, "pivoty": 36 },
	"sprite_7": { "id": "B_CHINESE_LANTERN_2_1", "x": 1, "y": 235, "width": 81, "height": 89, "pivotx": 40, "pivoty": 42 },
	"sprite_8": { "id": "B_CHINESE_LANTERN_3_1", "x": 343, "y": 304, "width": 89, "height": 60, "pivotx": 44, "pivoty": 30 },
	"sprite_9": { "id": "P_CHINESE_LANTERN_1_1", "x": 84, "y": 384, "width": 42, "height": 51, "pivotx": 21, "pivoty": 25 },
	"sprite_10": { "id": "P_CHINESE_LANTERN_2_1", "x": 62, "y": 326, "width": 16, "height": 23, "pivotx": 8, "pivoty": 11 },
	"sprite_11": { "id": "P_CHINESE_LANTERN_3_1", "x": 276, "y": 95, "width": 43, "height": 39, "pivotx": 21, "pivoty": 19 },
	"sprite_12": { "id": "P_CHINESE_LANTERN_4_1", "x": 308, "y": 416, "width": 29, "height": 22, "pivotx": 14, "pivoty": 11 },
	"sprite_13": { "id": "B_CHINESE_HAT_3_1", "x": 276, "y": 1, "width": 148, "height": 92, "pivotx": 104, "pivoty": 27 },
	"sprite_14": { "id": "B_CHINESE_HAT_5_1", "x": 1, "y": 1, "width": 207, "height": 133, "pivotx": 103, "pivoty": 66 },
	"sprite_15": { "id": "B_CHINESE_HAT_4_1", "x": 84, "y": 235, "width": 127, "height": 73, "pivotx": 63, "pivoty": 36 },
	"sprite_16": { "id": "PARALLAX_LOTUS_LANTERN_2_1", "x": 374, "y": 418, "width": 26, "height": 18, "pivotx": 13, "pivoty": 9 },
	"sprite_17": { "id": "PARALLAX_LOTUS_LANTERN_1_1", "x": 308, "y": 367, "width": 33, "height": 23, "pivotx": 16, "pivoty": 11 },
	"sprite_18": { "id": "B_CHINESE_TEACUP_1", "x": 308, "y": 392, "width": 31, "height": 22, "pivotx": 15, "pivoty": 11 },
	"sprite_19": { "id": "B_CHINESE_TEAPOT_1", "x": 146, "y": 310, "width": 58, "height": 68, "pivotx": 32, "pivoty": 42 },
	"sprite_20": { "id": "B_CHINESE_FAN_3_1", "x": 383, "y": 235, "width": 40, "height": 51, "pivotx": 18, "pivoty": 25 },
	"sprite_21": { "id": "B_CHINESE_FAN_4_1", "x": 1, "y": 326, "width": 59, "height": 82, "pivotx": 29, "pivoty": 41 },
	"sprite_22": { "id": "P_CHINESE_GRASS_1_1", "x": 213, "y": 429, "width": 36, "height": 16, "pivotx": 18, "pivoty": 8 },
	"sprite_23": { "id": "P_CHINESE_GRASS_2_1", "x": 380, "y": 95, "width": 35, "height": 36, "pivotx": 17, "pivoty": 10 },
	"sprite_24": { "id": "P_CHINESE_GRASS_3_1", "x": 62, "y": 351, "width": 16, "height": 23, "pivotx": 8, "pivoty": 11 },
	"sprite_25": { "id": "P_CHINESE_GRASS_4_1", "x": 343, "y": 418, "width": 29, "height": 21, "pivotx": 14, "pivoty": 10 },
	"sprite_26": { "id": "P_BUNNY_SPARKLE_1_1", "x": 1, "y": 410, "width": 29, "height": 31, "pivotx": 14, "pivoty": 15 },
	"sprite_27": { "id": "P_BUNNY_SPARKLE_2_1", "x": 417, "y": 95, "width": 14, "height": 16, "pivotx": 7, "pivoty": 8 },
	"sprite_28": { "id": "P_BUNNY_SPARKLE_3_1", "x": 251, "y": 429, "width": 17, "height": 16, "pivotx": 8, "pivoty": 8 },
	"sprite_29": { "id": "P_BUNNY_SPARKLE_4_1", "x": 62, "y": 376, "width": 17, "height": 18, "pivotx": 8, "pivoty": 9 },
	"sprite_30": { "id": "P_TEAPOT_SPARKLE_1_1", "x": 32, "y": 410, "width": 29, "height": 31, "pivotx": 14, "pivoty": 15 },
	"sprite_31": { "id": "P_TEAPOT_SPARKLE_2_1", "x": 417, "y": 113, "width": 14, "height": 16, "pivotx": 7, "pivoty": 8 },
	"sprite_32": { "id": "P_TEAPOT_SPARKLE_3_1", "x": 270, "y": 429, "width": 17, "height": 16, "pivotx": 8, "pivoty": 8 },
	"sprite_33": { "id": "P_TEAPOT_SPARKLE_4_1", "x": 63, "y": 410, "width": 17, "height": 18, "pivotx": 8, "pivoty": 9 },
	"sprite_34": { "id": "B_BRIDGE_1", "x": 1, "y": 136, "width": 421, "height": 97, "pivotx": 211, "pivoty": 49 },
	"sprite_35": { "id": "B_MOONCAKE_1", "x": 146, "y": 380, "width": 64, "height": 64, "pivotx": 32, "pivoty": 32 },
	"sprite_36": { "id": "B_MOONCAKE_GOLD_1", "x": 317, "y": 235, "width": 64, "height": 64, "pivotx": 32, "pivoty": 32 }
}
