{
	"image": "INGAME_BLOCKS_HALLOWEEN.png",
	"spriteCount": 29,
	"sprite_0": { "id": "BLOCK_PUMPKIN_1_1", "x": 1, "y": 268, "width": 103, "height": 100, "pivotx": 51, "pivoty": 50 },
	"sprite_1": { "id": "BLOCK_PUMPKIN_2_1", "x": 215, "y": 358, "width": 86, "height": 52, "pivotx": 43, "pivoty": 26 },
	"sprite_2": { "id": "BLOCK_PUMPKIN_3_1", "x": 303, "y": 1, "width": 69, "height": 68, "pivotx": 34, "pivoty": 34 },
	"sprite_3": { "id": "BLOCK_GHOST_COSTUME_1", "x": 215, "y": 163, "width": 107, "height": 97, "pivotx": 53, "pivoty": 48 },
	"sprite_4": { "id": "BLOCK_PUMPKIN_PIG_1_1", "x": 1, "y": 163, "width": 105, "height": 103, "pivotx": 52, "pivoty": 61 },
	"sprite_5": { "id": "BLOCK_PUMPKIN_PIG_2_1", "x": 163, "y": 1, "width": 138, "height": 136, "pivotx": 69, "pivoty": 79 },
	"sprite_6": { "id": "PARTICLE_PUMPKIN_1_1", "x": 324, "y": 214, "width": 34, "height": 46, "pivotx": 17, "pivoty": 23 },
	"sprite_7": { "id": "PARTICLE_PUMPKIN_2_1", "x": 324, "y": 163, "width": 28, "height": 49, "pivotx": 14, "pivoty": 24 },
	"sprite_8": { "id": "PARTICLE_PUMPKIN_3_1", "x": 1, "y": 370, "width": 19, "height": 37, "pivotx": 9, "pivoty": 18 },
	"sprite_9": { "id": "BLOCK_LANTERN_1", "x": 1, "y": 1, "width": 160, "height": 160, "pivotx": 80, "pivoty": 80 },
	"sprite_10": { "id": "BLOCK_BLACK_PUMPKIN_1_1", "x": 215, "y": 262, "width": 106, "height": 94, "pivotx": 49, "pivoty": 55 },
	"sprite_11": { "id": "BLOCK_BLACK_PUMPKIN_2_1", "x": 303, "y": 71, "width": 74, "height": 63, "pivotx": 40, "pivoty": 35 },
	"sprite_12": { "id": "PARTICLE_BLACK_PUMPKIN_1", "x": 360, "y": 214, "width": 34, "height": 46, "pivotx": 17, "pivoty": 26 },
	"sprite_13": { "id": "PARTICLE_BLACK_PUMPKIN_2", "x": 354, "y": 163, "width": 28, "height": 49, "pivotx": 14, "pivoty": 24 },
	"sprite_14": { "id": "PARTICLE_BLACK_PUMPKIN_3", "x": 22, "y": 370, "width": 19, "height": 37, "pivotx": 9, "pivoty": 18 },
	"sprite_15": { "id": "B_HALLOWEEN_GRASS_1_1", "x": 108, "y": 264, "width": 103, "height": 84, "pivotx": 51, "pivoty": 69 },
	"sprite_16": { "id": "B_HALLOWEEN_GRASS_2_1", "x": 108, "y": 163, "width": 105, "height": 99, "pivotx": 52, "pivoty": 83 },
	"sprite_17": { "id": "P_HALLOWEEN_GRASS_1", "x": 108, "y": 350, "width": 24, "height": 61, "pivotx": 12, "pivoty": 30 },
	"sprite_18": { "id": "P_HALLOWEEN_GRASS_2", "x": 379, "y": 71, "width": 12, "height": 40, "pivotx": 6, "pivoty": 20 },
	"sprite_19": { "id": "P_HALLOWEEN_GRASS_3", "x": 169, "y": 350, "width": 17, "height": 58, "pivotx": 8, "pivoty": 29 },
	"sprite_20": { "id": "P_HALLOWEEN_GRASS_4", "x": 323, "y": 354, "width": 49, "height": 29, "pivotx": 24, "pivoty": 14 },
	"sprite_21": { "id": "SKELETON_HEAD_1_1", "x": 323, "y": 262, "width": 42, "height": 44, "pivotx": 21, "pivoty": 22 },
	"sprite_22": { "id": "SKELETON_BODY_1", "x": 134, "y": 350, "width": 33, "height": 58, "pivotx": 16, "pivoty": 29 },
	"sprite_23": { "id": "SKELETON_LEG_1", "x": 374, "y": 1, "width": 16, "height": 66, "pivotx": 8, "pivoty": 33 },
	"sprite_24": { "id": "SKELETON_HEAD_2_1", "x": 323, "y": 308, "width": 42, "height": 44, "pivotx": 21, "pivoty": 22 },
	"sprite_25": { "id": "P_SKELETON_1_1", "x": 163, "y": 139, "width": 17, "height": 21, "pivotx": 8, "pivoty": 10 },
	"sprite_26": { "id": "P_SKELETON_2_1", "x": 43, "y": 370, "width": 30, "height": 33, "pivotx": 15, "pivoty": 16 },
	"sprite_27": { "id": "P_SKELETON_3_1", "x": 323, "y": 385, "width": 36, "height": 27, "pivotx": 18, "pivoty": 13 },
	"sprite_28": { "id": "P_SKELETON_4_1", "x": 303, "y": 136, "width": 22, "height": 24, "pivotx": 11, "pivoty": 12 }
}
