{
	"BLOCK_CHROME_STONE": {"bodyType": "DYNAMIC", "defense": 15, "density": 2, "friction": 4, "restitution": 0.25, "strength": 1, "soundModel": "STONE", "particleType": "BLOCK_CHROME_STONE"},
	"CHROME_PLATFORM": {"bodyType": "STATIC", "defense": -1, "density": 3, "friction": 0.25, "restitution": 0.25, "strength": 100},
	"MISC_CHROME_BOMB": {"bodyType": "DYNAMIC", "defense": 1, "density": 0.75, "friction": 0.7, "restitution": 0.45, "strength": 10, "soundModel": "MISC_1", "particleType": "BLOCK_CHROME_STONE"},
	"MISC_CHROME_METAL": {"bodyType": "DYNAMIC", "defense": 5, "density": 0.5, "friction": 0.7, "restitution": 0.4, "strength": 30, "soundModel": "MISC_1", "particleType": "BLOCK_OTHER_SMALL"},
	"MISC_CHROME_IMPLOSION_BOMB": {"bodyType": "DYNAMIC", "defense": 1, "density": 0.75, "friction": 0.7, "restitution": 0.4, "strength": 1, "soundModel": "MISC_1", "particleType": "BLOCK_OTHER_SMALL"},
	"MISC_CHROME_CHAIN": {"bodyType": "DYNAMIC", "defense": 15, "density": 1, "friction": 0.7, "restitution": 0.4, "strength": 8, "soundModel": "MISC_1", "particleType": "BLOCK_OTHER_SMALL"},
	"MISC_CHROME_GLASS_BALL": {"bodyType": "DYNAMIC", "defense": 25, "density": 15, "friction": 3, "restitution": 0, "strength": 350, "soundModel": "MISC_1", "particleType": "BLOCK_OTHER_SMALL"},
	"MISC_SAMSUNG_GIFTBOX": {"bodyType": "DYNAMIC", "defense": 5, "density": 0.75, "friction": 3, "restitution": 0, "strength": 5, "soundModel": "GIFT", "particleType": "MISC_SAMSUNG_GIFTBOX"},

	"SUMMER_GRASS": {"bodyType": "DYNAMIC", "defense": 1, "density": 0.75, "restitution": 0.1, "strength": 0.25, "friction": 0.7, "soundModel": "EASTER_CLOVER", "particleType": "NONE"},
	"SUMMER_FLOWER_1": {"bodyType": "DYNAMIC", "defense": 0, "density": 0.1, "restitution": 0.1, "strength": 0.25, "friction": 0.7, "soundModel": "SUMMER_FLOWER", "particleType": "SUMMER_FLOWER_1"},
	"SUMMER_FLOWER_2": {"bodyType": "DYNAMIC", "defense": 0, "density": 0.1, "restitution": 0.1, "strength": 0.25, "friction": 0.7, "soundModel": "SUMMER_FLOWER", "particleType": "SUMMER_FLOWER_2"},
	"SUMMER_FLOWER_3": {"bodyType": "DYNAMIC", "defense": 0, "density": 0.1, "restitution": 0.1, "strength": 0.25, "friction": 0.7, "soundModel": "SUMMER_FLOWER", "particleType": "SUMMER_FLOWER_3"},
	"SUMMER_FLOWER_4": {"bodyType": "DYNAMIC", "defense": 0, "density": 0.1, "restitution": 0.1, "strength": 0.25, "friction": 0.7, "soundModel": "SUMMER_FLOWER", "particleType": "SUMMER_FLOWER_4"},
	"SUMMER_FLOWER_5": {"bodyType": "DYNAMIC", "defense": 0, "density": 0.1, "restitution": 0.1, "strength": 0.25, "friction": 0.7, "soundModel": "SUMMER_FLOWER", "particleType": "SUMMER_FLOWER_5"},
	"SUMMER_FLOWER_6": {"bodyType": "DYNAMIC", "defense": 0, "density": 0.1, "restitution": 0.1, "strength": 0.25, "friction": 0.7, "soundModel": "SUMMER_FLOWER", "particleType": "SUMMER_FLOWER_6"},
	"SUMMER_FLOWER_7": {"bodyType": "DYNAMIC", "defense": 0, "density": 0.1, "restitution": 0.1, "strength": 0.25, "friction": 0.7, "soundModel": "SUMMER_FLOWER", "particleType": "SUMMER_FLOWER_7"},
	"SUMMER_PICNIC_MATERIAL": {"bodyType": "DYNAMIC", "defense": 1, "density": 0.1, "restitution": 0.1, "strength": 0.25, "friction": 0.7, "soundModel": "SUMMER_LEMONADE_CAN", "particleType": "NONE"},
	"SUMMER_EXTRAS": {"bodyType": "DYNAMIC", "defense": 0, "density": 0.1, "restitution": 0.1, "strength": 0.25, "friction": 0.7, "soundModel": "MISC_1", "particleType": "NONE"},
	"SUMMER_FLOWER_VINE": {"bodyType": "DYNAMIC", "defense": 1, "density": 0.1, "restitution": 0.1, "strength": 0.25, "friction": 0.7, "soundModel": "MISC_1", "particleType": "NONE"},
	"SUMMER_MONEY_COINS": {"bodyType": "DYNAMIC", "defense": 1, "density": 0.7, "restitution": 0.1, "strength": 1.25, "friction": 0.7, "soundModel": "MISC_1", "particleType": "SUMMER_FLOWER_2"},
	"SUMMER_WINDTHING": {"bodyType": "DYNAMIC", "defense": 0, "density": 0.1, "restitution": 0.1, "strength": 0.25, "friction": 0.7, "soundModel": "MISC_1", "particleType": "SUMMER_WINDTHING"},

	"HALLOWEEN_LANTERN": {"bodyType": "DYNAMIC", "defense": 5, "density": 0.75, "restitution": 0.1, "strength": 4, "friction": 0.7, "soundModel": "HALLOWEEN_LANTERN", "particleType": "NONE"},
	"HALLOWEEN_PUMPKIN_1": {"bodyType": "DYNAMIC", "defense": 5, "density": 1, "restitution": 0.1, "strength": 8, "friction": 0.7, "soundModel": "HALLOWEEN_PUMPKIN_BATS", "particleType": "NONE"},
	"HALLOWEEN_PUMPKIN_2": {"bodyType": "DYNAMIC", "defense": 5, "density": 0.5, "restitution": 0.1, "strength": 5, "friction": 0.7, "soundModel": "HALLOWEEN_PUMPKIN", "particleType": "NONE"},
	"HALLOWEEN_PUMPKIN_3": {"bodyType": "DYNAMIC", "defense": 5, "density": 1, "restitution": 0.1, "strength": 3, "friction": 0.7, "soundModel": "HALLOWEEN_PUMPKIN", "particleType": "NONE"},
	"HALLOWEEN_PUMPKIN_PIG": {"bodyType": "DYNAMIC", "defense": 5, "density": 1, "restitution": 0.1, "strength": 8, "friction": 0.7, "soundModel": "HALLOWEEN_PUMPKIN", "particleType": "NONE"},
	"HALLOWEEN_GHOST_COSTUME": {"bodyType": "DYNAMIC", "defense": 5, "density": 0.75, "restitution": 0.1, "strength": 1, "friction": 0.7, "soundModel": "HALLOWEEN_EXTRAS", "particleType": "NONE"},

	"CHINESE_GRASS": {"bodyType": "DYNAMIC", "defense": 5, "density": 0.75, "restitution": 0.1, "strength": 1, "friction": 0.7, "soundModel": "CHINESE_GRASS", "particleType": "NONE"},
	"CHINESE_LANTERN_1": {"bodyType": "DYNAMIC", "defense": 1, "density": 0.1, "restitution": 0.1, "strength": 1, "friction": 0.7, "soundModel": "CHINESE_LANTERN", "particleType": "NONE"},
	"CHINESE_LANTERN_2": {"bodyType": "DYNAMIC", "defense": 1, "density": 0.1, "restitution": 0.1, "strength": 1, "friction": 0.7, "soundModel": "CHINESE_LANTERN", "particleType": "NONE"},
	"CHINESE_LANTERN_3": {"bodyType": "DYNAMIC", "defense": 1, "density": 0.1, "restitution": 0.1, "strength": 1, "friction": 0.7, "soundModel": "CHINESE_LANTERN", "particleType": "NONE"},
	"CHINESE_BUNNY_STATUE": {"bodyType": "DYNAMIC", "defense": 1, "density": 0.1, "restitution": 0.1, "strength": 1, "friction": 0.7, "soundModel": "CHINESE_LANTERN", "particleType": "NONE"},
	"CHINESE_MOONCAKE": {"bodyType": "DYNAMIC", "defense": 1, "density": 0.1, "restitution": 0.1, "strength": 1, "friction": 0.7, "soundModel": "MISC_1", "particleType": "NONE"},
	"CHINESE_HAT": {"bodyType": "DYNAMIC", "defense": 1, "density": 0.1, "restitution": 0.1, "strength": 1, "friction": 0.7, "soundModel": "MISC_1", "particleType": "NONE"},
	"CHINESE_FAN": {"bodyType": "DYNAMIC", "defense": 1, "density": 0.1, "restitution": 0.1, "strength": 1, "friction": 0.7, "soundModel": "MISC_1", "particleType": "NONE"},
	"CHINESE_TEAPOT": {"bodyType": "DYNAMIC", "defense": 1, "density": 0.1, "restitution": 0.1, "strength": 1, "friction": 0.7, "soundModel": "MISC_1", "particleType": "NONE"},
	"CHINESE_TEACUP": {"bodyType": "DYNAMIC", "defense": 1, "density": 0.1, "restitution": 0.1, "strength": 1, "friction": 0.7, "soundModel": "MISC_1", "particleType": "NONE"},
	"CHINESE_BRIDGE": {"bodyType": "STATIC", "defense": 1000, "density": 0.1, "restitution": 0.0, "strength": 250, "friction": 0.8, "soundModel": "MISC_1", "particleType": "NONE"}

}