{
	"CHROME_STONE_BACK_4X4": {"type": "BLOCK_CHROME", "material": "BLOCK_CHROME_STONE", "shape": "BLOCK_RECT_4X4", "score": 500, "maxHealth": 15, "editorGroup": "CHROME_GROUP"},
	"CHROME_STONE_FORWARD_4X4": {"type": "BLOCK_CHROME", "material": "BLOCK_CHROME_STONE", "shape": "BLOCK_RECT_4X4", "score": 500, "maxHealth": 15, "editorGroup": "CHROME_GROUP"},
	"CHROME_STONE_INCOGNITO_4X4": {"type": "BLOCK_CHROME", "material": "BLOCK_CHROME_STONE", "shape": "BLOCK_RECT_4X4", "score": 500, "maxHealth": 15, "editorGroup": "CHROME_GROUP"},
	"CHROME_STONE_RELOAD_4X4": {"type": "BLOCK_CHROME", "material": "BLOCK_CHROME_STONE", "shape": "BLOCK_RECT_4X4", "score": 500, "maxHealth": 15, "editorGroup": "CHROME_GROUP"},
	"CHROME_STONE_STAR_4X4": {"type": "BLOCK_CHROME", "material": "BLOCK_CHROME_STONE", "shape": "BLOCK_RECT_4X4", "score": 500, "maxHealth": 15, "editorGroup": "CHROME_GROUP"},
	"CHROME_STONE_WRENCH_4X4": {"type": "BLOCK_CHROME", "material": "BLOCK_CHROME_STONE", "shape": "BLOCK_RECT_4X4", "score": 500, "maxHealth": 15, "editorGroup": "CHROME_GROUP"},
	"CHROME_STONE_CIRCLE_4X4": {"type": "BLOCK_CHROME", "material": "BLOCK_CHROME_STONE", "shape": "BLOCK_CIRCLE_4X4", "score": 500, "maxHealth": 100, "editorGroup": "CHROME_GROUP"},
	"CHROME_METAL_LOGO": {"type": "BLOCK_CHROME", "material": "MISC_CHROME_METAL", "shape": "BLOCK_CIRCLE_4X4", "score": 3000, "damagedFrameCount": 1, "maxHealth": 10, "editorGroup": "CHROME_GROUP"},

	"CHROME_PLATFORM_TAB1": {"type": "BLOCK_STATIC", "material": "CHROME_PLATFORM", "shape": "BLOCK_RECT_CHROME_PLATFORM_STATIC", "score": 0, "damagedFrameCount": 1, "editorGroup": "CHROME_GROUP"},
	"CHROME_PLATFORM_TAB2": {"type": "BLOCK_STATIC", "material": "CHROME_PLATFORM", "shape": "BLOCK_RECT_CHROME_PLATFORM_STATIC", "score": 0, "damagedFrameCount": 1, "editorGroup": "CHROME_GROUP"},

	"CHROME_GLASS_BALL": {"type": "BLOCK_CHROME", "material": "MISC_CHROME_GLASS_BALL", "shape": "PROP_CHROME_GLASS_BALL", "score": 3000, "damagedFrameCount": 1, "maxHealth": 350, "editorGroup": "CHROME_GROUP"},
	"CHROME_BOMB": {"type": "BLOCK_CHROME", "material": "MISC_CHROME_BOMB", "shape": "MISC_METAL_CHROME_BOMB", "score": 500, "damagedFrameCount": 1, "maxHealth": 8, "editorGroup": "CHROME_GROUP"},
	"CHROME_IMPLOSION_BOMB": {"type": "BLOCK_CHROME", "material": "MISC_CHROME_IMPLOSION_BOMB", "shape": "MISC_METAL_TNT", "score": 500, "damagedFrameCount": 1, "maxHealth": 1, "editorGroup": "CHROME_GROUP"},
	"BLOCK_CHAINS": {"type": "BLOCK_CHROME", "material": "MISC_CHROME_CHAIN", "shape": "MISC_METAL_CHAIN", "score": 0, "damagedFrameCount": 1, "maxHealth": 8, "editorGroup": "CHROME_GROUP"},

	"BLOCK_SAMSUNG_PHONE": {"type": "BLOCK_BASIC", "material": "MISC_METAL", "shape": "BLOCK_SAMSUNG_PHONE", "score": 500, "damagedFrameCount": 1, "maxHealth": 10, "editorGroup": "EPISODE_GROUP"},
	"BLOCK_SAMSUNG_SPEN": {"type": "BLOCK_FRONT", "material": "MISC_METAL", "shape": "BLOCK_SAMSUNG_SPEN", "score": 500, "damagedFrameCount": 1, "maxHealth": 10, "editorGroup": "EPISODE_GROUP"},
	"MISC_SAMSUNG_GIFTBOX": {"type": "BLOCK_FRONT", "material": "MISC_SAMSUNG_GIFTBOX", "shape": "MISC_SAMSUNG_GIFTBOX", "score": 10000, "damagedFrameCount": 4, "maxHealth": 30, "editorGroup": "EPISODE_GROUP"},

	"B_CANDYSTICK": {"type": "BLOCK_FRONT", "material": "CHERRY_BLOSSOM_EXTRAS", "shape": "B_CANDYSTICK", "score": 500, "damagedFrameCount": 1, "maxHealth": 2, "editorGroup": "EPISODE_GROUP"},
	"B_SAKURAFLOWER_PETAL": {"type": "BLOCK_BASIC", "material": "CHERRY_BLOSSOM_LEAF", "shape": "B_SAKURAFLOWER_PETAL", "score": 500, "damagedFrameCount": 1, "maxHealth": 4, "editorGroup": "EPISODE_GROUP"},
	"B_SAKURAFLOWER_CENTER": {"type": "BLOCK_BASIC", "material": "CHERRY_BLOSSOM_CENTER", "shape": "B_SAKURAFLOWER_CENTER", "score": 3000, "damagedFrameCount": 1, "maxHealth": 4, "editorGroup": "EPISODE_GROUP"},
	"B_MISO": {"type": "BLOCK_BASIC", "material": "CHERRY_BLOSSOM_EXTRAS", "shape": "B_MISO", "score": 500, "damagedFrameCount": 1, "maxHealth": 2, "editorGroup": "EPISODE_GROUP"},
	"B_SUSHICHEF_BANDANNA": {"type": "BLOCK_FRONT", "material": "CHERRY_BLOSSOM_EXTRAS", "shape": "B_SUSHICHEF_BANDANNA", "score": 100, "damagedFrameCount": 1, "maxHealth": 2, "editorGroup": "EPISODE_GROUP"},
	"B_JAPANESE_UMBRELLA": {"type": "BLOCK_BASIC", "material": "CHERRY_BLOSSOM_EXTRAS", "shape": "B_JAPANESE_UMBRELLA", "score": 500, "damagedFrameCount": 1, "maxHealth": 2, "editorGroup": "EPISODE_GROUP"},
	"B_SUSHI": {"type": "BLOCK_BASIC", "material": "CHERRY_BLOSSOM_EXTRAS", "shape": "B_SUSHI", "score": 500, "damagedFrameCount": 1, "maxHealth": 2, "editorGroup": "EPISODE_GROUP"},
	"B_RICEBALL": {"type": "BLOCK_FRONT", "material": "CHERRY_BLOSSOM_EXTRAS", "shape": "B_RICEBALL", "score": 500, "damagedFrameCount": 1, "maxHealth": 2, "editorGroup": "EPISODE_GROUP"},
	"BLOCK_FUJITV_DOG2": {"type": "BLOCK_FRONT", "material": "MISC_METAL", "shape": "BLOCK_FUJITV_DOG2", "score": 0, "damagedFrameCount": 1, "maxHealth": 10, "editorGroup": "EPISODE_GROUP"},

	"B_SUMMER_GRASS_1": {"type": "BLOCK_FRONT", "material": "SUMMER_GRASS", "shape": "SUMMER_GRASS_1", "score": 100, "damagedFrameCount": 1, "maxHealth": 1, "editorGroup": "EPISODE_GROUP"},
    "B_SUMMER_GRASS_2": {"type": "BLOCK_FRONT", "material": "SUMMER_GRASS", "shape": "SUMMER_GRASS_2", "score": 100, "damagedFrameCount": 1, "maxHealth": 1, "editorGroup": "EPISODE_GROUP"},
    "B_LEMONADE_GLASS": {"type": "BLOCK_FRONT", "material": "SUMMER_PICNIC_MATERIAL", "shape": "LEMONADE_GLASS", "score": 100, "damagedFrameCount": 1, "maxHealth": 5, "editorGroup": "EPISODE_GROUP"},
    "B_LEMON_SLICE": {"type": "BLOCK_FRONT", "material": "SUMMER_PICNIC_MATERIAL", "shape": "LEMON_SLICE", "score": 100, "damagedFrameCount": 1, "maxHealth": 15, "editorGroup": "EPISODE_GROUP"},
    "B_STRAWHAT_1": {"type": "BLOCK_FRONT", "material": "SUMMER_EXTRAS", "shape": "STRAWHAT_1", "score": 100, "damagedFrameCount": 1, "maxHealth": 10, "editorGroup": "EPISODE_GROUP"},
    "B_STRAWHAT_2": {"type": "BLOCK_FRONT", "material": "SUMMER_EXTRAS", "shape": "STRAWHAT_2", "score": 100, "damagedFrameCount": 1, "maxHealth": 10, "editorGroup": "EPISODE_GROUP"},
    "B_STRAWHAT_3": {"type": "BLOCK_FRONT", "material": "SUMMER_EXTRAS", "shape": "STRAWHAT_3", "score": 100, "damagedFrameCount": 1, "maxHealth": 10, "editorGroup": "EPISODE_GROUP"},
    "B_FISHERHAT": {"type": "BLOCK_FRONT", "material": "SUMMER_EXTRAS", "shape": "FISHERHAT", "score": 100, "damagedFrameCount": 1, "maxHealth": 5, "editorGroup": "EPISODE_GROUP"},
    "B_FLOWER_1": {"type": "BLOCK_FRONT", "material": "SUMMER_FLOWER_1", "shape": "FLOWER_1", "score": 3000, "damagedFrameCount": 1, "maxHealth": 10, "editorGroup": "EPISODE_GROUP"},
    "B_FLOWER_2": {"type": "BLOCK_FRONT", "material": "SUMMER_FLOWER_2", "shape": "FLOWER_2", "score": 3000, "damagedFrameCount": 1, "maxHealth": 10, "editorGroup": "EPISODE_GROUP"},
    "B_FLOWER_3": {"type": "BLOCK_FRONT", "material": "SUMMER_FLOWER_3", "shape": "FLOWER_3", "score": 3000, "damagedFrameCount": 1, "maxHealth": 10, "editorGroup": "EPISODE_GROUP"},
    "B_FLOWER_4": {"type": "BLOCK_FRONT", "material": "SUMMER_FLOWER_4", "shape": "FLOWER_4", "score": 3000, "damagedFrameCount": 1, "maxHealth": 10, "editorGroup": "EPISODE_GROUP"},
    "B_FLOWER_5": {"type": "BLOCK_FRONT", "material": "SUMMER_FLOWER_5", "shape": "FLOWER_5", "score": 3000, "damagedFrameCount": 1, "maxHealth": 10, "editorGroup": "EPISODE_GROUP"},
    "B_FLOWER_6": {"type": "BLOCK_FRONT", "material": "SUMMER_FLOWER_6", "shape": "FLOWER_6", "score": 3000, "damagedFrameCount": 1, "maxHealth": 10, "editorGroup": "EPISODE_GROUP"},
    "B_FLOWER_7": {"type": "BLOCK_FRONT", "material": "SUMMER_FLOWER_7", "shape": "FLOWER_7", "score": 3000, "damagedFrameCount": 1, "maxHealth": 10, "editorGroup": "EPISODE_GROUP"},
    "B_FLOWER_VINE_1": {"type": "BLOCK_BASIC", "material": "SUMMER_FLOWER_VINE", "shape": "FLOWER_VINE_1", "score": 100, "damagedFrameCount": 1, "maxHealth": 10, "editorGroup": "EPISODE_GROUP"},
    "B_FLOWER_VINE_2": {"type": "BLOCK_BASIC", "material": "SUMMER_FLOWER_VINE", "shape": "FLOWER_VINE_2", "score": 100, "damagedFrameCount": 1, "maxHealth": 10, "editorGroup": "EPISODE_GROUP"},
    "B_VARSI_1": {"type": "BLOCK_BASIC", "material": "SUMMER_GRASS", "shape": "VARSI_1", "score": 100, "damagedFrameCount": 1, "maxHealth": 1, "editorGroup": "EPISODE_GROUP"},
    "B_VARSI_2": {"type": "BLOCK_BASIC", "material": "SUMMER_GRASS", "shape": "VARSI_2", "score": 100, "damagedFrameCount": 1, "maxHealth": 1, "editorGroup": "EPISODE_GROUP"},
    "B_VARSI_3": {"type": "BLOCK_BASIC", "material": "SUMMER_GRASS", "shape": "VARSI_3", "score": 100, "damagedFrameCount": 1, "maxHealth": 1, "editorGroup": "EPISODE_GROUP"},
    "B_KIELO": {"type": "BLOCK_FRONT", "material": "SUMMER_GRASS", "shape": "KIELO", "score": 100, "damagedFrameCount": 1, "maxHealth": 5, "editorGroup": "EPISODE_GROUP"},
    "B_KINGCAP": {"type": "BLOCK_FRONT", "material": "SUMMER_EXTRAS", "shape": "KINGCAP", "score": 100, "damagedFrameCount": 1, "maxHealth": 10, "editorGroup": "EPISODE_GROUP"},
    "B_STICK": {"type": "BLOCK_BASIC", "material": "SUMMER_EXTRAS", "shape": "STICK", "score": 100, "damagedFrameCount": 1, "maxHealth": 1, "editorGroup": "EPISODE_GROUP"},
    "B_WINDTHING": {"type": "BLOCK_FRONT", "material": "SUMMER_WINDTHING", "shape": "WINDTHING", "score": 1000, "damagedFrameCount": 1, "maxHealth": 10, "editorGroup": "EPISODE_GROUP"},
    "B_ICECREAM_CONE": {"type": "BLOCK_FRONT", "material": "SUMMER_PICNIC_MATERIAL", "shape": "ICECREAM_CONE", "score": 100, "damagedFrameCount": 1, "maxHealth": 10, "editorGroup": "EPISODE_GROUP"},
    "B_ICECREAM_BALL": {"type": "BLOCK_BASIC", "material": "SUMMER_PICNIC_MATERIAL", "shape": "ICECREAM_BALL", "score": 100, "damagedFrameCount": 1, "maxHealth": 15, "editorGroup": "EPISODE_GROUP"},
    "B_HIPPIE_GLASSES_1": {"type": "BLOCK_FRONT", "material": "SUMMER_EXTRAS", "shape": "HIPPIE_GLASSES_1", "score": 100, "damagedFrameCount": 1, "maxHealth": 10, "editorGroup": "EPISODE_GROUP"},
    "B_HIPPIE_GLASSES_2": {"type": "BLOCK_FRONT", "material": "SUMMER_EXTRAS", "shape": "HIPPIE_GLASSES_2", "score": 100, "damagedFrameCount": 1, "maxHealth": 10, "editorGroup": "EPISODE_GROUP"},
    "B_HIPPIE_GLASSES_3": {"type": "BLOCK_FRONT", "material": "SUMMER_EXTRAS", "shape": "HIPPIE_GLASSES_3", "score": 100, "damagedFrameCount": 1, "maxHealth": 10, "editorGroup": "EPISODE_GROUP"},
    "B_LEMONADE_CAN": {"type": "BLOCK_BASIC", "material": "SUMMER_PICNIC_MATERIAL", "shape": "LEMONADE_CAN", "score": 100, "damagedFrameCount": 1, "maxHealth": 5, "editorGroup": "EPISODE_GROUP"},
    "B_FOOD_BASKET": {"type": "BLOCK_BASIC", "material": "SUMMER_PICNIC_MATERIAL", "shape": "FOOD_BASKET", "score": 100, "damagedFrameCount": 1, "maxHealth": 10, "editorGroup": "EPISODE_GROUP"},
    "B_KITE": {"type": "BLOCK_BASIC", "material": "SUMMER_EXTRAS", "shape": "KITE", "score": 100, "damagedFrameCount": 1, "maxHealth": 15, "editorGroup": "EPISODE_GROUP"},
    "B_KITE_TAIL": {"type": "BLOCK_BASIC", "material": "SUMMER_EXTRAS", "shape": "KITE_TAIL", "score": 100, "damagedFrameCount": 1, "maxHealth": 5, "editorGroup": "EPISODE_GROUP"},
    "B_EXTRA_HAT_BOWTIE_2": {"type": "BLOCK_FRONT", "material": "SUMMER_EXTRAS", "shape": "EXTRA_HAT_BOWTIE_2", "score": 1000, "damagedFrameCount": 1, "maxHealth": 10, "editorGroup": "EPISODE_GROUP"},
    "B_EXTRA_MONEY_COINS_1": {"type": "BLOCK_BASIC", "material": "SUMMER_MONEY_COINS", "shape": "EXTRA_MONEY_COINS_1", "score": 1000, "damagedFrameCount": 1, "maxHealth": 15, "editorGroup": "EPISODE_GROUP"},
    "B_EXTRA_HAT_LEPREHAT_1": {"type": "BLOCK_FRONT", "material": "SUMMER_EXTRAS", "shape": "EXTRA_HAT_LEPREHAT_1", "score": 1000, "damagedFrameCount": 1, "maxHealth": 10, "editorGroup": "EPISODE_GROUP"},

    "BLOCK_PUMPKIN_1": {"type": "BLOCK_BASIC", "material": "HALLOWEEN_PUMPKIN_1", "shape": "PUMPKIN_MEDIUM", "score": 3000, "damagedFrameCount": 1, "maxHealth": 10, "editorGroup": "EPISODE_GROUP"},
    "BLOCK_PUMPKIN_2": {"type": "BLOCK_FRONT", "material": "HALLOWEEN_PUMPKIN_2", "shape": "PUMPKIN_TOP", "score": 500, "damagedFrameCount": 1, "maxHealth": 10, "editorGroup": "EPISODE_GROUP"},
    "BLOCK_PUMPKIN_3": {"type": "BLOCK_BASIC", "material": "HALLOWEEN_PUMPKIN_3", "shape": "PUMPKIN_SMALL", "score": 500, "damagedFrameCount": 1, "maxHealth": 10, "editorGroup": "EPISODE_GROUP"},
    "BLOCK_GHOST_COSTUME": {"type": "BLOCK_FRONT", "material": "SUMMER_EXTRAS", "shape": "PUMPKIN_MEDIUM", "score": 500, "damagedFrameCount": 1, "maxHealth": 10, "editorGroup": "EPISODE_GROUP"},
    "BLOCK_PUMPKIN_PIG_1": {"type": "BLOCK_FRONT", "material": "HALLOWEEN_PUMPKIN_PIG", "shape": "PUMPKIN_MEDIUM", "score": 500, "damagedFrameCount": 1, "maxHealth": 10, "editorGroup": "EPISODE_GROUP"},
    "BLOCK_PUMPKIN_PIG_2": {"type": "BLOCK_FRONT", "material": "HALLOWEEN_PUMPKIN_PIG", "shape": "PUMPKIN_LARGE", "score": 500, "damagedFrameCount": 1, "maxHealth": 10, "editorGroup": "EPISODE_GROUP"},
    "BLOCK_LANTERN": {"type": "BLOCK_BASIC", "material": "HALLOWEEN_LANTERN", "shape": "LANTERN", "score": 500, "damagedFrameCount": 1, "maxHealth": 10, "editorGroup": "EPISODE_GROUP"},

    "B_CHINESE_GRASS": {"type": "BLOCK_BASIC", "material": "CHINESE_GRASS", "shape": "CHINESE_GRASS", "score": 500, "damagedFrameCount": 1, "maxHealth": 10, "editorGroup": "EPISODE_GROUP"},
    "B_CHINESE_HAT_1": {"type": "BLOCK_FRONT", "material": "CHINESE_HAT", "shape": "CHINESE_HAT_1", "score": 100, "damagedFrameCount": 1, "maxHealth": 10, "editorGroup": "EPISODE_GROUP"},
    "B_CHINESE_HAT_2": {"type": "BLOCK_FRONT", "material": "CHINESE_HAT", "shape": "CHINESE_HAT_2", "score": 100, "damagedFrameCount": 1, "maxHealth": 10, "editorGroup": "EPISODE_GROUP"},
    "B_CHINESE_HAT_3": {"type": "BLOCK_FRONT", "material": "CHINESE_HAT", "shape": "CHINESE_HAT_3", "score": 100, "damagedFrameCount": 1, "maxHealth": 10, "editorGroup": "EPISODE_GROUP"},
    "B_CHINESE_HAT_4": {"type": "BLOCK_FRONT", "material": "CHINESE_HAT", "shape": "CHINESE_HAT_4", "score": 100, "damagedFrameCount": 1, "maxHealth": 10, "editorGroup": "EPISODE_GROUP"},
    "B_CHINESE_HAT_5": {"type": "BLOCK_FRONT", "material": "CHINESE_HAT", "shape": "CHINESE_HAT_5", "score": 100, "damagedFrameCount": 1, "maxHealth": 10, "editorGroup": "EPISODE_GROUP"},
    "B_BUNNY_STATUE": {"type": "BLOCK_BASIC", "material": "CHINESE_BUNNY_STATUE", "shape": "BUNNY_STATUE", "score": 3000, "damagedFrameCount": 1, "maxHealth": 10, "editorGroup": "EPISODE_GROUP"},
    "B_CHINESE_TEAPOT": {"type": "BLOCK_BASIC", "material": "CHINESE_TEAPOT", "shape": "CHINESE_TEAPOT", "score": 100, "damagedFrameCount": 1, "maxHealth": 10, "editorGroup": "EPISODE_GROUP"},
    "B_CHINESE_TEACUP": {"type": "BLOCK_BASIC", "material": "CHINESE_TEACUP", "shape": "CHINESE_TEACUP", "score": 100, "damagedFrameCount": 1, "maxHealth": 10, "editorGroup": "EPISODE_GROUP"},
    "B_CHINESE_FAN_1": {"type": "BLOCK_FRONT", "material": "CHINESE_FAN", "shape": "CHINESE_FAN_1", "score": 100, "damagedFrameCount": 1, "maxHealth": 10, "editorGroup": "EPISODE_GROUP"},
    "B_CHINESE_FAN_2": {"type": "BLOCK_FRONT", "material": "CHINESE_FAN", "shape": "CHINESE_FAN_2", "score": 100, "damagedFrameCount": 1, "maxHealth": 10, "editorGroup": "EPISODE_GROUP"},
    "B_CHINESE_FAN_3": {"type": "BLOCK_FRONT", "material": "CHINESE_FAN", "shape": "CHINESE_FAN_3", "score": 100, "damagedFrameCount": 1, "maxHealth": 10, "editorGroup": "EPISODE_GROUP"},
    "B_CHINESE_FAN_4": {"type": "BLOCK_FRONT", "material": "CHINESE_FAN", "shape": "CHINESE_FAN_4", "score": 100, "damagedFrameCount": 1, "maxHealth": 10, "editorGroup": "EPISODE_GROUP"},
    "B_CHINESE_LANTERN_1": {"type": "BLOCK_BASIC", "material": "CHINESE_LANTERN_1", "shape": "CHINESE_LANTERN_1", "score": 3000, "damagedFrameCount": 1, "maxHealth": 10, "editorGroup": "EPISODE_GROUP"},
    "B_CHINESE_LANTERN_2": {"type": "BLOCK_BASIC", "material": "CHINESE_LANTERN_2", "shape": "CHINESE_LANTERN_2", "score": 3000, "damagedFrameCount": 1, "maxHealth": 10, "editorGroup": "EPISODE_GROUP"},
    "B_CHINESE_LANTERN_3": {"type": "BLOCK_BASIC", "material": "CHINESE_LANTERN_3", "shape": "CHINESE_LANTERN_3", "score": 3000, "damagedFrameCount": 1, "maxHealth": 10, "editorGroup": "EPISODE_GROUP"},
    "B_MOONCAKE_GOLD": {"type": "BLOCK_BASIC", "material": "CHINESE_MOONCAKE", "shape": "MOONCAKE", "score": 100, "damagedFrameCount": 1, "maxHealth": 10, "editorGroup": "EPISODE_GROUP"},
    "B_BRIDGE": {"type": "BLOCK_FRONT", "material": "CHINESE_BRIDGE", "shape": "CHINESE_BRIDGE", "score": 500, "damagedFrameCount": 1, "maxHealth": 10, "editorGroup": "EPISODE_GROUP"}
}