{
	"name": "FONT_AB_HEADLINE_40PX_WHITE",
	"leading": 40,
	"spacing": 1,
	"charCount": 192,
	"chars": {
		"char_0": {
			"code": 32,
			"x": 2,
			"y": 62,
			"width": 8,
			"height": 58,
			"baseline": 15
		},
		"char_1": {
			"code": 33,
			"x": 438,
			"y": 107,
			"width": 13,
			"height": 32,
			"baseline": 15
		},
		"char_2": {
			"code": 34,
			"x": 184,
			"y": 261,
			"width": 13,
			"height": 12,
			"baseline": 15
		},
		"char_3": {
			"code": 35,
			"x": 390,
			"y": 141,
			"width": 19,
			"height": 30,
			"baseline": 13
		},
		"char_4": {
			"code": 36,
			"x": 371,
			"y": 141,
			"width": 17,
			"height": 31,
			"baseline": 14
		},
		"char_5": {
			"code": 37,
			"x": 223,
			"y": 2,
			"width": 31,
			"height": 34,
			"baseline": 15
		},
		"char_6": {
			"code": 38,
			"x": 223,
			"y": 218,
			"width": 18,
			"height": 34,
			"baseline": 15
		},
		"char_7": {
			"code": 39,
			"x": 51,
			"y": 103,
			"width": 8,
			"height": 13,
			"baseline": 15
		},
		"char_8": {
			"code": 40,
			"x": 208,
			"y": 150,
			"width": 10,
			"height": 35,
			"baseline": 15
		},
		"char_9": {
			"code": 41,
			"x": 208,
			"y": 76,
			"width": 12,
			"height": 35,
			"baseline": 15
		},
		"char_10": {
			"code": 42,
			"x": 280,
			"y": 248,
			"width": 18,
			"height": 18,
			"baseline": 15
		},
		"char_11": {
			"code": 43,
			"x": 223,
			"y": 254,
			"width": 16,
			"height": 20,
			"baseline": 8
		},
		"char_12": {
			"code": 44,
			"x": 208,
			"y": 258,
			"width": 8,
			"height": 12,
			"baseline": -8
		},
		"char_13": {
			"code": 45,
			"x": 245,
			"y": 120,
			"width": 9,
			"height": 7,
			"baseline": 1
		},
		"char_14": {
			"code": 46,
			"x": 61,
			"y": 103,
			"width": 7,
			"height": 8,
			"baseline": -9
		},
		"char_15": {
			"code": 47,
			"x": 168,
			"y": 229,
			"width": 13,
			"height": 35,
			"baseline": 16
		},
		"char_16": {
			"code": 48,
			"x": 256,
			"y": 143,
			"width": 21,
			"height": 33,
			"baseline": 14
		},
		"char_17": {
			"code": 49,
			"x": 302,
			"y": 73,
			"width": 16,
			"height": 33,
			"baseline": 15
		},
		"char_18": {
			"code": 50,
			"x": 384,
			"y": 38,
			"width": 17,
			"height": 33,
			"baseline": 15
		},
		"char_19": {
			"code": 51,
			"x": 256,
			"y": 2,
			"width": 18,
			"height": 34,
			"baseline": 15
		},
		"char_20": {
			"code": 52,
			"x": 280,
			"y": 38,
			"width": 20,
			"height": 33,
			"baseline": 15
		},
		"char_21": {
			"code": 53,
			"x": 461,
			"y": 73,
			"width": 17,
			"height": 32,
			"baseline": 15
		},
		"char_22": {
			"code": 54,
			"x": 280,
			"y": 143,
			"width": 19,
			"height": 33,
			"baseline": 15
		},
		"char_23": {
			"code": 55,
			"x": 344,
			"y": 38,
			"width": 18,
			"height": 33,
			"baseline": 15
		},
		"char_24": {
			"code": 56,
			"x": 223,
			"y": 110,
			"width": 20,
			"height": 34,
			"baseline": 15
		},
		"char_25": {
			"code": 57,
			"x": 95,
			"y": 239,
			"width": 20,
			"height": 35,
			"baseline": 17
		},
		"char_26": {
			"code": 58,
			"x": 246,
			"y": 74,
			"width": 8,
			"height": 23,
			"baseline": 5
		},
		"char_27": {
			"code": 59,
			"x": 58,
			"y": 245,
			"width": 8,
			"height": 25,
			"baseline": 4
		},
		"char_28": {
			"code": 60,
			"x": 208,
			"y": 187,
			"width": 13,
			"height": 34,
			"baseline": 15
		},
		"char_29": {
			"code": 61,
			"x": 38,
			"y": 103,
			"width": 11,
			"height": 15,
			"baseline": 4
		},
		"char_30": {
			"code": 62,
			"x": 313,
			"y": 2,
			"width": 14,
			"height": 34,
			"baseline": 15
		},
		"char_31": {
			"code": 63,
			"x": 364,
			"y": 38,
			"width": 18,
			"height": 33,
			"baseline": 15
		},
		"char_32": {
			"code": 64,
			"x": 436,
			"y": 2,
			"width": 23,
			"height": 33,
			"baseline": 15
		},
		"char_33": {
			"code": 65,
			"x": 461,
			"y": 2,
			"width": 23,
			"height": 33,
			"baseline": 15
		},
		"char_34": {
			"code": 66,
			"x": 223,
			"y": 38,
			"width": 22,
			"height": 34,
			"baseline": 15
		},
		"char_35": {
			"code": 67,
			"x": 403,
			"y": 38,
			"width": 17,
			"height": 33,
			"baseline": 15
		},
		"char_36": {
			"code": 68,
			"x": 256,
			"y": 38,
			"width": 22,
			"height": 33,
			"baseline": 15
		},
		"char_37": {
			"code": 69,
			"x": 295,
			"y": 2,
			"width": 16,
			"height": 34,
			"baseline": 15
		},
		"char_38": {
			"code": 70,
			"x": 422,
			"y": 38,
			"width": 17,
			"height": 33,
			"baseline": 15
		},
		"char_39": {
			"code": 71,
			"x": 280,
			"y": 73,
			"width": 20,
			"height": 33,
			"baseline": 14
		},
		"char_40": {
			"code": 72,
			"x": 256,
			"y": 178,
			"width": 21,
			"height": 33,
			"baseline": 15
		},
		"char_41": {
			"code": 73,
			"x": 131,
			"y": 158,
			"width": 8,
			"height": 33,
			"baseline": 15
		},
		"char_42": {
			"code": 74,
			"x": 302,
			"y": 108,
			"width": 16,
			"height": 33,
			"baseline": 15
		},
		"char_43": {
			"code": 75,
			"x": 397,
			"y": 73,
			"width": 20,
			"height": 32,
			"baseline": 14
		},
		"char_44": {
			"code": 76,
			"x": 329,
			"y": 2,
			"width": 14,
			"height": 34,
			"baseline": 15
		},
		"char_45": {
			"code": 77,
			"x": 378,
			"y": 2,
			"width": 30,
			"height": 33,
			"baseline": 15
		},
		"char_46": {
			"code": 78,
			"x": 419,
			"y": 73,
			"width": 19,
			"height": 32,
			"baseline": 14
		},
		"char_47": {
			"code": 79,
			"x": 256,
			"y": 73,
			"width": 22,
			"height": 33,
			"baseline": 15
		},
		"char_48": {
			"code": 80,
			"x": 280,
			"y": 108,
			"width": 20,
			"height": 33,
			"baseline": 15
		},
		"char_49": {
			"code": 81,
			"x": 486,
			"y": 2,
			"width": 23,
			"height": 33,
			"baseline": 14
		},
		"char_50": {
			"code": 82,
			"x": 351,
			"y": 73,
			"width": 21,
			"height": 32,
			"baseline": 15
		},
		"char_51": {
			"code": 83,
			"x": 223,
			"y": 146,
			"width": 20,
			"height": 34,
			"baseline": 15
		},
		"char_52": {
			"code": 84,
			"x": 440,
			"y": 73,
			"width": 19,
			"height": 32,
			"baseline": 15
		},
		"char_53": {
			"code": 85,
			"x": 374,
			"y": 73,
			"width": 21,
			"height": 32,
			"baseline": 15
		},
		"char_54": {
			"code": 86,
			"x": 70,
			"y": 242,
			"width": 22,
			"height": 32,
			"baseline": 14
		},
		"char_55": {
			"code": 87,
			"x": 320,
			"y": 73,
			"width": 29,
			"height": 32,
			"baseline": 15
		},
		"char_56": {
			"code": 88,
			"x": 280,
			"y": 178,
			"width": 19,
			"height": 33,
			"baseline": 15
		},
		"char_57": {
			"code": 89,
			"x": 223,
			"y": 74,
			"width": 21,
			"height": 34,
			"baseline": 15
		},
		"char_58": {
			"code": 90,
			"x": 441,
			"y": 38,
			"width": 17,
			"height": 33,
			"baseline": 15
		},
		"char_59": {
			"code": 91,
			"x": 243,
			"y": 218,
			"width": 11,
			"height": 33,
			"baseline": 14
		},
		"char_60": {
			"code": 92,
			"x": 302,
			"y": 178,
			"width": 14,
			"height": 33,
			"baseline": 14
		},
		"char_61": {
			"code": 93,
			"x": 498,
			"y": 38,
			"width": 11,
			"height": 33,
			"baseline": 15
		},
		"char_62": {
			"code": 94,
			"x": 12,
			"y": 103,
			"width": 18,
			"height": 16,
			"baseline": 14
		},
		"char_63": {
			"code": 95,
			"x": 415,
			"y": 260,
			"width": 18,
			"height": 8,
			"baseline": -10
		},
		"char_64": {
			"code": 96,
			"x": 245,
			"y": 129,
			"width": 9,
			"height": 7,
			"baseline": 14
		},
		"char_65": {
			"code": 97,
			"x": 390,
			"y": 202,
			"width": 20,
			"height": 27,
			"baseline": 9
		},
		"char_66": {
			"code": 98,
			"x": 437,
			"y": 173,
			"width": 18,
			"height": 27,
			"baseline": 9
		},
		"char_67": {
			"code": 99,
			"x": 474,
			"y": 202,
			"width": 14,
			"height": 27,
			"baseline": 9
		},
		"char_68": {
			"code": 100,
			"x": 2,
			"y": 245,
			"width": 19,
			"height": 28,
			"baseline": 9
		},
		"char_69": {
			"code": 101,
			"x": 497,
			"y": 107,
			"width": 13,
			"height": 27,
			"baseline": 9
		},
		"char_70": {
			"code": 102,
			"x": 256,
			"y": 248,
			"width": 14,
			"height": 26,
			"baseline": 8
		},
		"char_71": {
			"code": 103,
			"x": 371,
			"y": 206,
			"width": 17,
			"height": 27,
			"baseline": 9
		},
		"char_72": {
			"code": 104,
			"x": 457,
			"y": 173,
			"width": 18,
			"height": 27,
			"baseline": 9
		},
		"char_73": {
			"code": 105,
			"x": 25,
			"y": 245,
			"width": 8,
			"height": 27,
			"baseline": 9
		},
		"char_74": {
			"code": 106,
			"x": 320,
			"y": 243,
			"width": 14,
			"height": 28,
			"baseline": 9
		},
		"char_75": {
			"code": 107,
			"x": 371,
			"y": 235,
			"width": 17,
			"height": 27,
			"baseline": 9
		},
		"char_76": {
			"code": 108,
			"x": 337,
			"y": 243,
			"width": 13,
			"height": 28,
			"baseline": 9
		},
		"char_77": {
			"code": 109,
			"x": 390,
			"y": 173,
			"width": 23,
			"height": 27,
			"baseline": 9
		},
		"char_78": {
			"code": 110,
			"x": 390,
			"y": 231,
			"width": 20,
			"height": 27,
			"baseline": 9
		},
		"char_79": {
			"code": 111,
			"x": 415,
			"y": 173,
			"width": 20,
			"height": 27,
			"baseline": 9
		},
		"char_80": {
			"code": 112,
			"x": 37,
			"y": 245,
			"width": 19,
			"height": 28,
			"baseline": 10
		},
		"char_81": {
			"code": 113,
			"x": 411,
			"y": 141,
			"width": 18,
			"height": 28,
			"baseline": 9
		},
		"char_82": {
			"code": 114,
			"x": 415,
			"y": 202,
			"width": 19,
			"height": 27,
			"baseline": 9
		},
		"char_83": {
			"code": 115,
			"x": 302,
			"y": 247,
			"width": 16,
			"height": 27,
			"baseline": 9
		},
		"char_84": {
			"code": 116,
			"x": 437,
			"y": 202,
			"width": 17,
			"height": 27,
			"baseline": 9
		},
		"char_85": {
			"code": 117,
			"x": 415,
			"y": 231,
			"width": 19,
			"height": 27,
			"baseline": 9
		},
		"char_86": {
			"code": 118,
			"x": 488,
			"y": 141,
			"width": 21,
			"height": 27,
			"baseline": 9
		},
		"char_87": {
			"code": 119,
			"x": 460,
			"y": 141,
			"width": 26,
			"height": 27,
			"baseline": 9
		},
		"char_88": {
			"code": 120,
			"x": 437,
			"y": 231,
			"width": 16,
			"height": 27,
			"baseline": 9
		},
		"char_89": {
			"code": 121,
			"x": 477,
			"y": 173,
			"width": 18,
			"height": 27,
			"baseline": 9
		},
		"char_90": {
			"code": 122,
			"x": 354,
			"y": 243,
			"width": 15,
			"height": 27,
			"baseline": 9
		},
		"char_91": {
			"code": 123,
			"x": 168,
			"y": 192,
			"width": 14,
			"height": 35,
			"baseline": 15
		},
		"char_92": {
			"code": 124,
			"x": 247,
			"y": 38,
			"width": 7,
			"height": 31,
			"baseline": 14
		},
		"char_93": {
			"code": 125,
			"x": 208,
			"y": 2,
			"width": 13,
			"height": 35,
			"baseline": 15
		},
		"char_94": {
			"code": 126,
			"x": 390,
			"y": 260,
			"width": 22,
			"height": 11,
			"baseline": 13
		},
		"char_95": {
			"code": 160,
			"x": 2,
			"y": 2,
			"width": 66,
			"height": 58,
			"baseline": 15
		},
		"char_96": {
			"code": 161,
			"x": 208,
			"y": 223,
			"width": 13,
			"height": 33,
			"baseline": 15
		},
		"char_97": {
			"code": 162,
			"x": 422,
			"y": 107,
			"width": 14,
			"height": 32,
			"baseline": 15
		},
		"char_98": {
			"code": 163,
			"x": 480,
			"y": 73,
			"width": 17,
			"height": 32,
			"baseline": 14
		},
		"char_99": {
			"code": 164,
			"x": 302,
			"y": 213,
			"width": 15,
			"height": 32,
			"baseline": 15
		},
		"char_100": {
			"code": 165,
			"x": 256,
			"y": 108,
			"width": 22,
			"height": 33,
			"baseline": 15
		},
		"char_101": {
			"code": 166,
			"x": 320,
			"y": 107,
			"width": 15,
			"height": 32,
			"baseline": 15
		},
		"char_102": {
			"code": 167,
			"x": 280,
			"y": 213,
			"width": 19,
			"height": 33,
			"baseline": 15
		},
		"char_103": {
			"code": 168,
			"x": 168,
			"y": 266,
			"width": 14,
			"height": 8,
			"baseline": 14
		},
		"char_104": {
			"code": 169,
			"x": 453,
			"y": 107,
			"width": 20,
			"height": 31,
			"baseline": 13
		},
		"char_105": {
			"code": 170,
			"x": 460,
			"y": 38,
			"width": 17,
			"height": 33,
			"baseline": 15
		},
		"char_106": {
			"code": 171,
			"x": 456,
			"y": 231,
			"width": 23,
			"height": 24,
			"baseline": 10
		},
		"char_107": {
			"code": 172,
			"x": 481,
			"y": 257,
			"width": 28,
			"height": 13,
			"baseline": 2
		},
		"char_108": {
			"code": 173,
			"x": 320,
			"y": 141,
			"width": 15,
			"height": 32,
			"baseline": 15
		},
		"char_109": {
			"code": 174,
			"x": 475,
			"y": 107,
			"width": 20,
			"height": 31,
			"baseline": 13
		},
		"char_110": {
			"code": 175,
			"x": 320,
			"y": 175,
			"width": 15,
			"height": 32,
			"baseline": 15
		},
		"char_111": {
			"code": 176,
			"x": 241,
			"y": 254,
			"width": 13,
			"height": 18,
			"baseline": 15
		},
		"char_112": {
			"code": 177,
			"x": 371,
			"y": 174,
			"width": 17,
			"height": 30,
			"baseline": 12
		},
		"char_113": {
			"code": 178,
			"x": 320,
			"y": 209,
			"width": 15,
			"height": 32,
			"baseline": 15
		},
		"char_114": {
			"code": 179,
			"x": 337,
			"y": 107,
			"width": 15,
			"height": 32,
			"baseline": 15
		},
		"char_115": {
			"code": 180,
			"x": 245,
			"y": 110,
			"width": 9,
			"height": 8,
			"baseline": 15
		},
		"char_116": {
			"code": 181,
			"x": 256,
			"y": 213,
			"width": 21,
			"height": 33,
			"baseline": 15
		},
		"char_117": {
			"code": 182,
			"x": 410,
			"y": 2,
			"width": 24,
			"height": 33,
			"baseline": 15
		},
		"char_118": {
			"code": 183,
			"x": 61,
			"y": 113,
			"width": 6,
			"height": 7,
			"baseline": 2
		},
		"char_119": {
			"code": 184,
			"x": 499,
			"y": 73,
			"width": 11,
			"height": 10,
			"baseline": -13
		},
		"char_120": {
			"code": 185,
			"x": 337,
			"y": 141,
			"width": 15,
			"height": 32,
			"baseline": 15
		},
		"char_121": {
			"code": 186,
			"x": 302,
			"y": 38,
			"width": 19,
			"height": 33,
			"baseline": 15
		},
		"char_122": {
			"code": 187,
			"x": 481,
			"y": 231,
			"width": 23,
			"height": 24,
			"baseline": 10
		},
		"char_123": {
			"code": 188,
			"x": 337,
			"y": 175,
			"width": 15,
			"height": 32,
			"baseline": 15
		},
		"char_124": {
			"code": 189,
			"x": 337,
			"y": 209,
			"width": 15,
			"height": 32,
			"baseline": 15
		},
		"char_125": {
			"code": 190,
			"x": 354,
			"y": 107,
			"width": 15,
			"height": 32,
			"baseline": 15
		},
		"char_126": {
			"code": 191,
			"x": 479,
			"y": 38,
			"width": 17,
			"height": 33,
			"baseline": 15
		},
		"char_127": {
			"code": 192,
			"x": 70,
			"y": 2,
			"width": 23,
			"height": 38,
			"baseline": 20
		},
		"char_128": {
			"code": 193,
			"x": 2,
			"y": 122,
			"width": 23,
			"height": 39,
			"baseline": 21
		},
		"char_129": {
			"code": 194,
			"x": 27,
			"y": 122,
			"width": 23,
			"height": 39,
			"baseline": 21
		},
		"char_130": {
			"code": 195,
			"x": 12,
			"y": 62,
			"width": 24,
			"height": 39,
			"baseline": 21
		},
		"char_131": {
			"code": 196,
			"x": 38,
			"y": 62,
			"width": 24,
			"height": 39,
			"baseline": 21
		},
		"char_132": {
			"code": 197,
			"x": 142,
			"y": 2,
			"width": 24,
			"height": 36,
			"baseline": 18
		},
		"char_133": {
			"code": 198,
			"x": 345,
			"y": 2,
			"width": 31,
			"height": 33,
			"baseline": 15
		},
		"char_134": {
			"code": 199,
			"x": 118,
			"y": 80,
			"width": 17,
			"height": 37,
			"baseline": 14
		},
		"char_135": {
			"code": 200,
			"x": 49,
			"y": 204,
			"width": 16,
			"height": 38,
			"baseline": 20
		},
		"char_136": {
			"code": 201,
			"x": 52,
			"y": 122,
			"width": 16,
			"height": 39,
			"baseline": 21
		},
		"char_137": {
			"code": 202,
			"x": 95,
			"y": 42,
			"width": 16,
			"height": 38,
			"baseline": 20
		},
		"char_138": {
			"code": 203,
			"x": 95,
			"y": 82,
			"width": 16,
			"height": 38,
			"baseline": 20
		},
		"char_139": {
			"code": 204,
			"x": 25,
			"y": 204,
			"width": 10,
			"height": 39,
			"baseline": 21
		},
		"char_140": {
			"code": 205,
			"x": 37,
			"y": 204,
			"width": 10,
			"height": 39,
			"baseline": 21
		},
		"char_141": {
			"code": 206,
			"x": 49,
			"y": 163,
			"width": 13,
			"height": 39,
			"baseline": 21
		},
		"char_142": {
			"code": 207,
			"x": 118,
			"y": 158,
			"width": 11,
			"height": 37,
			"baseline": 19
		},
		"char_143": {
			"code": 208,
			"x": 354,
			"y": 141,
			"width": 15,
			"height": 32,
			"baseline": 15
		},
		"char_144": {
			"code": 209,
			"x": 26,
			"y": 163,
			"width": 21,
			"height": 39,
			"baseline": 21
		},
		"char_145": {
			"code": 210,
			"x": 70,
			"y": 82,
			"width": 21,
			"height": 38,
			"baseline": 20
		},
		"char_146": {
			"code": 211,
			"x": 70,
			"y": 122,
			"width": 21,
			"height": 38,
			"baseline": 20
		},
		"char_147": {
			"code": 212,
			"x": 70,
			"y": 162,
			"width": 21,
			"height": 38,
			"baseline": 20
		},
		"char_148": {
			"code": 213,
			"x": 2,
			"y": 204,
			"width": 21,
			"height": 39,
			"baseline": 21
		},
		"char_149": {
			"code": 214,
			"x": 70,
			"y": 42,
			"width": 22,
			"height": 38,
			"baseline": 20
		},
		"char_150": {
			"code": 215,
			"x": 354,
			"y": 175,
			"width": 15,
			"height": 32,
			"baseline": 15
		},
		"char_151": {
			"code": 216,
			"x": 118,
			"y": 197,
			"width": 21,
			"height": 36,
			"baseline": 17
		},
		"char_152": {
			"code": 217,
			"x": 95,
			"y": 122,
			"width": 21,
			"height": 37,
			"baseline": 20
		},
		"char_153": {
			"code": 218,
			"x": 70,
			"y": 202,
			"width": 21,
			"height": 38,
			"baseline": 21
		},
		"char_154": {
			"code": 219,
			"x": 95,
			"y": 2,
			"width": 21,
			"height": 38,
			"baseline": 21
		},
		"char_155": {
			"code": 220,
			"x": 118,
			"y": 2,
			"width": 22,
			"height": 37,
			"baseline": 20
		},
		"char_156": {
			"code": 221,
			"x": 2,
			"y": 163,
			"width": 22,
			"height": 39,
			"baseline": 20
		},
		"char_157": {
			"code": 222,
			"x": 354,
			"y": 209,
			"width": 15,
			"height": 32,
			"baseline": 15
		},
		"char_158": {
			"code": 223,
			"x": 184,
			"y": 2,
			"width": 22,
			"height": 35,
			"baseline": 15
		},
		"char_159": {
			"code": 224,
			"x": 142,
			"y": 116,
			"width": 19,
			"height": 36,
			"baseline": 18
		},
		"char_160": {
			"code": 225,
			"x": 142,
			"y": 154,
			"width": 19,
			"height": 36,
			"baseline": 18
		},
		"char_161": {
			"code": 226,
			"x": 95,
			"y": 200,
			"width": 19,
			"height": 37,
			"baseline": 19
		},
		"char_162": {
			"code": 227,
			"x": 184,
			"y": 39,
			"width": 20,
			"height": 35,
			"baseline": 17
		},
		"char_163": {
			"code": 228,
			"x": 184,
			"y": 76,
			"width": 20,
			"height": 35,
			"baseline": 17
		},
		"char_164": {
			"code": 229,
			"x": 223,
			"y": 182,
			"width": 20,
			"height": 34,
			"baseline": 16
		},
		"char_165": {
			"code": 230,
			"x": 431,
			"y": 141,
			"width": 27,
			"height": 27,
			"baseline": 9
		},
		"char_166": {
			"code": 231,
			"x": 302,
			"y": 143,
			"width": 15,
			"height": 33,
			"baseline": 9
		},
		"char_167": {
			"code": 232,
			"x": 118,
			"y": 119,
			"width": 14,
			"height": 37,
			"baseline": 18
		},
		"char_168": {
			"code": 233,
			"x": 168,
			"y": 40,
			"width": 13,
			"height": 36,
			"baseline": 18
		},
		"char_169": {
			"code": 234,
			"x": 208,
			"y": 39,
			"width": 13,
			"height": 35,
			"baseline": 16
		},
		"char_170": {
			"code": 235,
			"x": 168,
			"y": 2,
			"width": 14,
			"height": 36,
			"baseline": 17
		},
		"char_171": {
			"code": 236,
			"x": 168,
			"y": 116,
			"width": 11,
			"height": 36,
			"baseline": 17
		},
		"char_172": {
			"code": 237,
			"x": 168,
			"y": 154,
			"width": 10,
			"height": 36,
			"baseline": 18
		},
		"char_173": {
			"code": 238,
			"x": 168,
			"y": 78,
			"width": 12,
			"height": 36,
			"baseline": 17
		},
		"char_174": {
			"code": 239,
			"x": 208,
			"y": 113,
			"width": 12,
			"height": 35,
			"baseline": 17
		},
		"char_175": {
			"code": 240,
			"x": 371,
			"y": 107,
			"width": 15,
			"height": 32,
			"baseline": 15
		},
		"char_176": {
			"code": 241,
			"x": 118,
			"y": 235,
			"width": 20,
			"height": 36,
			"baseline": 17
		},
		"char_177": {
			"code": 242,
			"x": 142,
			"y": 192,
			"width": 19,
			"height": 36,
			"baseline": 18
		},
		"char_178": {
			"code": 243,
			"x": 142,
			"y": 230,
			"width": 19,
			"height": 36,
			"baseline": 18
		},
		"char_179": {
			"code": 244,
			"x": 118,
			"y": 41,
			"width": 19,
			"height": 37,
			"baseline": 19
		},
		"char_180": {
			"code": 245,
			"x": 184,
			"y": 150,
			"width": 19,
			"height": 35,
			"baseline": 17
		},
		"char_181": {
			"code": 246,
			"x": 184,
			"y": 187,
			"width": 19,
			"height": 35,
			"baseline": 17
		},
		"char_182": {
			"code": 247,
			"x": 456,
			"y": 202,
			"width": 16,
			"height": 27,
			"baseline": 12
		},
		"char_183": {
			"code": 248,
			"x": 323,
			"y": 38,
			"width": 19,
			"height": 33,
			"baseline": 12
		},
		"char_184": {
			"code": 249,
			"x": 142,
			"y": 40,
			"width": 20,
			"height": 36,
			"baseline": 18
		},
		"char_185": {
			"code": 250,
			"x": 142,
			"y": 78,
			"width": 20,
			"height": 36,
			"baseline": 18
		},
		"char_186": {
			"code": 251,
			"x": 95,
			"y": 161,
			"width": 20,
			"height": 37,
			"baseline": 20
		},
		"char_187": {
			"code": 252,
			"x": 184,
			"y": 113,
			"width": 20,
			"height": 35,
			"baseline": 17
		},
		"char_188": {
			"code": 253,
			"x": 184,
			"y": 224,
			"width": 17,
			"height": 35,
			"baseline": 18
		},
		"char_189": {
			"code": 254,
			"x": 388,
			"y": 107,
			"width": 15,
			"height": 32,
			"baseline": 15
		},
		"char_190": {
			"code": 255,
			"x": 276,
			"y": 2,
			"width": 17,
			"height": 34,
			"baseline": 17
		},
		"char_191": {
			"code": 256,
			"x": 405,
			"y": 107,
			"width": 15,
			"height": 32,
			"baseline": 15
		}
	}
}
