{
	"name": "FONT_BASIC_CYRILLIC",
	"leading": 56,
	"spacing": 1,
	"charCount": 66,
	"chars": {
		"char_0": {
			"code": 1097,
			"x": 2,
			"y": 192,
			"width": 29,
			"height": 28,
			"baseline": 20
		},
		"char_1": {
			"code": 1083,
			"x": 180,
			"y": 122,
			"width": 21,
			"height": 23,
			"baseline": 20
		},
		"char_2": {
			"code": 1070,
			"x": 33,
			"y": 139,
			"width": 33,
			"height": 30,
			"baseline": 27
		},
		"char_3": {
			"code": 1050,
			"x": 176,
			"y": 34,
			"width": 22,
			"height": 29,
			"baseline": 26
		},
		"char_4": {
			"code": 1085,
			"x": 180,
			"y": 172,
			"width": 20,
			"height": 23,
			"baseline": 20
		},
		"char_5": {
			"code": 1103,
			"x": 223,
			"y": 172,
			"width": 19,
			"height": 23,
			"baseline": 20
		},
		"char_6": {
			"code": 1047,
			"x": 118,
			"y": 2,
			"width": 21,
			"height": 30,
			"baseline": 27
		},
		"char_7": {
			"code": 1076,
			"x": 207,
			"y": 65,
			"width": 23,
			"height": 28,
			"baseline": 20
		},
		"char_8": {
			"code": 1098,
			"x": 151,
			"y": 172,
			"width": 23,
			"height": 23,
			"baseline": 20
		},
		"char_9": {
			"code": 1095,
			"x": 202,
			"y": 172,
			"width": 19,
			"height": 23,
			"baseline": 20
		},
		"char_10": {
			"code": 1105,
			"x": 143,
			"y": 65,
			"width": 20,
			"height": 29,
			"baseline": 26
		},
		"char_11": {
			"code": 1044,
			"x": 2,
			"y": 81,
			"width": 27,
			"height": 35,
			"baseline": 26
		},
		"char_12": {
			"code": 1061,
			"x": 150,
			"y": 34,
			"width": 24,
			"height": 29,
			"baseline": 26
		},
		"char_13": {
			"code": 1060,
			"x": 68,
			"y": 34,
			"width": 27,
			"height": 29,
			"baseline": 26
		},
		"char_14": {
			"code": 1040,
			"x": 68,
			"y": 127,
			"width": 25,
			"height": 29,
			"baseline": 26
		},
		"char_15": {
			"code": 1053,
			"x": 200,
			"y": 34,
			"width": 22,
			"height": 29,
			"baseline": 26
		},
		"char_16": {
			"code": 1081,
			"x": 33,
			"y": 39,
			"width": 20,
			"height": 32,
			"baseline": 29
		},
		"char_17": {
			"code": 1068,
			"x": 121,
			"y": 65,
			"width": 20,
			"height": 29,
			"baseline": 26
		},
		"char_18": {
			"code": 1056,
			"x": 186,
			"y": 65,
			"width": 19,
			"height": 29,
			"baseline": 26
		},
		"char_19": {
			"code": 1089,
			"x": 171,
			"y": 96,
			"width": 18,
			"height": 24,
			"baseline": 21
		},
		"char_20": {
			"code": 1096,
			"x": 151,
			"y": 122,
			"width": 27,
			"height": 23,
			"baseline": 20
		},
		"char_21": {
			"code": 1102,
			"x": 121,
			"y": 96,
			"width": 28,
			"height": 24,
			"baseline": 21
		},
		"char_22": {
			"code": 1042,
			"x": 97,
			"y": 127,
			"width": 21,
			"height": 29,
			"baseline": 26
		},
		"char_23": {
			"code": 1101,
			"x": 191,
			"y": 96,
			"width": 18,
			"height": 24,
			"baseline": 21
		},
		"char_24": {
			"code": 1048,
			"x": 97,
			"y": 158,
			"width": 21,
			"height": 29,
			"baseline": 26
		},
		"char_25": {
			"code": 1082,
			"x": 223,
			"y": 147,
			"width": 19,
			"height": 23,
			"baseline": 20
		},
		"char_26": {
			"code": 1041,
			"x": 97,
			"y": 96,
			"width": 21,
			"height": 29,
			"baseline": 26
		},
		"char_27": {
			"code": 1073,
			"x": 33,
			"y": 73,
			"width": 21,
			"height": 31,
			"baseline": 28
		},
		"char_28": {
			"code": 1090,
			"x": 203,
			"y": 122,
			"width": 21,
			"height": 23,
			"baseline": 20
		},
		"char_29": {
			"code": 1072,
			"x": 121,
			"y": 174,
			"width": 19,
			"height": 24,
			"baseline": 21
		},
		"char_30": {
			"code": 1092,
			"x": 2,
			"y": 2,
			"width": 29,
			"height": 38,
			"baseline": 28
		},
		"char_31": {
			"code": 1088,
			"x": 33,
			"y": 106,
			"width": 20,
			"height": 31,
			"baseline": 21
		},
		"char_32": {
			"code": 1084,
			"x": 151,
			"y": 197,
			"width": 22,
			"height": 23,
			"baseline": 20
		},
		"char_33": {
			"code": 1049,
			"x": 2,
			"y": 42,
			"width": 21,
			"height": 37,
			"baseline": 34
		},
		"char_34": {
			"code": 1065,
			"x": 33,
			"y": 2,
			"width": 33,
			"height": 35,
			"baseline": 26
		},
		"char_35": {
			"code": 1094,
			"x": 232,
			"y": 65,
			"width": 21,
			"height": 28,
			"baseline": 20
		},
		"char_36": {
			"code": 1045,
			"x": 234,
			"y": 2,
			"width": 20,
			"height": 29,
			"baseline": 26
		},
		"char_37": {
			"code": 1079,
			"x": 151,
			"y": 96,
			"width": 18,
			"height": 24,
			"baseline": 21
		},
		"char_38": {
			"code": 1046,
			"x": 164,
			"y": 2,
			"width": 35,
			"height": 29,
			"baseline": 26
		},
		"char_39": {
			"code": 1087,
			"x": 180,
			"y": 197,
			"width": 20,
			"height": 23,
			"baseline": 20
		},
		"char_40": {
			"code": 1062,
			"x": 2,
			"y": 118,
			"width": 24,
			"height": 35,
			"baseline": 26
		},
		"char_41": {
			"code": 1071,
			"x": 97,
			"y": 65,
			"width": 22,
			"height": 29,
			"baseline": 26
		},
		"char_42": {
			"code": 1080,
			"x": 180,
			"y": 147,
			"width": 20,
			"height": 23,
			"baseline": 20
		},
		"char_43": {
			"code": 1025,
			"x": 2,
			"y": 155,
			"width": 20,
			"height": 35,
			"baseline": 32
		},
		"char_44": {
			"code": 1054,
			"x": 33,
			"y": 171,
			"width": 27,
			"height": 30,
			"baseline": 27
		},
		"char_45": {
			"code": 1059,
			"x": 124,
			"y": 34,
			"width": 24,
			"height": 29,
			"baseline": 26
		},
		"char_46": {
			"code": 1058,
			"x": 97,
			"y": 34,
			"width": 25,
			"height": 29,
			"baseline": 26
		},
		"char_47": {
			"code": 1091,
			"x": 141,
			"y": 2,
			"width": 21,
			"height": 30,
			"baseline": 20
		},
		"char_48": {
			"code": 1064,
			"x": 201,
			"y": 2,
			"width": 31,
			"height": 29,
			"baseline": 26
		},
		"char_49": {
			"code": 1066,
			"x": 68,
			"y": 65,
			"width": 27,
			"height": 29,
			"baseline": 26
		},
		"char_50": {
			"code": 1074,
			"x": 202,
			"y": 147,
			"width": 19,
			"height": 23,
			"baseline": 20
		},
		"char_51": {
			"code": 1100,
			"x": 202,
			"y": 197,
			"width": 19,
			"height": 23,
			"baseline": 20
		},
		"char_52": {
			"code": 1055,
			"x": 224,
			"y": 34,
			"width": 22,
			"height": 29,
			"baseline": 26
		},
		"char_53": {
			"code": 1075,
			"x": 223,
			"y": 197,
			"width": 17,
			"height": 23,
			"baseline": 20
		},
		"char_54": {
			"code": 1069,
			"x": 93,
			"y": 2,
			"width": 23,
			"height": 30,
			"baseline": 27
		},
		"char_55": {
			"code": 1043,
			"x": 165,
			"y": 65,
			"width": 19,
			"height": 29,
			"baseline": 26
		},
		"char_56": {
			"code": 1093,
			"x": 226,
			"y": 122,
			"width": 21,
			"height": 23,
			"baseline": 20
		},
		"char_57": {
			"code": 1051,
			"x": 68,
			"y": 158,
			"width": 25,
			"height": 29,
			"baseline": 26
		},
		"char_58": {
			"code": 1078,
			"x": 211,
			"y": 96,
			"width": 29,
			"height": 23,
			"baseline": 20
		},
		"char_59": {
			"code": 1057,
			"x": 68,
			"y": 2,
			"width": 23,
			"height": 30,
			"baseline": 27
		},
		"char_60": {
			"code": 1052,
			"x": 68,
			"y": 189,
			"width": 25,
			"height": 29,
			"baseline": 26
		},
		"char_61": {
			"code": 1063,
			"x": 97,
			"y": 189,
			"width": 21,
			"height": 29,
			"baseline": 26
		},
		"char_62": {
			"code": 1099,
			"x": 151,
			"y": 147,
			"width": 24,
			"height": 23,
			"baseline": 20
		},
		"char_63": {
			"code": 1086,
			"x": 121,
			"y": 122,
			"width": 21,
			"height": 24,
			"baseline": 21
		},
		"char_64": {
			"code": 1067,
			"x": 68,
			"y": 96,
			"width": 26,
			"height": 29,
			"baseline": 26
		},
		"char_65": {
			"code": 1077,
			"x": 121,
			"y": 148,
			"width": 20,
			"height": 24,
			"baseline": 21
		}
	}
}
