{
	"name": "FONT_BIG_NUMBERS_N900",
	"leading": 100,
	"spacing": -2,
	"charCount": 37,
	"chars": {
		"char_0": {
			"code": 32,
			"x": 2,
			"y": 265,
			"width": 28,
			"height": 33,
			"baseline": 31
		},
		"char_1": {
			"code": 33,
			"x": 71,
			"y": 173,
			"width": 28,
			"height": 77,
			"baseline": 71
		},
		"char_2": {
			"code": 34,
			"x": 32,
			"y": 265,
			"width": 32,
			"height": 31,
			"baseline": 68
		},
		"char_3": {
			"code": 35,
			"x": 2,
			"y": 2,
			"width": 67,
			"height": 89,
			"baseline": 75
		},
		"char_4": {
			"code": 36,
			"x": 2,
			"y": 93,
			"width": 41,
			"height": 89,
			"baseline": 75
		},
		"char_5": {
			"code": 37,
			"x": 156,
			"y": 83,
			"width": 57,
			"height": 75,
			"baseline": 70
		},
		"char_6": {
			"code": 39,
			"x": 45,
			"y": 150,
			"width": 19,
			"height": 31,
			"baseline": 67
		},
		"char_7": {
			"code": 40,
			"x": 101,
			"y": 173,
			"width": 29,
			"height": 76,
			"baseline": 70
		},
		"char_8": {
			"code": 41,
			"x": 156,
			"y": 160,
			"width": 29,
			"height": 75,
			"baseline": 71
		},
		"char_9": {
			"code": 42,
			"x": 71,
			"y": 88,
			"width": 70,
			"height": 83,
			"baseline": 68
		},
		"char_10": {
			"code": 43,
			"x": 243,
			"y": 232,
			"width": 38,
			"height": 39,
			"baseline": 50
		},
		"char_11": {
			"code": 44,
			"x": 215,
			"y": 83,
			"width": 25,
			"height": 28,
			"baseline": 16
		},
		"char_12": {
			"code": 45,
			"x": 156,
			"y": 283,
			"width": 35,
			"height": 18,
			"baseline": 40
		},
		"char_13": {
			"code": 46,
			"x": 132,
			"y": 173,
			"width": 21,
			"height": 18,
			"baseline": 13
		},
		"char_14": {
			"code": 47,
			"x": 471,
			"y": 2,
			"width": 36,
			"height": 73,
			"baseline": 68
		},
		"char_15": {
			"code": 48,
			"x": 291,
			"y": 155,
			"width": 49,
			"height": 72,
			"baseline": 67
		},
		"char_16": {
			"code": 49,
			"x": 391,
			"y": 155,
			"width": 30,
			"height": 72,
			"baseline": 67
		},
		"char_17": {
			"code": 50,
			"x": 342,
			"y": 229,
			"width": 46,
			"height": 72,
			"baseline": 67
		},
		"char_18": {
			"code": 51,
			"x": 243,
			"y": 80,
			"width": 46,
			"height": 74,
			"baseline": 68
		},
		"char_19": {
			"code": 52,
			"x": 342,
			"y": 155,
			"width": 47,
			"height": 72,
			"baseline": 67
		},
		"char_20": {
			"code": 53,
			"x": 291,
			"y": 229,
			"width": 48,
			"height": 72,
			"baseline": 67
		},
		"char_21": {
			"code": 54,
			"x": 437,
			"y": 80,
			"width": 43,
			"height": 73,
			"baseline": 67
		},
		"char_22": {
			"code": 55,
			"x": 243,
			"y": 156,
			"width": 44,
			"height": 74,
			"baseline": 68
		},
		"char_23": {
			"code": 56,
			"x": 187,
			"y": 160,
			"width": 52,
			"height": 74,
			"baseline": 68
		},
		"char_24": {
			"code": 57,
			"x": 386,
			"y": 80,
			"width": 49,
			"height": 73,
			"baseline": 67
		},
		"char_25": {
			"code": 58,
			"x": 71,
			"y": 252,
			"width": 21,
			"height": 48,
			"baseline": 43
		},
		"char_26": {
			"code": 59,
			"x": 45,
			"y": 93,
			"width": 22,
			"height": 55,
			"baseline": 44
		},
		"char_27": {
			"code": 60,
			"x": 156,
			"y": 237,
			"width": 48,
			"height": 44,
			"baseline": 51
		},
		"char_28": {
			"code": 61,
			"x": 243,
			"y": 273,
			"width": 38,
			"height": 16,
			"baseline": 30
		},
		"char_29": {
			"code": 62,
			"x": 101,
			"y": 251,
			"width": 48,
			"height": 45,
			"baseline": 51
		},
		"char_30": {
			"code": 63,
			"x": 422,
			"y": 2,
			"width": 47,
			"height": 74,
			"baseline": 68
		},
		"char_31": {
			"code": 94,
			"x": 2,
			"y": 184,
			"width": 66,
			"height": 79,
			"baseline": 71
		},
		"char_32": {
			"code": 124,
			"x": 156,
			"y": 2,
			"width": 85,
			"height": 79,
			"baseline": 66
		},
		"char_33": {
			"code": 163,
			"x": 243,
			"y": 2,
			"width": 88,
			"height": 76,
			"baseline": 68
		},
		"char_34": {
			"code": 189,
			"x": 333,
			"y": 2,
			"width": 87,
			"height": 76,
			"baseline": 65
		},
		"char_35": {
			"code": 222,
			"x": 71,
			"y": 2,
			"width": 83,
			"height": 84,
			"baseline": 74
		},
		"char_36": {
			"code": 230,
			"x": 291,
			"y": 80,
			"width": 93,
			"height": 73,
			"baseline": 66
		}
	}
}
