{
  "camera": [
    {
      "bottom": 9.461,
      "id": "Slingshot",
      "left": -13.712,
      "right": 63.239,
      "top": -49.373,
      "x": 37.945,
      "y": -19.956
    },
    {
      "bottom": 9.374,
      "id": "Castle",
      "left": 26.67,
      "right": 103.622,
      "top": -49.46,
      "x": 78.327,
      "y": -20.043
    }
  ],
  "counts": {
    "birds": 5,
    "blocks": 77
  },
  "id": "pack4/LevelP2_83.lua",
  "scoreEagle": 80000,
  "scoreGold": 80000,
  "scoreSilver": 70000,
  "theme": "BACKGROUND_BUSHES",
  "world": {
    "bird_1": {
      "angle": 0,
      "id": "BIRD_BLACK",
      "x": 16.002,
      "y": -8.076
    },
    "bird_2": {
      "angle": 0,
      "id": "BIRD_WHITE",
      "x": 8.734,
      "y": -8.632
    },
    "bird_3": {
      "angle": 0,
      "id": "BIRD_BLACK",
      "x": 5.32,
      "y": -8.474
    },
    "bird_4": {
      "angle": 0,
      "id": "BIRD_YELLOW",
      "x": 2.663,
      "y": -7.98
    },
    "bird_5": {
      "angle": 0,
      "id": "BIRD_YELLOW",
      "x": 0,
      "y": -7.962
    },
    "block_1": {
      "angle": 180.022,
      "id": "ICE_BLOCK_4X4_HOLLOW",
      "x": 74.625,
      "y": -23.837
    },
    "block_10": {
      "angle": 180.022,
      "id": "ICE_BLOCK_4X4_HOLLOW",
      "x": 70.634,
      "y": -22.815
    },
    "block_11": {
      "angle": 180.022,
      "id": "ICE_BLOCK_4X4_HOLLOW",
      "x": 87.034,
      "y": -22.915
    },
    "block_12": {
      "angle": 359.999,
      "id": "PIG_MUSTACHE",
      "x": 73.882,
      "y": -10.227
    },
    "block_13": {
      "angle": 359.999,
      "id": "PIG_MUSTACHE",
      "x": 102.118,
      "y": -14.698
    },
    "block_14": {
      "angle": 359.112,
      "id": "ICE_TRIANGLE_4X4_HOLLOW",
      "x": 54.654,
      "y": -27.108
    },
    "block_15": {
      "angle": 179.111,
      "id": "ICE_TRIANGLE_4X4_HOLLOW",
      "x": 54.686,
      "y": -23.191
    },
    "block_16": {
      "angle": 0.181,
      "id": "ICE_TRIANGLE_4X4_HOLLOW",
      "x": 56.778,
      "y": -23.19
    },
    "block_17": {
      "angle": 0.267,
      "id": "ICE_TRIANGLE_4X4_HOLLOW",
      "x": 52.521,
      "y": -23.205
    },
    "block_18": {
      "angle": 358.947,
      "id": "ICE_TRIANGLE_4X4_HOLLOW",
      "x": 78.723,
      "y": -31.663
    },
    "block_19": {
      "angle": 178.946,
      "id": "ICE_TRIANGLE_4X4_HOLLOW",
      "x": 78.764,
      "y": -27.746
    },
    "block_2": {
      "angle": 180.116,
      "id": "ICE_BLOCK_4X4_HOLLOW",
      "x": 78.625,
      "y": -23.829
    },
    "block_20": {
      "angle": 0.096,
      "id": "ICE_TRIANGLE_4X4_HOLLOW",
      "x": 76.597,
      "y": -27.755
    },
    "block_21": {
      "angle": 0.064,
      "id": "ICE_TRIANGLE_4X4_HOLLOW",
      "x": 80.857,
      "y": -27.748
    },
    "block_22": {
      "angle": 358.694,
      "id": "ICE_TRIANGLE_4X4_HOLLOW",
      "x": 102.552,
      "y": -36.149
    },
    "block_23": {
      "angle": 359.664,
      "id": "ICE_TRIANGLE_4X4_HOLLOW",
      "x": 104.681,
      "y": -32.248
    },
    "block_24": {
      "angle": 359.807,
      "id": "ICE_TRIANGLE_4X4_HOLLOW",
      "x": 100.428,
      "y": -32.228
    },
    "block_25": {
      "angle": 178.693,
      "id": "ICE_TRIANGLE_4X4_HOLLOW",
      "x": 102.595,
      "y": -32.231
    },
    "block_26": {
      "angle": 358.947,
      "id": "ICE_TRIANGLE_4X4_HOLLOW",
      "x": 70.534,
      "y": -26.815
    },
    "block_27": {
      "angle": 358.947,
      "id": "ICE_TRIANGLE_4X4_HOLLOW",
      "x": 87.034,
      "y": -26.815
    },
    "block_28": {
      "angle": 0.109,
      "id": "WOOD_BLOCK_4X4_HOLLOW",
      "x": 54.381,
      "y": -14.314
    },
    "block_29": {
      "angle": 0.135,
      "id": "WOOD_BLOCK_4X4_HOLLOW",
      "x": 74.653,
      "y": -18.867
    },
    "block_3": {
      "angle": 180.183,
      "id": "ICE_BLOCK_4X4_HOLLOW",
      "x": 50.29,
      "y": -19.294
    },
    "block_30": {
      "angle": 359.595,
      "id": "WOOD_BLOCK_4X4_HOLLOW",
      "x": 82.67,
      "y": -18.86
    },
    "block_31": {
      "angle": 359.497,
      "id": "WOOD_BLOCK_4X4_HOLLOW",
      "x": 60.016,
      "y": -9.37
    },
    "block_32": {
      "angle": 359.848,
      "id": "WOOD_BLOCK_4X4_HOLLOW",
      "x": 61.478,
      "y": -5.463
    },
    "block_33": {
      "angle": 359.859,
      "id": "WOOD_BLOCK_4X4_HOLLOW",
      "x": 89.002,
      "y": -13.9
    },
    "block_34": {
      "angle": 359.957,
      "id": "WOOD_BLOCK_4X4_HOLLOW",
      "x": 90.513,
      "y": -9.898
    },
    "block_35": {
      "angle": 359.757,
      "id": "WOOD_BLOCK_4X4_HOLLOW",
      "x": 102.467,
      "y": -23.35
    },
    "block_36": {
      "angle": 0.061,
      "id": "WOOD_BLOCK_4X4_HOLLOW",
      "x": 66.826,
      "y": -9.978
    },
    "block_37": {
      "angle": 0.183,
      "id": "WOOD_BLOCK_4X4_HOLLOW",
      "x": 68.673,
      "y": -13.894
    },
    "block_38": {
      "angle": 0.402,
      "id": "WOOD_BLOCK_4X4_HOLLOW",
      "x": 97.516,
      "y": -18.57
    },
    "block_39": {
      "angle": 0.121,
      "id": "WOOD_BLOCK_4X4_HOLLOW",
      "x": 96.332,
      "y": -14.479
    },
    "block_4": {
      "angle": 180.222,
      "id": "ICE_BLOCK_4X4_HOLLOW",
      "x": 54.414,
      "y": -19.275
    },
    "block_40": {
      "angle": 0.412,
      "id": "WOOD_BLOCK_4X4_HOLLOW",
      "x": 78.765,
      "y": -9.992
    },
    "block_41": {
      "angle": 0.388,
      "id": "WOOD_BLOCK_4X4_HOLLOW",
      "x": 78.802,
      "y": -13.89
    },
    "block_42": {
      "angle": 0.135,
      "id": "WOOD_BLOCK_4X4_HOLLOW",
      "x": 70.46,
      "y": -18.896
    },
    "block_43": {
      "angle": 359.595,
      "id": "WOOD_BLOCK_4X4_HOLLOW",
      "x": 86.926,
      "y": -18.902
    },
    "block_44": {
      "angle": 0.352,
      "id": "STONE_BLOCK_4X4_HOLLOW",
      "x": 49.764,
      "y": -9.368
    },
    "block_45": {
      "angle": 0.106,
      "id": "STONE_BLOCK_4X4_HOLLOW",
      "x": 48.663,
      "y": -5.462
    },
    "block_46": {
      "angle": 359.864,
      "id": "STONE_BLOCK_4X4_HOLLOW",
      "x": 108.093,
      "y": -14.598
    },
    "block_47": {
      "angle": 359.629,
      "id": "STONE_BLOCK_4X4_HOLLOW",
      "x": 106.713,
      "y": -18.414
    },
    "block_48": {
      "angle": 359.999,
      "id": "TERRAIN_TEXTURED_HILLS_10X10",
      "x": 12.768,
      "y": -2.095
    },
    "block_49": {
      "angle": 90,
      "id": "TERRAIN_TEXTURED_HILLS_10X10",
      "x": 3.552,
      "y": -2.198
    },
    "block_5": {
      "angle": 180.223,
      "id": "ICE_BLOCK_4X4_HOLLOW",
      "x": 58.398,
      "y": -19.265
    },
    "block_50": {
      "angle": 359.999,
      "id": "TERRAIN_TEXTURED_HILLS_5X5",
      "x": 65.884,
      "y": -5.516
    },
    "block_51": {
      "angle": 359.999,
      "id": "TERRAIN_TEXTURED_HILLS_5X5",
      "x": 70.259,
      "y": -5.516
    },
    "block_52": {
      "angle": 359.999,
      "id": "TERRAIN_TEXTURED_HILLS_5X5",
      "x": 74.759,
      "y": -5.541
    },
    "block_53": {
      "angle": 359.999,
      "id": "TERRAIN_TEXTURED_HILLS_5X5",
      "x": 101.578,
      "y": -10.025
    },
    "block_54": {
      "angle": 359.999,
      "id": "TERRAIN_TEXTURED_HILLS_5X5",
      "x": 106.078,
      "y": -10.05
    },
    "block_55": {
      "angle": 359.999,
      "id": "TERRAIN_TEXTURED_HILLS_5X5",
      "x": 97.203,
      "y": -10.025
    },
    "block_56": {
      "angle": 90,
      "id": "TERRAIN_TEXTURED_HILLS_5X5",
      "x": 112.931,
      "y": -2.359
    },
    "block_57": {
      "angle": 359.999,
      "id": "TERRAIN_TEXTURED_HILLS_32X2",
      "x": 62.575,
      "y": -2.609
    },
    "block_58": {
      "angle": 359.999,
      "id": "TERRAIN_TEXTURED_HILLS_32X2",
      "x": 62.575,
      "y": -1.187
    },
    "block_59": {
      "angle": 359.999,
      "id": "TERRAIN_TEXTURED_HILLS_32X2",
      "x": 94.113,
      "y": -2.794
    },
    "block_6": {
      "angle": 180.122,
      "id": "ICE_BLOCK_4X4_HOLLOW",
      "x": 82.802,
      "y": -23.824
    },
    "block_60": {
      "angle": 359.999,
      "id": "TERRAIN_TEXTURED_HILLS_32X2",
      "x": 94.113,
      "y": -5.701
    },
    "block_61": {
      "angle": 359.999,
      "id": "TERRAIN_TEXTURED_HILLS_32X2",
      "x": 94.063,
      "y": -7.123
    },
    "block_62": {
      "angle": 359.999,
      "id": "TERRAIN_TEXTURED_HILLS_32X2",
      "x": 94.013,
      "y": -4.266
    },
    "block_63": {
      "angle": 359.999,
      "id": "TERRAIN_TEXTURED_HILLS_32X2",
      "x": 94.113,
      "y": 0.02
    },
    "block_64": {
      "angle": 359.999,
      "id": "TERRAIN_TEXTURED_HILLS_32X2",
      "x": 94.113,
      "y": -1.551
    },
    "block_65": {
      "angle": 90,
      "id": "TERRAIN_TEXTURED_HILLS_10X2",
      "x": 110.193,
      "y": -7.644
    },
    "block_66": {
      "angle": 90,
      "id": "TERRAIN_TEXTURED_HILLS_5X2",
      "x": 77.384,
      "y": -5.541
    },
    "block_67": {
      "angle": 90,
      "id": "TERRAIN_TEXTURED_HILLS_5X2",
      "x": 108.703,
      "y": -10.05
    },
    "block_68": {
      "angle": 90,
      "id": "TERRAIN_TEXTURED_HILLS_5X2",
      "x": 110.193,
      "y": -1.024
    },
    "block_69": {
      "angle": 0.118,
      "id": "WOOD_BLOCK_10X1",
      "x": 78.577,
      "y": -21.341
    },
    "block_7": {
      "angle": 179.777,
      "id": "ICE_BLOCK_4X4_HOLLOW",
      "x": 102.417,
      "y": -28.314
    },
    "block_70": {
      "angle": 0.194,
      "id": "WOOD_BLOCK_10X1",
      "x": 54.244,
      "y": -16.79
    },
    "block_71": {
      "angle": 0.059,
      "id": "WOOD_BLOCK_10X1",
      "x": 54.568,
      "y": -11.839
    },
    "block_72": {
      "angle": 359.969,
      "id": "WOOD_BLOCK_10X1",
      "x": 72.777,
      "y": -16.382
    },
    "block_73": {
      "angle": 359.845,
      "id": "WOOD_BLOCK_10X1",
      "x": 84.958,
      "y": -16.376
    },
    "block_74": {
      "angle": 359.782,
      "id": "WOOD_BLOCK_10X1",
      "x": 102.459,
      "y": -20.875
    },
    "block_75": {
      "angle": 359.746,
      "id": "WOOD_BLOCK_10X1",
      "x": 102.314,
      "y": -25.825
    },
    "block_76": {
      "angle": 359.999,
      "id": "PIG_BASIC_BIG",
      "x": 55.087,
      "y": -5.808
    },
    "block_77": {
      "angle": 359.999,
      "id": "PIG_BASIC_BIG",
      "x": 83.521,
      "y": -10.322
    },
    "block_8": {
      "angle": 179.751,
      "id": "ICE_BLOCK_4X4_HOLLOW",
      "x": 98.297,
      "y": -28.3
    },
    "block_9": {
      "angle": 179.726,
      "id": "ICE_BLOCK_4X4_HOLLOW",
      "x": 106.403,
      "y": -28.336
    }
  }
}
