{
  "camera": [
    {
      "bottom": 12.167,
      "id": "Slingshot",
      "left": -76.024,
      "right": -0.164,
      "top": -44.728,
      "x": 33.586,
      "y": -16.28
    },
    {
      "bottom": 12.167,
      "id": "Castle",
      "left": -38.242,
      "right": 37.618,
      "top": -44.728,
      "x": 71.368,
      "y": -16.28
    }
  ],
  "counts": {
    "birds": 3,
    "blocks": 102
  },
  "id": "pack13/LevelP5_635.lua",
  "scoreEagle": 187000,
  "scoreGold": 145000,
  "scoreSilver": 138000,
  "theme": "BACKGROUND_WESTERN",
  "world": {
    "bird_1": {
      "angle": 0,
      "id": "BIRD_REDBIG",
      "x": 13.171,
      "y": -1.845
    },
    "bird_2": {
      "angle": 0,
      "id": "BIRD_BLACK",
      "x": 3.042,
      "y": -1.787
    },
    "bird_3": {
      "angle": 0,
      "id": "BIRD_BLACK",
      "x": 0,
      "y": -1.726
    },
    "block_1": {
      "angle": 89.935,
      "id": "STONE_BLOCK_4X1",
      "x": 59.143,
      "y": -11.969
    },
    "block_10": {
      "angle": 179.952,
      "id": "STONE_BLOCK_8X1",
      "x": 66.882,
      "y": -18.694
    },
    "block_100": {
      "angle": 90.365,
      "id": "STONE_BLOCK_4X1",
      "x": 87.082,
      "y": -8.038
    },
    "block_101": {
      "angle": 89.952,
      "id": "STONE_BLOCK_4X1",
      "x": 87.125,
      "y": -13.061
    },
    "block_102": {
      "angle": 89.602,
      "id": "STONE_BLOCK_4X1",
      "x": 63.221,
      "y": -8.045
    },
    "block_11": {
      "angle": 180.027,
      "id": "STONE_BLOCK_8X1",
      "x": 75.153,
      "y": -18.698
    },
    "block_12": {
      "angle": 180.14,
      "id": "STONE_BLOCK_8X1",
      "x": 83.439,
      "y": -15.583
    },
    "block_13": {
      "angle": 180.028,
      "id": "STONE_BLOCK_8X1",
      "x": 75.149,
      "y": -15.594
    },
    "block_14": {
      "angle": 180.108,
      "id": "STONE_BLOCK_8X1",
      "x": 83.401,
      "y": -10.554
    },
    "block_15": {
      "angle": 179.956,
      "id": "STONE_BLOCK_8X1",
      "x": 66.833,
      "y": -15.589
    },
    "block_16": {
      "angle": 359.953,
      "id": "WOOD_BLOCK_1X1",
      "x": 68.599,
      "y": -6.536
    },
    "block_17": {
      "angle": 179.951,
      "id": "STONE_BLOCK_8X1",
      "x": 66.797,
      "y": -10.559
    },
    "block_18": {
      "angle": 359.953,
      "id": "WOOD_BLOCK_1X1",
      "x": 69.039,
      "y": -11.63
    },
    "block_19": {
      "angle": 180.038,
      "id": "STONE_BLOCK_8X1",
      "x": 75.109,
      "y": -10.563
    },
    "block_2": {
      "angle": 89.994,
      "id": "STONE_BLOCK_4X1",
      "x": 60.652,
      "y": -21.887
    },
    "block_20": {
      "angle": 0.191,
      "id": "WOOD_BLOCK_1X1",
      "x": 77.301,
      "y": -6.609
    },
    "block_21": {
      "angle": 0.098,
      "id": "WOOD_BLOCK_1X1",
      "x": 85.592,
      "y": -11.62
    },
    "block_22": {
      "angle": 179.866,
      "id": "STONE_BLOCK_4X1",
      "x": 83.14,
      "y": -19.707
    },
    "block_23": {
      "angle": 180.133,
      "id": "STONE_BLOCK_8X1",
      "x": 83.335,
      "y": -18.688
    },
    "block_24": {
      "angle": 89.914,
      "id": "STONE_BLOCK_4X1",
      "x": 93.393,
      "y": -5.999
    },
    "block_25": {
      "angle": 0,
      "id": "MISC_EXPLOSIVE_TNT",
      "x": 99.6,
      "y": -1.781
    },
    "block_26": {
      "angle": 89.982,
      "id": "STONE_BLOCK_4X1",
      "x": 93.359,
      "y": -15.979
    },
    "block_27": {
      "angle": 89.884,
      "id": "STONE_BLOCK_4X2",
      "x": 90.88,
      "y": -11.963
    },
    "block_28": {
      "angle": 89.796,
      "id": "STONE_BLOCK_4X2",
      "x": 57.48,
      "y": -6.04
    },
    "block_29": {
      "angle": 358.328,
      "id": "PIG_BASIC_SMALL",
      "x": 81.58,
      "y": -12.141
    },
    "block_3": {
      "angle": 89.884,
      "id": "STONE_BLOCK_4X1",
      "x": 88.255,
      "y": -11.959
    },
    "block_30": {
      "angle": 179.846,
      "id": "STONE_BLOCK_4X2",
      "x": 56.482,
      "y": -9.06
    },
    "block_31": {
      "angle": 179.913,
      "id": "STONE_BLOCK_4X2",
      "x": 89.796,
      "y": -14.961
    },
    "block_32": {
      "angle": 89.984,
      "id": "STONE_BLOCK_4X2",
      "x": 79.365,
      "y": -2.054
    },
    "block_33": {
      "angle": 359.416,
      "id": "PIG_BASIC_SMALL",
      "x": 73.279,
      "y": -7.125
    },
    "block_34": {
      "angle": 1.046,
      "id": "PIG_BASIC_SMALL",
      "x": 74.482,
      "y": -8.847
    },
    "block_35": {
      "angle": 358.285,
      "id": "PIG_BASIC_SMALL",
      "x": 84.001,
      "y": -12.136
    },
    "block_36": {
      "angle": 2.023,
      "id": "PIG_BASIC_SMALL",
      "x": 82.794,
      "y": -13.854
    },
    "block_37": {
      "angle": 9.309,
      "id": "PIG_BASIC_SMALL",
      "x": 66.129,
      "y": -13.869
    },
    "block_38": {
      "angle": 351.936,
      "id": "PIG_BASIC_SMALL",
      "x": 67.325,
      "y": -12.143
    },
    "block_39": {
      "angle": 358.664,
      "id": "PIG_BASIC_SMALL",
      "x": 75.707,
      "y": -7.13
    },
    "block_4": {
      "angle": 89.866,
      "id": "STONE_BLOCK_4X1",
      "x": 88.32,
      "y": -21.874
    },
    "block_40": {
      "angle": 351.911,
      "id": "PIG_BASIC_SMALL",
      "x": 64.938,
      "y": -12.14
    },
    "block_41": {
      "angle": 179.999,
      "id": "STONE_BLOCK_4X4_HOLLOW",
      "x": 60.656,
      "y": -17.942
    },
    "block_42": {
      "angle": 179.916,
      "id": "STONE_BLOCK_4X4_HOLLOW",
      "x": 89.775,
      "y": -17.932
    },
    "block_43": {
      "angle": 179.884,
      "id": "STONE_BLOCK_4X4_HOLLOW",
      "x": 89.773,
      "y": -8.019
    },
    "block_44": {
      "angle": 179.931,
      "id": "STONE_BLOCK_4X4_HOLLOW",
      "x": 56.525,
      "y": -2.081
    },
    "block_45": {
      "angle": 179.975,
      "id": "STONE_BLOCK_4X4_HOLLOW",
      "x": 60.712,
      "y": -8.026
    },
    "block_46": {
      "angle": 180.073,
      "id": "STONE_BLOCK_4X2",
      "x": 94.905,
      "y": -19.005
    },
    "block_47": {
      "angle": 90.016,
      "id": "STONE_BLOCK_4X2",
      "x": 95.92,
      "y": -6.002
    },
    "block_48": {
      "angle": 0,
      "id": "TERRAIN_TEXTURED_HILLS_10X2",
      "x": 131.102,
      "y": -0.806
    },
    "block_49": {
      "angle": 0,
      "id": "TERRAIN_TEXTURED_HILLS_10X2",
      "x": 140.593,
      "y": -0.772
    },
    "block_5": {
      "angle": 90.005,
      "id": "STONE_BLOCK_4X1",
      "x": 62.103,
      "y": -21.887
    },
    "block_50": {
      "angle": 180.063,
      "id": "STONE_BLOCK_4X2",
      "x": 94.933,
      "y": -9.018
    },
    "block_51": {
      "angle": 90.104,
      "id": "STONE_BLOCK_4X2",
      "x": 57.457,
      "y": -16.023
    },
    "block_52": {
      "angle": 180.078,
      "id": "STONE_BLOCK_4X4_HOLLOW",
      "x": 56.495,
      "y": -12.078
    },
    "block_53": {
      "angle": 179.922,
      "id": "STONE_BLOCK_4X4_HOLLOW",
      "x": 94.966,
      "y": -2.054
    },
    "block_54": {
      "angle": 90.119,
      "id": "STONE_BLOCK_4X2",
      "x": 95.889,
      "y": -15.977
    },
    "block_55": {
      "angle": 180.065,
      "id": "STONE_BLOCK_4X4_HOLLOW",
      "x": 94.927,
      "y": -12.032
    },
    "block_56": {
      "angle": 180.348,
      "id": "STONE_BLOCK_4X2",
      "x": 56.466,
      "y": -19.045
    },
    "block_57": {
      "angle": 0,
      "id": "TERRAIN_TEXTURED_HILLS_10X2",
      "x": 123.076,
      "y": -0.837
    },
    "block_58": {
      "angle": 0,
      "id": "TERRAIN_TEXTURED_HILLS_10X2",
      "x": 113.585,
      "y": -0.872
    },
    "block_59": {
      "angle": 0,
      "id": "PIG_BASIC_SMALL",
      "x": 64.932,
      "y": -1.164
    },
    "block_6": {
      "angle": 89.897,
      "id": "STONE_BLOCK_4X1",
      "x": 89.773,
      "y": -21.877
    },
    "block_60": {
      "angle": 6.578,
      "id": "PIG_BASIC_SMALL",
      "x": 75.266,
      "y": -12.148
    },
    "block_61": {
      "angle": 358.799,
      "id": "PIG_BASIC_SMALL",
      "x": 59.038,
      "y": -20.952
    },
    "block_62": {
      "angle": 270.132,
      "id": "WOOD_BLOCK_2X1",
      "x": 84.779,
      "y": -17.132
    },
    "block_63": {
      "angle": 0.187,
      "id": "STONE_BLOCK_4X2",
      "x": 68.921,
      "y": -5.057
    },
    "block_64": {
      "angle": 270.2,
      "id": "WOOD_BLOCK_2X1",
      "x": 86.893,
      "y": -17.126
    },
    "block_65": {
      "angle": 90.005,
      "id": "STONE_BLOCK_4X2",
      "x": 75.266,
      "y": -2.059
    },
    "block_66": {
      "angle": 270.122,
      "id": "WOOD_BLOCK_2X1",
      "x": 82.095,
      "y": -17.138
    },
    "block_67": {
      "angle": 90.005,
      "id": "STONE_BLOCK_4X2",
      "x": 71.002,
      "y": -2.055
    },
    "block_68": {
      "angle": 0,
      "id": "PIG_BASIC_SMALL",
      "x": 89.496,
      "y": -1.173
    },
    "block_69": {
      "angle": 0.743,
      "id": "PIG_BASIC_SMALL",
      "x": 86.443,
      "y": -20.188
    },
    "block_7": {
      "angle": 89.972,
      "id": "STONE_BLOCK_4X1",
      "x": 54.926,
      "y": -16.027
    },
    "block_70": {
      "angle": 0.116,
      "id": "PIG_BASIC_SMALL",
      "x": 83.511,
      "y": -7.136
    },
    "block_71": {
      "angle": 3.816,
      "id": "PIG_BASIC_SMALL",
      "x": 66.98,
      "y": -7.133
    },
    "block_72": {
      "angle": 0.782,
      "id": "PIG_BASIC_MEDIUM",
      "x": 104.595,
      "y": -1.9
    },
    "block_73": {
      "angle": 269.96,
      "id": "WOOD_BLOCK_2X1",
      "x": 68.414,
      "y": -17.142
    },
    "block_74": {
      "angle": 89.994,
      "id": "STONE_BLOCK_4X2",
      "x": 83.586,
      "y": -2.059
    },
    "block_75": {
      "angle": 270.018,
      "id": "WOOD_BLOCK_2X1",
      "x": 73.879,
      "y": -17.146
    },
    "block_76": {
      "angle": 0.222,
      "id": "STONE_BLOCK_4X2",
      "x": 77.213,
      "y": -5.056
    },
    "block_77": {
      "angle": 269.999,
      "id": "WOOD_BLOCK_2X1",
      "x": 79.265,
      "y": -17.144
    },
    "block_78": {
      "angle": 270.04,
      "id": "WOOD_BLOCK_2X1",
      "x": 76.583,
      "y": -17.144
    },
    "block_79": {
      "angle": 359.83,
      "id": "STONE_BLOCK_4X2",
      "x": 73.071,
      "y": -5.057
    },
    "block_8": {
      "angle": 89.929,
      "id": "STONE_BLOCK_4X1",
      "x": 54.951,
      "y": -6.03
    },
    "block_80": {
      "angle": 269.941,
      "id": "WOOD_BLOCK_2X1",
      "x": 63.424,
      "y": -17.138
    },
    "block_81": {
      "angle": 89.945,
      "id": "STONE_BLOCK_4X2",
      "x": 91.728,
      "y": -2.058
    },
    "block_82": {
      "angle": 269.953,
      "id": "WOOD_BLOCK_2X1",
      "x": 65.958,
      "y": -17.14
    },
    "block_83": {
      "angle": 269.751,
      "id": "WOOD_BLOCK_2X1",
      "x": 71.001,
      "y": -17.145
    },
    "block_84": {
      "angle": 359.792,
      "id": "STONE_BLOCK_4X2",
      "x": 81.37,
      "y": -5.056
    },
    "block_85": {
      "angle": 0.384,
      "id": "STONE_BLOCK_4X2",
      "x": 85.491,
      "y": -5.056
    },
    "block_86": {
      "angle": 359.902,
      "id": "STONE_BLOCK_4X2",
      "x": 89.73,
      "y": -5.053
    },
    "block_87": {
      "angle": 90.029,
      "id": "STONE_BLOCK_4X2",
      "x": 87.266,
      "y": -2.054
    },
    "block_88": {
      "angle": 89.91,
      "id": "STONE_BLOCK_4X2",
      "x": 71.009,
      "y": -8.05
    },
    "block_89": {
      "angle": 90.015,
      "id": "STONE_BLOCK_4X2",
      "x": 79.317,
      "y": -8.048
    },
    "block_9": {
      "angle": 3.066,
      "id": "MISC_BANDITO_HAT",
      "x": 104.682,
      "y": -4.397
    },
    "block_90": {
      "angle": 89.842,
      "id": "STONE_BLOCK_4X2",
      "x": 71.046,
      "y": -13.078
    },
    "block_91": {
      "angle": 89.994,
      "id": "STONE_BLOCK_4X2",
      "x": 61.653,
      "y": -11.969
    },
    "block_92": {
      "angle": 90.071,
      "id": "STONE_BLOCK_4X2",
      "x": 79.359,
      "y": -13.076
    },
    "block_93": {
      "angle": 180.011,
      "id": "STONE_BLOCK_4X2",
      "x": 60.679,
      "y": -14.969
    },
    "block_94": {
      "angle": 0.005,
      "id": "STONE_BLOCK_4X2",
      "x": 60.606,
      "y": -5.056
    },
    "block_95": {
      "angle": 270.022,
      "id": "STONE_BLOCK_4X2",
      "x": 59.514,
      "y": -2.058
    },
    "block_96": {
      "angle": 90.097,
      "id": "STONE_BLOCK_4X2",
      "x": 62.609,
      "y": -2.055
    },
    "block_97": {
      "angle": 89.999,
      "id": "STONE_BLOCK_4X2",
      "x": 67.127,
      "y": -2.059
    },
    "block_98": {
      "angle": 359.769,
      "id": "STONE_BLOCK_4X2",
      "x": 64.779,
      "y": -5.054
    },
    "block_99": {
      "angle": 90.072,
      "id": "STONE_BLOCK_4X1",
      "x": 63.246,
      "y": -13.071
    }
  }
}
