{
  "camera": [
    {
      "bottom": 12.004,
      "id": "Slingshot",
      "left": -20.969,
      "right": 62.149,
      "top": -50.335,
      "x": 37.948,
      "y": -19.165
    },
    {
      "bottom": 11.586,
      "id": "Castle",
      "left": 18.775,
      "right": 95.654,
      "top": -46.073,
      "x": 74.573,
      "y": -17.244
    }
  ],
  "counts": {
    "birds": 4,
    "blocks": 77
  },
  "id": "pack-big-setup/LevelP4_453.lua",
  "scoreEagle": 78000,
  "scoreGold": 63000,
  "scoreSilver": 56000,
  "theme": "BACKGROUND_BIG_SETUP_BUSHES",
  "world": {
    "bird_1": {
      "angle": 0,
      "id": "BIRD_GREEN",
      "x": 14.431,
      "y": -4.454
    },
    "bird_2": {
      "angle": 0,
      "id": "BIRD_GREEN",
      "x": 6.977,
      "y": -4.447
    },
    "bird_3": {
      "angle": 0,
      "id": "BIRD_REDBIG",
      "x": 3.411,
      "y": -4.803
    },
    "bird_4": {
      "angle": 0,
      "id": "BIRD_REDBIG",
      "x": 1.028,
      "y": -4.761
    },
    "block_1": {
      "angle": 90.021,
      "id": "STONE_BLOCK_2X2",
      "x": 77.292,
      "y": -8.422
    },
    "block_10": {
      "angle": 358.383,
      "id": "PIG_BASIC_SMALL",
      "x": 74.667,
      "y": -8.46
    },
    "block_11": {
      "angle": 356.622,
      "id": "WOOD_TRIANGLE_4X4_HOLLOW",
      "x": 79.395,
      "y": -24.755
    },
    "block_12": {
      "angle": 0.086,
      "id": "STONE_BLOCK_2X1",
      "x": 77.191,
      "y": -9.962
    },
    "block_13": {
      "angle": 0.003,
      "id": "STONE_BLOCK_2X1",
      "x": 69.784,
      "y": -13.95
    },
    "block_14": {
      "angle": 359.624,
      "id": "STONE_BLOCK_2X1",
      "x": 76.298,
      "y": -14.117
    },
    "block_15": {
      "angle": 0.134,
      "id": "STONE_BLOCK_2X1",
      "x": 71.92,
      "y": -9.975
    },
    "block_16": {
      "angle": 89.983,
      "id": "WOOD_BLOCK_4X1",
      "x": 62.674,
      "y": -2.058
    },
    "block_17": {
      "angle": 1.251,
      "id": "WOOD_TRIANGLE_4X4_HOLLOW",
      "x": 83.941,
      "y": -24.749
    },
    "block_18": {
      "angle": 0.01,
      "id": "STONE_TRIANGLE_4X4_HOLLOW",
      "x": 59.907,
      "y": -7.065
    },
    "block_19": {
      "angle": 357.353,
      "id": "WOOD_TRIANGLE_4X4_HOLLOW",
      "x": 81.499,
      "y": -28.462
    },
    "block_2": {
      "angle": 90.052,
      "id": "STONE_BLOCK_2X2",
      "x": 71.914,
      "y": -8.427
    },
    "block_20": {
      "angle": 181.714,
      "id": "STONE_TRIANGLE_4X4_HOLLOW",
      "x": 88.186,
      "y": -13.466
    },
    "block_21": {
      "angle": 179.227,
      "id": "STONE_TRIANGLE_4X4_HOLLOW",
      "x": 60.081,
      "y": -10.765
    },
    "block_22": {
      "angle": 90,
      "id": "WOOD_BLOCK_8X1",
      "x": 80.413,
      "y": -6.577
    },
    "block_23": {
      "angle": 90.029,
      "id": "WOOD_BLOCK_4X1",
      "x": 58.824,
      "y": -2.058
    },
    "block_24": {
      "angle": 90.116,
      "id": "WOOD_BLOCK_4X1",
      "x": 54.92,
      "y": -2.059
    },
    "block_25": {
      "angle": 1.886,
      "id": "ICE_TRIANGLE_4X4_HOLLOW",
      "x": 86.076,
      "y": -20.887
    },
    "block_26": {
      "angle": 89.941,
      "id": "STONE_BLOCK_2X2",
      "x": 76.368,
      "y": -12.572
    },
    "block_27": {
      "angle": 0.033,
      "id": "WOOD_TRIANGLE_4X4_HOLLOW",
      "x": 92.212,
      "y": -9.645
    },
    "block_28": {
      "angle": 1.725,
      "id": "WOOD_TRIANGLE_4X4_HOLLOW",
      "x": 88.241,
      "y": -17.387
    },
    "block_29": {
      "angle": 183.529,
      "id": "WOOD_TRIANGLE_4X4_HOLLOW",
      "x": 85.763,
      "y": -9.644
    },
    "block_3": {
      "angle": 90.017,
      "id": "STONE_BLOCK_2X2",
      "x": 69.859,
      "y": -12.397
    },
    "block_30": {
      "angle": 359.347,
      "id": "WOOD_TRIANGLE_4X4_HOLLOW",
      "x": 77.329,
      "y": -21.035
    },
    "block_31": {
      "angle": 358.705,
      "id": "WOOD_TRIANGLE_4X4_HOLLOW",
      "x": 74.931,
      "y": -17.651
    },
    "block_32": {
      "angle": 0.026,
      "id": "WOOD_TRIANGLE_4X4_HOLLOW",
      "x": 87.989,
      "y": -9.647
    },
    "block_33": {
      "angle": 359.979,
      "id": "WOOD_TRIANGLE_4X4_HOLLOW",
      "x": 57.881,
      "y": -10.986
    },
    "block_34": {
      "angle": 225.038,
      "id": "TERRAIN_TEXTURED_HILLS_5X5",
      "x": 97.846,
      "y": 0.983
    },
    "block_35": {
      "angle": 0.048,
      "id": "WOOD_TRIANGLE_4X4_HOLLOW",
      "x": 55.802,
      "y": -7.071
    },
    "block_36": {
      "angle": 225.038,
      "id": "TERRAIN_TEXTURED_HILLS_5X5",
      "x": 66.113,
      "y": 0.775
    },
    "block_37": {
      "angle": 179.23,
      "id": "WOOD_TRIANGLE_4X4_HOLLOW",
      "x": 62.199,
      "y": -7.053
    },
    "block_38": {
      "angle": 0.038,
      "id": "TERRAIN_TEXTURED_HILLS_10X2",
      "x": 10.789,
      "y": -2.087
    },
    "block_39": {
      "angle": 358.61,
      "id": "STONE_BLOCK_8X1",
      "x": 73.077,
      "y": -15.113
    },
    "block_4": {
      "angle": 90.022,
      "id": "STONE_BLOCK_4X2",
      "x": 69.856,
      "y": -9.396
    },
    "block_40": {
      "angle": 225.038,
      "id": "TERRAIN_TEXTURED_HILLS_5X5",
      "x": 15.428,
      "y": 0.502
    },
    "block_41": {
      "angle": 225.038,
      "id": "TERRAIN_TEXTURED_HILLS_5X5",
      "x": 0,
      "y": 0.551
    },
    "block_42": {
      "angle": 0.038,
      "id": "TERRAIN_TEXTURED_HILLS_10X2",
      "x": 10.789,
      "y": -0.724
    },
    "block_43": {
      "angle": 0.07,
      "id": "WOOD_BLOCK_10X1",
      "x": 75.989,
      "y": -10.959
    },
    "block_44": {
      "angle": 0.07,
      "id": "WOOD_BLOCK_10X1",
      "x": 58.664,
      "y": -4.573
    },
    "block_45": {
      "angle": 359.867,
      "id": "WOOD_BLOCK_2X1",
      "x": 67.236,
      "y": -6.309
    },
    "block_46": {
      "angle": 359.878,
      "id": "WOOD_BLOCK_2X1",
      "x": 67.257,
      "y": -5.246
    },
    "block_47": {
      "angle": 359.919,
      "id": "WOOD_BLOCK_2X1",
      "x": 67.319,
      "y": -4.19
    },
    "block_48": {
      "angle": 0.012,
      "id": "WOOD_BLOCK_2X1",
      "x": 67.335,
      "y": -3.137
    },
    "block_49": {
      "angle": 0.187,
      "id": "WOOD_BLOCK_1X1",
      "x": 74.14,
      "y": -12.102
    },
    "block_5": {
      "angle": 0.021,
      "id": "TERRAIN_TEXTURED_HILLS_10X2",
      "x": 73.593,
      "y": -2.588
    },
    "block_50": {
      "angle": 0.038,
      "id": "TERRAIN_TEXTURED_HILLS_10X2",
      "x": 4.816,
      "y": -0.866
    },
    "block_51": {
      "angle": 0.038,
      "id": "TERRAIN_TEXTURED_HILLS_10X2",
      "x": 4.816,
      "y": -2.079
    },
    "block_52": {
      "angle": 0.021,
      "id": "TERRAIN_TEXTURED_HILLS_10X2",
      "x": 90.31,
      "y": -6.786
    },
    "block_53": {
      "angle": 0.021,
      "id": "TERRAIN_TEXTURED_HILLS_10X2",
      "x": 90.348,
      "y": -5.411
    },
    "block_54": {
      "angle": 0.021,
      "id": "TERRAIN_TEXTURED_HILLS_10X2",
      "x": 73.472,
      "y": -6.511
    },
    "block_55": {
      "angle": 0.021,
      "id": "TERRAIN_TEXTURED_HILLS_10X2",
      "x": 73.509,
      "y": -5.136
    },
    "block_56": {
      "angle": 0.021,
      "id": "TERRAIN_TEXTURED_HILLS_10X2",
      "x": 73.556,
      "y": -3.963
    },
    "block_57": {
      "angle": 0.021,
      "id": "TERRAIN_TEXTURED_HILLS_10X2",
      "x": 90.394,
      "y": -4.238
    },
    "block_58": {
      "angle": 0.235,
      "id": "ICE_TRIANGLE_4X4_HOLLOW",
      "x": 90.369,
      "y": -13.574
    },
    "block_59": {
      "angle": 1.834,
      "id": "ICE_TRIANGLE_4X4_HOLLOW",
      "x": 83.885,
      "y": -16.86
    },
    "block_6": {
      "angle": 0.359,
      "id": "PIG_BASIC_SMALL",
      "x": 72.497,
      "y": -12.621
    },
    "block_60": {
      "angle": 3.527,
      "id": "ICE_TRIANGLE_4X4_HOLLOW",
      "x": 86.069,
      "y": -13.553
    },
    "block_61": {
      "angle": 180,
      "id": "MISC_HELMET_SMALL",
      "x": 70.522,
      "y": -16.092
    },
    "block_62": {
      "angle": 182.067,
      "id": "WOOD_TRIANGLE_4X4_HOLLOW",
      "x": 85.872,
      "y": -16.964
    },
    "block_63": {
      "angle": 0,
      "id": "MISC_HELMET_SMALL",
      "x": 74.737,
      "y": -9.54
    },
    "block_64": {
      "angle": 179.336,
      "id": "WOOD_TRIANGLE_4X4_HOLLOW",
      "x": 77.299,
      "y": -17.114
    },
    "block_65": {
      "angle": 0,
      "id": "MISC_HELMET_SMALL",
      "x": 72.567,
      "y": -13.672
    },
    "block_66": {
      "angle": 181.29,
      "id": "WOOD_TRIANGLE_4X4_HOLLOW",
      "x": 83.936,
      "y": -20.828
    },
    "block_67": {
      "angle": 181.159,
      "id": "ICE_TRIANGLE_4X4_HOLLOW",
      "x": 81.817,
      "y": -16.92
    },
    "block_68": {
      "angle": 180.038,
      "id": "TERRAIN_TEXTURED_HILLS_32X2",
      "x": 81.962,
      "y": -1.705
    },
    "block_69": {
      "angle": 359.408,
      "id": "WOOD_TRIANGLE_4X4_HOLLOW",
      "x": 79.478,
      "y": -17.406
    },
    "block_7": {
      "angle": 177.344,
      "id": "WOOD_TRIANGLE_4X4_HOLLOW",
      "x": 81.653,
      "y": -24.543
    },
    "block_70": {
      "angle": 176.604,
      "id": "ICE_TRIANGLE_4X4_HOLLOW",
      "x": 79.699,
      "y": -20.845
    },
    "block_71": {
      "angle": 181.714,
      "id": "WOOD_TRIANGLE_4X4_HOLLOW",
      "x": 83.564,
      "y": -12.943
    },
    "block_72": {
      "angle": 180.002,
      "id": "ICE_TRIANGLE_4X4_HOLLOW",
      "x": 57.858,
      "y": -7.067
    },
    "block_73": {
      "angle": 179.397,
      "id": "WOOD_TRIANGLE_4X4_HOLLOW",
      "x": 79.574,
      "y": -13.495
    },
    "block_74": {
      "angle": 180.079,
      "id": "ICE_TRIANGLE_4X4_HOLLOW",
      "x": 90.158,
      "y": -9.647
    },
    "block_75": {
      "angle": 180.038,
      "id": "TERRAIN_TEXTURED_HILLS_32X2",
      "x": 82.07,
      "y": -0.519
    },
    "block_76": {
      "angle": 0.021,
      "id": "TERRAIN_TEXTURED_HILLS_10X2",
      "x": 90.432,
      "y": -2.863
    },
    "block_77": {
      "angle": 0.259,
      "id": "PIG_HELMET",
      "x": 83.213,
      "y": -4.529
    },
    "block_8": {
      "angle": 1.177,
      "id": "STONE_TRIANGLE_4X4_HOLLOW",
      "x": 81.904,
      "y": -20.838
    },
    "block_9": {
      "angle": 359.227,
      "id": "STONE_TRIANGLE_4X4_HOLLOW",
      "x": 62.215,
      "y": -10.968
    }
  }
}
