{
  "camera": [
    {
      "bottom": 11.871,
      "id": "Slingshot",
      "left": -63.144,
      "right": 48.831,
      "top": -72.11,
      "x": 46.221,
      "y": -30.12
    },
    {
      "bottom": 12.527,
      "id": "Castle",
      "left": -27.168,
      "right": 84.807,
      "top": -71.454,
      "x": 82.197,
      "y": -29.464
    }
  ],
  "counts": {
    "birds": 3,
    "blocks": 103,
    "joints": 11
  },
  "id": "packChristmas/LevelP1_633.lua",
  "theme": "BACKGROUND_XMAS",
  "world": {
    "bird_1": {
      "angle": 0,
      "id": "BIRD_YELLOW",
      "x": 12.775,
      "y": -1.089
    },
    "bird_2": {
      "angle": 0,
      "id": "BIRD_YELLOW",
      "x": 2.754,
      "y": -0.859
    },
    "bird_3": {
      "angle": 0,
      "id": "BIRD_WHITE",
      "x": 0,
      "y": -1.548
    },
    "block_1": {
      "angle": 269.893,
      "id": "STONE_TRIANGLE_4X4",
      "x": 54.126,
      "y": -15.13
    },
    "block_10": {
      "angle": 0.028,
      "id": "STONE_BLOCK_10X1",
      "x": 97.22,
      "y": -17.634
    },
    "block_100": {
      "angle": 90.168,
      "id": "WOOD_BLOCK_4X2",
      "x": 102.318,
      "y": -29.219
    },
    "block_101": {
      "angle": 270,
      "id": "WOOD_BLOCK_4X2",
      "x": 119.762,
      "y": -34.989
    },
    "block_102": {
      "angle": 270,
      "id": "WOOD_BLOCK_4X2",
      "x": 113.581,
      "y": -34.945
    },
    "block_103": {
      "angle": 90,
      "id": "WOOD_BLOCK_4X1",
      "x": 92.887,
      "y": -20.126
    },
    "block_11": {
      "angle": 0,
      "id": "MISC_GIFT_4X5",
      "x": 75.136,
      "y": -7.644
    },
    "block_12": {
      "angle": 0,
      "id": "MISC_GIFT_4X5",
      "x": 96.151,
      "y": -20.664
    },
    "block_13": {
      "angle": 0,
      "id": "MISC_GIFT_4X5",
      "x": 108.928,
      "y": -36.00
    },
    "block_14": {
      "angle": 0,
      "id": "MISC_JINGLE_BELL_3X3",
      "x": 77.706,
      "y": -24.415
    },
    "block_15": {
      "angle": 0,
      "id": "MISC_JINGLE_BELL_3X3",
      "x": 83.147,
      "y": -25.658
    },
    "block_16": {
      "angle": 0,
      "id": "MISC_JINGLE_BELL_3X3",
      "x": 87.999,
      "y": -27.501
    },
    "block_17": {
      "angle": 0.033,
      "id": "STONE_BLOCK_4X2",
      "x": 54.173,
      "y": -6.088
    },
    "block_18": {
      "angle": 0.035,
      "id": "STONE_BLOCK_4X2",
      "x": 62.193,
      "y": -6.083
    },
    "block_19": {
      "angle": 359.985,
      "id": "STONE_BLOCK_4X2",
      "x": 70.361,
      "y": -6.082
    },
    "block_2": {
      "angle": 0.167,
      "id": "STONE_TRIANGLE_4X4",
      "x": 70.358,
      "y": -15.075
    },
    "block_20": {
      "angle": 0.033,
      "id": "STONE_BLOCK_4X2",
      "x": 94.157,
      "y": -16.092
    },
    "block_21": {
      "angle": 0.035,
      "id": "STONE_BLOCK_4X2",
      "x": 102.177,
      "y": -16.087
    },
    "block_22": {
      "angle": 359.985,
      "id": "STONE_BLOCK_4X2",
      "x": 110.345,
      "y": -16.086
    },
    "block_23": {
      "angle": 89.985,
      "id": "STONE_BLOCK_4X2",
      "x": 113.525,
      "y": -17.056
    },
    "block_24": {
      "angle": 89.985,
      "id": "STONE_BLOCK_4X2",
      "x": 119.901,
      "y": -17.056
    },
    "block_25": {
      "angle": 89.985,
      "id": "STONE_BLOCK_4X2",
      "x": 120.043,
      "y": -22.028
    },
    "block_26": {
      "angle": 89.985,
      "id": "STONE_BLOCK_4X2",
      "x": 113.668,
      "y": -22.028
    },
    "block_27": {
      "angle": 89.985,
      "id": "STONE_BLOCK_4X2",
      "x": 113.742,
      "y": -26.976
    },
    "block_28": {
      "angle": 89.985,
      "id": "STONE_BLOCK_4X2",
      "x": 120.117,
      "y": -26.976
    },
    "block_29": {
      "angle": 90.035,
      "id": "STONE_BLOCK_4X2",
      "x": 102.376,
      "y": -25.189
    },
    "block_3": {
      "angle": 0,
      "id": "PIG_BASIC_SMALL",
      "x": 88.101,
      "y": -25.418
    },
    "block_30": {
      "angle": 179.985,
      "id": "WOOD_BLOCK_4X2",
      "x": 116.928,
      "y": -25.792
    },
    "block_31": {
      "angle": 179.985,
      "id": "WOOD_BLOCK_4X2",
      "x": 116.928,
      "y": -20.59
    },
    "block_32": {
      "angle": 180,
      "id": "STONE_BLOCK_8X1",
      "x": 116.709,
      "y": -19.544
    },
    "block_33": {
      "angle": 180,
      "id": "STONE_BLOCK_8X1",
      "x": 116.852,
      "y": -24.466
    },
    "block_34": {
      "angle": 180,
      "id": "STONE_BLOCK_8X1",
      "x": 116.809,
      "y": -37.393
    },
    "block_35": {
      "angle": 93,
      "id": "BLOCK_ROPE_THIN",
      "x": 72.263,
      "y": -25.779
    },
    "block_36": {
      "angle": 57.999,
      "id": "BLOCK_ROPE_THIN",
      "x": 92.641,
      "y": -31.98
    },
    "block_37": {
      "angle": 80,
      "id": "BLOCK_ROPE_THIN_SHORT",
      "x": 80.522,
      "y": -26.337
    },
    "block_38": {
      "angle": 69,
      "id": "BLOCK_ROPE_THIN_SHORT",
      "x": 85.715,
      "y": -27.948
    },
    "block_39": {
      "angle": 0,
      "id": "BREAKABLE_STATIC_BLOCK_INVISIBLE",
      "x": 67.339,
      "y": -26.061
    },
    "block_4": {
      "angle": 0,
      "id": "PIG_BASIC_SMALL",
      "x": 102.144,
      "y": -33.067
    },
    "block_40": {
      "angle": 0,
      "id": "BREAKABLE_STATIC_BLOCK_INVISIBLE",
      "x": 97.49,
      "y": -34.824
    },
    "block_41": {
      "angle": 180.038,
      "id": "WOOD_BLOCK_10X1",
      "x": 57.222,
      "y": -12.662
    },
    "block_42": {
      "angle": 180.128,
      "id": "WOOD_BLOCK_10X1",
      "x": 67.282,
      "y": -12.641
    },
    "block_43": {
      "angle": 180.038,
      "id": "WOOD_BLOCK_10X1",
      "x": 97.206,
      "y": -22.666
    },
    "block_44": {
      "angle": 0,
      "id": "PIG_BASIC_MEDIUM",
      "x": 66.915,
      "y": -9.945
    },
    "block_45": {
      "angle": 0,
      "id": "PIG_BASIC_MEDIUM",
      "x": 105.419,
      "y": -24.876
    },
    "block_46": {
      "angle": 0,
      "id": "PIG_BASIC_MEDIUM",
      "x": 83.323,
      "y": -22.981
    },
    "block_47": {
      "angle": 0,
      "id": "PIG_BASIC_MEDIUM",
      "x": 77.899,
      "y": -22.009
    },
    "block_48": {
      "angle": 0,
      "id": "PIG_BASIC_MEDIUM",
      "x": 99.961,
      "y": -19.916
    },
    "block_49": {
      "angle": 0,
      "id": "WOOD_TRIANGLE_4X4_HOLLOW",
      "x": 62.564,
      "y": -28.861
    },
    "block_5": {
      "angle": 315,
      "id": "MISC_GIFT_6X3",
      "x": 79.27,
      "y": -8.082
    },
    "block_50": {
      "angle": 0,
      "id": "WOOD_TRIANGLE_4X4_HOLLOW",
      "x": 102.298,
      "y": -38.865
    },
    "block_51": {
      "angle": 270,
      "id": "WOOD_TRIANGLE_4X4",
      "x": 94.126,
      "y": -25.223
    },
    "block_52": {
      "angle": 180,
      "id": "WOOD_BLOCK_2X2",
      "x": 113.709,
      "y": -30.943
    },
    "block_53": {
      "angle": 180,
      "id": "WOOD_BLOCK_2X2",
      "x": 120.118,
      "y": -30.945
    },
    "block_54": {
      "angle": 180,
      "id": "WOOD_BLOCK_2X1",
      "x": 120.135,
      "y": -32.477
    },
    "block_55": {
      "angle": 45,
      "id": "TERRAIN_TEXTURED_HILLS_10X10",
      "x": 46.479,
      "y": 1.843
    },
    "block_56": {
      "angle": 45,
      "id": "TERRAIN_TEXTURED_HILLS_10X10",
      "x": 91.94,
      "y": -8.219
    },
    "block_57": {
      "angle": 135,
      "id": "TERRAIN_TEXTURED_HILLS_10X10",
      "x": 83.764,
      "y": -3.562
    },
    "block_58": {
      "angle": 90,
      "id": "TERRAIN_TEXTURED_HILLS_10X10",
      "x": 88.576,
      "y": -5.58
    },
    "block_59": {
      "angle": 225.001,
      "id": "TERRAIN_TEXTURED_HILLS_10X10",
      "x": 123.795,
      "y": -8.173
    },
    "block_6": {
      "angle": 0,
      "id": "MISC_GIFT_7X4",
      "x": 57.635,
      "y": -10.315
    },
    "block_60": {
      "angle": 180,
      "id": "TERRAIN_TEXTURED_HILLS_10X10",
      "x": 125.813,
      "y": -3.361
    },
    "block_61": {
      "angle": 135,
      "id": "TERRAIN_TEXTURED_HILLS_10X10",
      "x": 128.452,
      "y": 0.003
    },
    "block_62": {
      "angle": 90,
      "id": "TERRAIN_TEXTURED_HILLS_10X10",
      "x": 52.985,
      "y": 1.065
    },
    "block_63": {
      "angle": 90,
      "id": "TERRAIN_TEXTURED_HILLS_10X10",
      "x": 62.509,
      "y": 1.18
    },
    "block_64": {
      "angle": 90,
      "id": "TERRAIN_TEXTURED_HILLS_10X10",
      "x": 71.801,
      "y": 1.296
    },
    "block_65": {
      "angle": 90,
      "id": "TERRAIN_TEXTURED_HILLS_10X10",
      "x": 81.124,
      "y": 1.338
    },
    "block_66": {
      "angle": 90,
      "id": "TERRAIN_TEXTURED_HILLS_10X10",
      "x": 89.493,
      "y": 1.338
    },
    "block_67": {
      "angle": 90,
      "id": "TERRAIN_TEXTURED_HILLS_10X10",
      "x": 98.428,
      "y": -8.706
    },
    "block_68": {
      "angle": 90,
      "id": "TERRAIN_TEXTURED_HILLS_10X10",
      "x": 108.066,
      "y": -8.706
    },
    "block_69": {
      "angle": 90,
      "id": "TERRAIN_TEXTURED_HILLS_10X10",
      "x": 117.516,
      "y": -8.774
    },
    "block_7": {
      "angle": 0.028,
      "id": "STONE_BLOCK_10X1",
      "x": 57.236,
      "y": -7.63
    },
    "block_70": {
      "angle": 90,
      "id": "TERRAIN_TEXTURED_HILLS_10X10",
      "x": 98.31,
      "y": 0.44
    },
    "block_71": {
      "angle": 90,
      "id": "TERRAIN_TEXTURED_HILLS_10X10",
      "x": 107.489,
      "y": 0.193
    },
    "block_72": {
      "angle": 90,
      "id": "TERRAIN_TEXTURED_HILLS_10X10",
      "x": 116.704,
      "y": -0.054
    },
    "block_73": {
      "angle": 90,
      "id": "TERRAIN_TEXTURED_HILLS_10X10",
      "x": 121.858,
      "y": 1.605
    },
    "block_74": {
      "angle": 0,
      "id": "TERRAIN_TEXTURED_HILLS_32X2",
      "x": 62.442,
      "y": -4.227
    },
    "block_75": {
      "angle": 0,
      "id": "TERRAIN_TEXTURED_HILLS_32X2",
      "x": 107.926,
      "y": -14.231
    },
    "block_76": {
      "angle": 90,
      "id": "WOOD_BLOCK_8X1",
      "x": 56.596,
      "y": -17.175
    },
    "block_77": {
      "angle": 90,
      "id": "WOOD_BLOCK_8X1",
      "x": 68.035,
      "y": -17.246
    },
    "block_78": {
      "angle": 180,
      "id": "WOOD_BLOCK_8X1",
      "x": 58.291,
      "y": -21.553
    },
    "block_79": {
      "angle": 180,
      "id": "WOOD_BLOCK_8X1",
      "x": 66.552,
      "y": -21.482
    },
    "block_8": {
      "angle": 0.052,
      "id": "STONE_BLOCK_10X1",
      "x": 67.292,
      "y": -7.62
    },
    "block_80": {
      "angle": 180,
      "id": "WOOD_BLOCK_8X1",
      "x": 62.509,
      "y": -26.329
    },
    "block_81": {
      "angle": 180,
      "id": "WOOD_BLOCK_8X1",
      "x": 106.536,
      "y": -31.486
    },
    "block_82": {
      "angle": 180,
      "id": "WOOD_BLOCK_8X1",
      "x": 102.243,
      "y": -36.333
    },
    "block_83": {
      "angle": 90,
      "id": "WOOD_BLOCK_8X1",
      "x": 96.58,
      "y": -27.179
    },
    "block_84": {
      "angle": 90,
      "id": "WOOD_BLOCK_8X1",
      "x": 108.019,
      "y": -27.1
    },
    "block_85": {
      "angle": 180,
      "id": "WOOD_BLOCK_8X1",
      "x": 98.275,
      "y": -31.557
    },
    "block_86": {
      "angle": 180,
      "id": "WOOD_BLOCK_8X1",
      "x": 116.856,
      "y": -29.501
    },
    "block_87": {
      "angle": 180,
      "id": "WOOD_BLOCK_8X1",
      "x": 110.424,
      "y": -32.477
    },
    "block_88": {
      "angle": 180,
      "id": "WOOD_BLOCK_8X1",
      "x": 106.374,
      "y": -22.643
    },
    "block_89": {
      "angle": 90.016,
      "id": "WOOD_BLOCK_4X2",
      "x": 53.27,
      "y": -10.147
    },
    "block_9": {
      "angle": 0.052,
      "id": "STONE_BLOCK_10X1",
      "x": 107.276,
      "y": -17.624
    },
    "block_90": {
      "angle": 90.098,
      "id": "WOOD_BLOCK_4X2",
      "x": 71.336,
      "y": -10.122
    },
    "block_91": {
      "angle": 90.168,
      "id": "WOOD_BLOCK_4X2",
      "x": 62.304,
      "y": -10.14
    },
    "block_92": {
      "angle": 90.168,
      "id": "WOOD_BLOCK_4X2",
      "x": 62.351,
      "y": -15.163
    },
    "block_93": {
      "angle": 90.168,
      "id": "WOOD_BLOCK_4X2",
      "x": 62.457,
      "y": -19.187
    },
    "block_94": {
      "angle": 270,
      "id": "WOOD_BLOCK_4X2",
      "x": 59.374,
      "y": -23.866
    },
    "block_95": {
      "angle": 270,
      "id": "WOOD_BLOCK_4X2",
      "x": 65.555,
      "y": -23.911
    },
    "block_96": {
      "angle": 90.168,
      "id": "WOOD_BLOCK_4X2",
      "x": 102.814,
      "y": -20.144
    },
    "block_97": {
      "angle": 90.098,
      "id": "WOOD_BLOCK_4X2",
      "x": 108.42,
      "y": -20.126
    },
    "block_98": {
      "angle": 270,
      "id": "WOOD_BLOCK_4X2",
      "x": 99.107,
      "y": -33.87
    },
    "block_99": {
      "angle": 270,
      "id": "WOOD_BLOCK_4X2",
      "x": 105.289,
      "y": -33.914
    },
    "joint_1": {
      "collideConnected": false,
      "index1": 15,
      "index2": 2,
      "type": 2,
      "x1": 0.12934499979019165,
      "x2": 0,
      "y1": 0.13135699927806854,
      "y2": 0
    },
    "joint_10": {
      "backAndForth": false,
      "collideConnected": false,
      "index1": 13,
      "index2": 36,
      "limit": false,
      "lowerLimit": 0,
      "maxTorque": 10000,
      "motor": false,
      "motorSpeed": 0,
      "type": 3,
      "upperLimit": 3.141590118408203,
      "x1": 0.008140569552779198,
      "x2": 0.03837930038571358,
      "y1": -1.1418399810791016,
      "y2": 1.5416899919509888
    },
    "joint_11": {
      "collideConnected": false,
      "index1": 46,
      "index2": 13,
      "type": 2,
      "x1": 0,
      "x2": 0.0017633599927648902,
      "y1": 0,
      "y2": 0.291608989238739
    },
    "joint_2": {
      "backAndForth": false,
      "collideConnected": false,
      "index1": 35,
      "index2": 39,
      "limit": false,
      "lowerLimit": 0,
      "maxTorque": 10000,
      "motor": false,
      "motorSpeed": 0,
      "type": 3,
      "upperLimit": 3.141590118408203,
      "x1": -0.009269200265407562,
      "x2": 0,
      "y1": -3.085170030593872,
      "y2": 0
    },
    "joint_3": {
      "backAndForth": false,
      "collideConnected": false,
      "index1": 34,
      "index2": 13,
      "limit": false,
      "lowerLimit": 0,
      "maxTorque": 10000,
      "motor": false,
      "motorSpeed": 0,
      "type": 3,
      "upperLimit": 3.141590118408203,
      "x1": -0.045099999755620956,
      "x2": 0.0017583699664101005,
      "y1": -3.038140058517456,
      "y2": -1.2050199508666992
    },
    "joint_4": {
      "backAndForth": false,
      "collideConnected": false,
      "index1": 36,
      "index2": 14,
      "limit": false,
      "lowerLimit": 0,
      "maxTorque": 10000,
      "motor": false,
      "motorSpeed": 0,
      "type": 3,
      "upperLimit": 3.141590118408203,
      "x1": 0.012568499892950058,
      "x2": 0.01718120090663433,
      "y1": -1.4662200212478638,
      "y2": -1.2123099565505981
    },
    "joint_5": {
      "backAndForth": false,
      "collideConnected": false,
      "index1": 15,
      "index2": 35,
      "limit": false,
      "lowerLimit": 0,
      "maxTorque": 10000,
      "motor": false,
      "motorSpeed": 0,
      "type": 3,
      "upperLimit": 3.141590118408203,
      "x1": 0.11176999658346176,
      "x2": 0.05360209941864014,
      "y1": -1.2515000104904175,
      "y2": 3.1705400943756104
    },
    "joint_6": {
      "backAndForth": false,
      "collideConnected": false,
      "index1": 38,
      "index2": 34,
      "limit": false,
      "lowerLimit": 0,
      "maxTorque": 10000,
      "motor": false,
      "motorSpeed": 0,
      "type": 3,
      "upperLimit": 3.141590118408203,
      "x1": 0,
      "x2": 0.04170389845967293,
      "y1": 0,
      "y2": 3.076230049133301
    },
    "joint_7": {
      "collideConnected": false,
      "index1": 14,
      "index2": 45,
      "type": 2,
      "x1": 0,
      "x2": 0,
      "y1": 0,
      "y2": 0
    },
    "joint_8": {
      "backAndForth": false,
      "collideConnected": false,
      "index1": 37,
      "index2": 15,
      "limit": false,
      "lowerLimit": 0,
      "maxTorque": 10000,
      "motor": false,
      "motorSpeed": 0,
      "type": 3,
      "upperLimit": 3.141590118408203,
      "x1": 0.0014984100125730038,
      "x2": 0.0675847977399826,
      "y1": -1.4928200244903564,
      "y2": -1.2118200063705444
    },
    "joint_9": {
      "backAndForth": false,
      "collideConnected": false,
      "index1": 37,
      "index2": 14,
      "limit": false,
      "lowerLimit": 0,
      "maxTorque": 10000,
      "motor": false,
      "motorSpeed": 0,
      "type": 3,
      "upperLimit": 3.141590118408203,
      "x1": 0.06492190062999725,
      "x2": -0.0010799099691212177,
      "y1": 1.4718600511550903,
      "y2": -1.2488199472427368
    }
  }
}
