{
  "camera": [
    {
      "bottom": 11.825,
      "id": "Slingshot",
      "left": -5.261,
      "right": 93.358,
      "top": -62.139,
      "x": 44.048,
      "y": -25.157
    },
    {
      "bottom": 11.11,
      "id": "Castle",
      "left": 40.371,
      "right": 138.989,
      "top": -62.854,
      "x": 89.68,
      "y": -25.872
    }
  ],
  "counts": {
    "birds": 3,
    "blocks": 85,
    "joints": 1
  },
  "id": "packHalloween2011_2/LevelP5_388.lua",
  "scoreEagle": 91000,
  "scoreGold": 74000,
  "scoreSilver": 67000,
  "theme": "BACKGROUND_HALLOWEEN_2011",
  "world": {
    "bird_1": {
      "angle": 0,
      "id": "BIRD_BLACK",
      "x": 17.476,
      "y": -23.875
    },
    "bird_2": {
      "angle": 0,
      "id": "BIRD_BLACK",
      "x": 11.819,
      "y": -22.082
    },
    "bird_3": {
      "angle": 0,
      "id": "BIRD_BLACK",
      "x": 8.36,
      "y": -19.154
    },
    "block_1": {
      "angle": 134.071,
      "id": "WOOD_BLOCK_10X1",
      "x": 81.624,
      "y": -11.095
    },
    "block_10": {
      "angle": 45.097,
      "id": "WOOD_BLOCK_10X1",
      "x": 105.95,
      "y": -7.979
    },
    "block_11": {
      "angle": 225.028,
      "id": "TERRAIN_TEXTURED_HILLS_10X10",
      "x": 115.152,
      "y": -3.44
    },
    "block_12": {
      "angle": 69.269,
      "id": "WOOD_BLOCK_10X1",
      "x": 93.381,
      "y": -30.616
    },
    "block_13": {
      "angle": 38.394,
      "id": "WOOD_BLOCK_10X1",
      "x": 86.252,
      "y": -8.188
    },
    "block_14": {
      "angle": 225.028,
      "id": "TERRAIN_TEXTURED_HILLS_10X10",
      "x": 75.84,
      "y": -3.065
    },
    "block_15": {
      "angle": 208.505,
      "id": "WOOD_BLOCK_10X1",
      "x": 83.432,
      "y": -39.122
    },
    "block_16": {
      "angle": 43.182,
      "id": "WOOD_BLOCK_10X1",
      "x": 92.612,
      "y": -8.428
    },
    "block_17": {
      "angle": 225.028,
      "id": "TERRAIN_TEXTURED_HILLS_10X10",
      "x": 98.84,
      "y": -0.627
    },
    "block_18": {
      "angle": 139.199,
      "id": "WOOD_BLOCK_10X1",
      "x": 110.346,
      "y": -17.913
    },
    "block_19": {
      "angle": 6.002,
      "id": "STONE_BLOCK_4X2",
      "x": 97.716,
      "y": -26.579
    },
    "block_2": {
      "angle": 357.993,
      "id": "BLOCK_PUMPKIN_2",
      "x": 121.92,
      "y": -18.225
    },
    "block_20": {
      "angle": 241.112,
      "id": "WOOD_BLOCK_10X1",
      "x": 114.094,
      "y": -14.045
    },
    "block_21": {
      "angle": 42.164,
      "id": "WOOD_BLOCK_10X1",
      "x": 117.687,
      "y": -18.595
    },
    "block_22": {
      "angle": 140.55,
      "id": "WOOD_BLOCK_10X1",
      "x": 96.169,
      "y": -12.419
    },
    "block_23": {
      "angle": 318.771,
      "id": "WOOD_BLOCK_10X1",
      "x": 83.671,
      "y": -29.484
    },
    "block_24": {
      "angle": 136.534,
      "id": "WOOD_BLOCK_10X1",
      "x": 89.264,
      "y": -12.617
    },
    "block_25": {
      "angle": 7.423,
      "id": "BLOCK_PUMPKIN_3",
      "x": 113.094,
      "y": -10.184
    },
    "block_26": {
      "angle": 354,
      "id": "BLOCK_PUMPKIN_1",
      "x": 75.669,
      "y": -12.047
    },
    "block_27": {
      "angle": 0.3,
      "id": "PIG_BASIC_SMALL",
      "x": 96.683,
      "y": -14.903
    },
    "block_28": {
      "angle": 1.152,
      "id": "PIG_BASIC_SMALL",
      "x": 96.579,
      "y": -6.879
    },
    "block_29": {
      "angle": 0.052,
      "id": "PIG_BASIC_SMALL",
      "x": 121.893,
      "y": -16.871
    },
    "block_3": {
      "angle": 356.945,
      "id": "BLOCK_PUMPKIN_2",
      "x": 88.374,
      "y": -17.245
    },
    "block_30": {
      "angle": 357.165,
      "id": "BLOCK_PUMPKIN_2",
      "x": 96.518,
      "y": -8.273
    },
    "block_31": {
      "angle": 8.66,
      "id": "STONE_TRIANGLE_4X4_HOLLOW",
      "x": 90.436,
      "y": -37.384
    },
    "block_32": {
      "angle": 0.003,
      "id": "WOOD_BLOCK_2X2",
      "x": 92.569,
      "y": -27.229
    },
    "block_33": {
      "angle": 225.027,
      "id": "TERRAIN_TEXTURED_HILLS_5X5",
      "x": 108.465,
      "y": -0.252
    },
    "block_34": {
      "angle": 28.885,
      "id": "STONE_TRIANGLE_4X4_HOLLOW",
      "x": 88.005,
      "y": -39.484
    },
    "block_35": {
      "angle": 135.005,
      "id": "WOOD_BLOCK_10X1",
      "x": 102.617,
      "y": -12.174
    },
    "block_36": {
      "angle": 225.116,
      "id": "WOOD_BLOCK_10X1",
      "x": 84.651,
      "y": -15.596
    },
    "block_37": {
      "angle": 225.835,
      "id": "WOOD_BLOCK_10X1",
      "x": 92.831,
      "y": -16.594
    },
    "block_38": {
      "angle": 223.137,
      "id": "WOOD_BLOCK_10X1",
      "x": 99.511,
      "y": -16.612
    },
    "block_39": {
      "angle": 136.528,
      "id": "WOOD_BLOCK_10X1",
      "x": 88.22,
      "y": -19.564
    },
    "block_4": {
      "angle": 225.028,
      "id": "TERRAIN_TEXTURED_HILLS_10X10",
      "x": 86.152,
      "y": -0.565
    },
    "block_40": {
      "angle": 42,
      "id": "STONE_BLOCK_4X2",
      "x": 116.624,
      "y": -21.703
    },
    "block_41": {
      "angle": 137.133,
      "id": "WOOD_BLOCK_10X1",
      "x": 96.175,
      "y": -20.805
    },
    "block_42": {
      "angle": 18.271,
      "id": "WOOD_BLOCK_8X1",
      "x": 102.398,
      "y": -17.541
    },
    "block_43": {
      "angle": 259.028,
      "id": "TERRAIN_TEXTURED_HILLS_10X10",
      "x": 139.135,
      "y": -3.627
    },
    "block_44": {
      "angle": 241.028,
      "id": "TERRAIN_TEXTURED_HILLS_10X10",
      "x": 133.879,
      "y": -10.345
    },
    "block_45": {
      "angle": 220.028,
      "id": "TERRAIN_TEXTURED_HILLS_10X10",
      "x": 53.172,
      "y": -0.834
    },
    "block_46": {
      "angle": 214.028,
      "id": "TERRAIN_TEXTURED_HILLS_10X10",
      "x": 127.463,
      "y": -14.448
    },
    "block_47": {
      "angle": 8.036,
      "id": "TERRAIN_TEXTURED_HILLS_10X10",
      "x": 18.093,
      "y": -13.4
    },
    "block_48": {
      "angle": 359.035,
      "id": "TERRAIN_TEXTURED_HILLS_10X10",
      "x": 13.052,
      "y": -12.862
    },
    "block_49": {
      "angle": 225.027,
      "id": "TERRAIN_TEXTURED_HILLS_5X5",
      "x": 92.715,
      "y": -4.065
    },
    "block_5": {
      "angle": 96.566,
      "id": "WOOD_BLOCK_10X1",
      "x": 86.924,
      "y": -26.858
    },
    "block_50": {
      "angle": 225.027,
      "id": "TERRAIN_TEXTURED_HILLS_5X5",
      "x": 105.527,
      "y": -4.002
    },
    "block_51": {
      "angle": 103,
      "id": "TERRAIN_TEXTURED_HILLS_5X2",
      "x": 8.571,
      "y": -10.804
    },
    "block_52": {
      "angle": 225.028,
      "id": "TERRAIN_TEXTURED_HILLS_10X10",
      "x": 55.837,
      "y": -9.551
    },
    "block_53": {
      "angle": 30,
      "id": "TERRAIN_TEXTURED_HILLS_5X2",
      "x": 6.603,
      "y": -17.302
    },
    "block_54": {
      "angle": 225.028,
      "id": "TERRAIN_TEXTURED_HILLS_10X10",
      "x": 62.501,
      "y": -3.05
    },
    "block_55": {
      "angle": 225.028,
      "id": "TERRAIN_TEXTURED_HILLS_10X10",
      "x": 128.524,
      "y": -3.681
    },
    "block_56": {
      "angle": 205.028,
      "id": "TERRAIN_TEXTURED_HILLS_10X10",
      "x": 121.764,
      "y": -9.004
    },
    "block_57": {
      "angle": 225.028,
      "id": "TERRAIN_TEXTURED_HILLS_10X10",
      "x": 62.688,
      "y": -14.059
    },
    "block_58": {
      "angle": 224.816,
      "id": "WOOD_BLOCK_10X1",
      "x": 109.321,
      "y": -11.348
    },
    "block_59": {
      "angle": 136.037,
      "id": "STONE_BLOCK_8X1",
      "x": 76.454,
      "y": -19.608
    },
    "block_6": {
      "angle": 100.756,
      "id": "WOOD_BLOCK_10X1",
      "x": 80.055,
      "y": -21.162
    },
    "block_60": {
      "angle": 235.028,
      "id": "TERRAIN_TEXTURED_HILLS_10X10",
      "x": 69.515,
      "y": -8.641
    },
    "block_61": {
      "angle": 208.506,
      "id": "WOOD_BLOCK_2X1",
      "x": 80.47,
      "y": -41.948
    },
    "block_62": {
      "angle": 335.036,
      "id": "TERRAIN_TEXTURED_HILLS_5X5",
      "x": 24.074,
      "y": -1.168
    },
    "block_63": {
      "angle": 41.036,
      "id": "TERRAIN_TEXTURED_HILLS_5X5",
      "x": 19.504,
      "y": -18.709
    },
    "block_64": {
      "angle": 351.927,
      "id": "BLOCK_LANTERN",
      "x": 77.688,
      "y": -34.375
    },
    "block_65": {
      "angle": 359.87,
      "id": "PIG_BASIC_MEDIUM",
      "x": 82.329,
      "y": -8.537
    },
    "block_66": {
      "angle": 340.036,
      "id": "TERRAIN_TEXTURED_HILLS_5X5",
      "x": 16.976,
      "y": -20.437
    },
    "block_67": {
      "angle": 36.754,
      "id": "WOOD_BLOCK_10X1",
      "x": 91.516,
      "y": -23.754
    },
    "block_68": {
      "angle": 321.036,
      "id": "TERRAIN_TEXTURED_HILLS_5X5",
      "x": 22.999,
      "y": -14.072
    },
    "block_69": {
      "angle": 324.036,
      "id": "TERRAIN_TEXTURED_HILLS_5X5",
      "x": 13.467,
      "y": -18.578
    },
    "block_7": {
      "angle": 62.09,
      "id": "WOOD_BLOCK_10X1",
      "x": 88.975,
      "y": -30.801
    },
    "block_70": {
      "angle": 359.87,
      "id": "PIG_BASIC_MEDIUM",
      "x": 88.463,
      "y": -15.109
    },
    "block_71": {
      "angle": 16.036,
      "id": "TERRAIN_TEXTURED_HILLS_10X10",
      "x": 18.429,
      "y": -4.327
    },
    "block_72": {
      "angle": 18.036,
      "id": "TERRAIN_TEXTURED_HILLS_5X5",
      "x": 6.802,
      "y": -0.765
    },
    "block_73": {
      "angle": 359.549,
      "id": "PIG_BASIC_MEDIUM",
      "x": 98.895,
      "y": -11.619
    },
    "block_74": {
      "angle": 349.036,
      "id": "TERRAIN_TEXTURED_HILLS_10X10",
      "x": 11.641,
      "y": -4.663
    },
    "block_75": {
      "angle": 135,
      "id": "TERRAIN_TEXTURED_HILLS_5X5",
      "x": 133.689,
      "y": -1.09
    },
    "block_76": {
      "angle": 225.027,
      "id": "TERRAIN_TEXTURED_HILLS_5X5",
      "x": 69.217,
      "y": 0.24
    },
    "block_77": {
      "angle": 225.027,
      "id": "TERRAIN_TEXTURED_HILLS_5X5",
      "x": 121.884,
      "y": -0.194
    },
    "block_78": {
      "angle": 104.867,
      "id": "WOOD_BLOCK_10X1",
      "x": 79.573,
      "y": -13.734
    },
    "block_79": {
      "angle": 163.003,
      "id": "WOOD_BLOCK_10X1",
      "x": 85.17,
      "y": -20.974
    },
    "block_8": {
      "angle": 45.019,
      "id": "WOOD_BLOCK_10X1",
      "x": 99.238,
      "y": -8.023
    },
    "block_80": {
      "angle": 181.157,
      "id": "WOOD_BLOCK_10X1",
      "x": 74.684,
      "y": -15.968
    },
    "block_81": {
      "angle": 229.161,
      "id": "WOOD_BLOCK_10X1",
      "x": 103.149,
      "y": -20.899
    },
    "block_82": {
      "angle": 5.671,
      "id": "WOOD_BLOCK_10X1",
      "x": 95.072,
      "y": -25.383
    },
    "block_83": {
      "angle": 135,
      "id": "WOOD_BLOCK_4X1",
      "x": 104.551,
      "y": -12.797
    },
    "block_84": {
      "angle": 135,
      "id": "WOOD_BLOCK_4X1",
      "x": 107.956,
      "y": -9.35
    },
    "block_85": {
      "angle": 0,
      "id": "WOOD_BLOCK_4X1",
      "x": 82.383,
      "y": -6.154
    },
    "block_9": {
      "angle": 208.492,
      "id": "WOOD_BLOCK_10X1",
      "x": 87.045,
      "y": -35.944
    },
    "joint_1": {
      "collideConnected": false,
      "index1": 63,
      "index2": 60,
      "type": 1,
      "x1": 0,
      "x2": 0,
      "y1": 0,
      "y2": 0
    }
  }
}
