{
  "camera": [
    {
      "bottom": 18.815,
      "id": "Slingshot",
      "left": -40.543,
      "right": 77.667,
      "top": -69.843,
      "x": 64.945,
      "y": -25.514
    },
    {
      "bottom": 16.735,
      "id": "Castle",
      "left": 12.056,
      "right": 118.032,
      "top": -62.747,
      "x": 111.427,
      "y": -23.006
    }
  ],
  "counts": {
    "birds": 3,
    "blocks": 105
  },
  "id": "pack-big-setup/LevelP4_442.lua",
  "scoreEagle": 90000,
  "scoreGold": 65000,
  "scoreSilver": 58000,
  "theme": "BACKGROUND_BIG_SETUP_RED_FLOWERS",
  "world": {
    "bird_1": {
      "angle": 0,
      "id": "BIRD_GREEN",
      "x": 29.07,
      "y": -18.206
    },
    "bird_2": {
      "angle": 0,
      "id": "BIRD_REDBIG",
      "x": 20.558,
      "y": -18.513
    },
    "bird_3": {
      "angle": 0,
      "id": "BIRD_REDBIG",
      "x": 16.658,
      "y": -18.513
    },
    "block_1": {
      "angle": 89.34,
      "id": "WOOD_BLOCK_8X1",
      "x": 138.386,
      "y": -15.579
    },
    "block_10": {
      "angle": 352.217,
      "id": "STONE_BLOCK_8X1",
      "x": 119.504,
      "y": -10.408
    },
    "block_100": {
      "angle": 359.812,
      "id": "STONE_BLOCK_2X2",
      "x": 144.964,
      "y": -21.618
    },
    "block_101": {
      "angle": 225.001,
      "id": "TERRAIN_TEXTURED_HILLS_10X10",
      "x": 34.158,
      "y": -3.233
    },
    "block_102": {
      "angle": 2.382,
      "id": "MISC_HELMET_SMALL",
      "x": 107.127,
      "y": -5.936
    },
    "block_103": {
      "angle": 3.342,
      "id": "MISC_HELMET_SMALL",
      "x": 92.828,
      "y": -14.353
    },
    "block_104": {
      "angle": 358.126,
      "id": "MISC_HELMET_SMALL",
      "x": 83.345,
      "y": -14.622
    },
    "block_105": {
      "angle": 89.998,
      "id": "TERRAIN_TEXTURED_HILLS_10X2",
      "x": 14.547,
      "y": -3.941
    },
    "block_11": {
      "angle": 354.017,
      "id": "STONE_BLOCK_8X1",
      "x": 125.451,
      "y": -10.025
    },
    "block_12": {
      "angle": 1.501,
      "id": "STONE_BLOCK_8X1",
      "x": 83.78,
      "y": -10.353
    },
    "block_13": {
      "angle": 6.062,
      "id": "STONE_BLOCK_8X1",
      "x": 92.067,
      "y": -9.956
    },
    "block_14": {
      "angle": 90.359,
      "id": "WOOD_BLOCK_4X1",
      "x": 87.524,
      "y": -6.676
    },
    "block_15": {
      "angle": 183.469,
      "id": "STONE_BLOCK_2X1",
      "x": 87.368,
      "y": -15.308
    },
    "block_16": {
      "angle": 181.268,
      "id": "WOOD_BLOCK_4X1",
      "x": 87.717,
      "y": -9.19
    },
    "block_17": {
      "angle": 2.256,
      "id": "MISC_HELMET_BIG",
      "x": 134.606,
      "y": -14.548
    },
    "block_18": {
      "angle": 89.85,
      "id": "WOOD_BLOCK_4X1",
      "x": 129.67,
      "y": -6.728
    },
    "block_19": {
      "angle": 174.294,
      "id": "STONE_BLOCK_2X1",
      "x": 128.719,
      "y": -15.433
    },
    "block_2": {
      "angle": 269.745,
      "id": "WOOD_BLOCK_8X1",
      "x": 113.826,
      "y": -4.016
    },
    "block_20": {
      "angle": 179.843,
      "id": "WOOD_BLOCK_4X1",
      "x": 96.15,
      "y": -8.487
    },
    "block_21": {
      "angle": 1.252,
      "id": "STONE_BLOCK_2X1",
      "x": 73.017,
      "y": -30.368
    },
    "block_22": {
      "angle": 0.097,
      "id": "MISC_EXPLOSIVE_TNT",
      "x": 118.306,
      "y": -1.784
    },
    "block_23": {
      "angle": 1.36,
      "id": "STONE_BLOCK_2X1",
      "x": 78.607,
      "y": -30.24
    },
    "block_24": {
      "angle": 1.308,
      "id": "MISC_EXPLOSIVE_TNT",
      "x": 75.793,
      "y": -31.434
    },
    "block_25": {
      "angle": 359.686,
      "id": "WOOD_BLOCK_2X2",
      "x": 139.91,
      "y": -23.62
    },
    "block_26": {
      "angle": 179.344,
      "id": "STONE_BLOCK_2X1",
      "x": 148.018,
      "y": -19.087
    },
    "block_27": {
      "angle": 359.589,
      "id": "MISC_EXPLOSIVE_TNT",
      "x": 150.907,
      "y": -20.248
    },
    "block_28": {
      "angle": 179.289,
      "id": "STONE_BLOCK_2X1",
      "x": 154.211,
      "y": -19.152
    },
    "block_29": {
      "angle": 0.006,
      "id": "MISC_EXPLOSIVE_TNT",
      "x": 98.286,
      "y": -1.738
    },
    "block_3": {
      "angle": 270.021,
      "id": "WOOD_BLOCK_8X1",
      "x": 121.957,
      "y": -4.013
    },
    "block_30": {
      "angle": 359.698,
      "id": "WOOD_BLOCK_2X2",
      "x": 139.933,
      "y": -21.592
    },
    "block_31": {
      "angle": 89.999,
      "id": "WOOD_BLOCK_2X2",
      "x": 108.617,
      "y": -1.093
    },
    "block_32": {
      "angle": 0.18,
      "id": "WOOD_BLOCK_8X1",
      "x": 75.53,
      "y": -20.306
    },
    "block_33": {
      "angle": 269.758,
      "id": "WOOD_BLOCK_8X1",
      "x": 71.815,
      "y": -15.844
    },
    "block_34": {
      "angle": 93.461,
      "id": "WOOD_BLOCK_4X2",
      "x": 87.298,
      "y": -12.79
    },
    "block_35": {
      "angle": 96.088,
      "id": "WOOD_BLOCK_4X2",
      "x": 95.698,
      "y": -12.103
    },
    "block_36": {
      "angle": 84.294,
      "id": "WOOD_BLOCK_4X2",
      "x": 128.948,
      "y": -12.924
    },
    "block_37": {
      "angle": 0.421,
      "id": "PIG_HELMET",
      "x": 107.054,
      "y": -3.937
    },
    "block_38": {
      "angle": 12.629,
      "id": "PIG_HELMET",
      "x": 92.73,
      "y": -12.357
    },
    "block_39": {
      "angle": 181.299,
      "id": "WOOD_BLOCK_8X1",
      "x": 75.954,
      "y": -29.235
    },
    "block_4": {
      "angle": 89.958,
      "id": "WOOD_BLOCK_8X1",
      "x": 79.123,
      "y": -15.835
    },
    "block_40": {
      "angle": 269.976,
      "id": "WOOD_BLOCK_8X1",
      "x": 72.915,
      "y": -15.846
    },
    "block_41": {
      "angle": 270.823,
      "id": "WOOD_BLOCK_8X1",
      "x": 75.677,
      "y": -24.772
    },
    "block_42": {
      "angle": 89.374,
      "id": "WOOD_BLOCK_8X1",
      "x": 145.582,
      "y": -15.598
    },
    "block_43": {
      "angle": 89.791,
      "id": "WOOD_BLOCK_8X1",
      "x": 144.478,
      "y": -15.594
    },
    "block_44": {
      "angle": 179.818,
      "id": "WOOD_BLOCK_8X1",
      "x": 141.799,
      "y": -20.056
    },
    "block_45": {
      "angle": 179.627,
      "id": "WOOD_BLOCK_4X2",
      "x": 75.532,
      "y": -12.942
    },
    "block_46": {
      "angle": 240.186,
      "id": "WOOD_BLOCK_4X2",
      "x": 140.773,
      "y": -13.857
    },
    "block_47": {
      "angle": 359.828,
      "id": "WOOD_BLOCK_4X2",
      "x": 139.994,
      "y": -10.637
    },
    "block_48": {
      "angle": 0.463,
      "id": "WOOD_BLOCK_1X1",
      "x": 136.76,
      "y": -11.285
    },
    "block_49": {
      "angle": 0.026,
      "id": "WOOD_BLOCK_4X2",
      "x": 144.142,
      "y": -10.64
    },
    "block_5": {
      "angle": 41.612,
      "id": "WOOD_BLOCK_8X1",
      "x": 101.112,
      "y": -3.06
    },
    "block_50": {
      "angle": 1.511,
      "id": "WOOD_BLOCK_1X1",
      "x": 85.585,
      "y": -11.375
    },
    "block_51": {
      "angle": 180.211,
      "id": "WOOD_BLOCK_4X2",
      "x": 77.594,
      "y": -10.898
    },
    "block_52": {
      "angle": 179.896,
      "id": "WOOD_BLOCK_4X2",
      "x": 73.53,
      "y": -10.896
    },
    "block_53": {
      "angle": 90.732,
      "id": "WOOD_BLOCK_8X1",
      "x": 72.722,
      "y": -24.788
    },
    "block_54": {
      "angle": 1.19,
      "id": "PIG_BASIC_MEDIUM",
      "x": 134.578,
      "y": -12.648
    },
    "block_55": {
      "angle": 359.997,
      "id": "TERRAIN_TEXTURED_HILLS_10X10",
      "x": 0,
      "y": -4.674
    },
    "block_56": {
      "angle": 353.611,
      "id": "PIG_BASIC_MEDIUM",
      "x": 83.4,
      "y": -12.723
    },
    "block_57": {
      "angle": 41.612,
      "id": "WOOD_BLOCK_8X1",
      "x": 104.283,
      "y": -3.106
    },
    "block_58": {
      "angle": 352.233,
      "id": "WOOD_BLOCK_8X1",
      "x": 115.948,
      "y": -8.846
    },
    "block_59": {
      "angle": 180,
      "id": "TERRAIN_TEXTURED_HILLS_32X2",
      "x": 152.111,
      "y": -8.728
    },
    "block_6": {
      "angle": 89.943,
      "id": "WOOD_BLOCK_8X1",
      "x": 96.061,
      "y": -4.014
    },
    "block_60": {
      "angle": 179.567,
      "id": "WOOD_BLOCK_8X1",
      "x": 151.103,
      "y": -18.053
    },
    "block_61": {
      "angle": 41.612,
      "id": "WOOD_BLOCK_8X1",
      "x": 102.723,
      "y": -3.06
    },
    "block_62": {
      "angle": 89.435,
      "id": "WOOD_BLOCK_8X1",
      "x": 141.634,
      "y": -24.531
    },
    "block_63": {
      "angle": 352.196,
      "id": "WOOD_BLOCK_2X2",
      "x": 120.094,
      "y": -14.197
    },
    "block_64": {
      "angle": 0.254,
      "id": "WOOD_BLOCK_2X2",
      "x": 77.745,
      "y": -23.882
    },
    "block_65": {
      "angle": 0.24,
      "id": "WOOD_BLOCK_2X2",
      "x": 77.743,
      "y": -21.849
    },
    "block_66": {
      "angle": 172.747,
      "id": "WOOD_BLOCK_4X1",
      "x": 121.096,
      "y": -8.46
    },
    "block_67": {
      "angle": 89.566,
      "id": "WOOD_BLOCK_8X1",
      "x": 154.389,
      "y": -13.603
    },
    "block_68": {
      "angle": 177.095,
      "id": "WOOD_BLOCK_4X1",
      "x": 129.339,
      "y": -9.253
    },
    "block_69": {
      "angle": 89.889,
      "id": "WOOD_BLOCK_8X1",
      "x": 147.956,
      "y": -13.565
    },
    "block_7": {
      "angle": 352.202,
      "id": "STONE_BLOCK_8X1",
      "x": 119.319,
      "y": -11.452
    },
    "block_70": {
      "angle": 351.91,
      "id": "WOOD_BLOCK_2X2",
      "x": 122.174,
      "y": -14.487
    },
    "block_71": {
      "angle": 359.997,
      "id": "TERRAIN_TEXTURED_HILLS_10X10",
      "x": 9.371,
      "y": -4.681
    },
    "block_72": {
      "angle": 44.998,
      "id": "TERRAIN_TEXTURED_HILLS_10X2",
      "x": 92.656,
      "y": -0.562
    },
    "block_73": {
      "angle": 314.997,
      "id": "TERRAIN_TEXTURED_HILLS_10X2",
      "x": 124.407,
      "y": -0.645
    },
    "block_74": {
      "angle": 270.001,
      "id": "TERRAIN_TEXTURED_HILLS_10X10",
      "x": 26.878,
      "y": -2.212
    },
    "block_75": {
      "angle": 89.999,
      "id": "TERRAIN_TEXTURED_HILLS_5X5",
      "x": 129.629,
      "y": -2.243
    },
    "block_76": {
      "angle": 270.001,
      "id": "TERRAIN_TEXTURED_HILLS_10X10",
      "x": 19.843,
      "y": -2.859
    },
    "block_77": {
      "angle": 89.999,
      "id": "TERRAIN_TEXTURED_HILLS_5X5",
      "x": 87.479,
      "y": -2.193
    },
    "block_78": {
      "angle": 44.998,
      "id": "TERRAIN_TEXTURED_HILLS_5X5",
      "x": 128.073,
      "y": -0.312
    },
    "block_79": {
      "angle": 308.948,
      "id": "TERRAIN_TEXTURED_HILLS_10X10",
      "x": 14.868,
      "y": -9.84
    },
    "block_8": {
      "angle": 352.186,
      "id": "STONE_BLOCK_8X1",
      "x": 119.246,
      "y": -12.514
    },
    "block_80": {
      "angle": 44.998,
      "id": "TERRAIN_TEXTURED_HILLS_5X5",
      "x": 90.12,
      "y": 1.151
    },
    "block_81": {
      "angle": 134.997,
      "id": "TERRAIN_TEXTURED_HILLS_10X10",
      "x": 80.056,
      "y": -2.035
    },
    "block_82": {
      "angle": 0,
      "id": "TERRAIN_TEXTURED_HILLS_10X10",
      "x": 39.214,
      "y": -4.801
    },
    "block_83": {
      "angle": 179.997,
      "id": "TERRAIN_TEXTURED_HILLS_10X10",
      "x": 76.121,
      "y": -4.917
    },
    "block_84": {
      "angle": 134.997,
      "id": "TERRAIN_TEXTURED_HILLS_10X10",
      "x": 136.889,
      "y": -2.035
    },
    "block_85": {
      "angle": 179.997,
      "id": "TERRAIN_TEXTURED_HILLS_10X10",
      "x": 139.85,
      "y": -3.61
    },
    "block_86": {
      "angle": 45,
      "id": "TERRAIN_TEXTURED_HILLS_10X2",
      "x": 83.915,
      "y": -5.76
    },
    "block_87": {
      "angle": 315,
      "id": "TERRAIN_TEXTURED_HILLS_10X2",
      "x": 133.31,
      "y": -5.553
    },
    "block_88": {
      "angle": 179.997,
      "id": "TERRAIN_TEXTURED_HILLS_10X10",
      "x": 149.017,
      "y": -3.61
    },
    "block_89": {
      "angle": 82.136,
      "id": "STONE_BLOCK_4X2",
      "x": 115.743,
      "y": -14.575
    },
    "block_9": {
      "angle": 2.289,
      "id": "STONE_BLOCK_8X1",
      "x": 133.798,
      "y": -10.317
    },
    "block_90": {
      "angle": 179.997,
      "id": "TERRAIN_TEXTURED_HILLS_10X10",
      "x": 158.534,
      "y": -3.86
    },
    "block_91": {
      "angle": 180,
      "id": "TERRAIN_TEXTURED_HILLS_10X10",
      "x": 57.531,
      "y": -4.827
    },
    "block_92": {
      "angle": 180,
      "id": "TERRAIN_TEXTURED_HILLS_10X10",
      "x": 26.316,
      "y": -11.715
    },
    "block_93": {
      "angle": 225.001,
      "id": "TERRAIN_TEXTURED_HILLS_10X10",
      "x": 31.013,
      "y": -9.667
    },
    "block_94": {
      "angle": 180,
      "id": "TERRAIN_TEXTURED_HILLS_10X10",
      "x": 18.888,
      "y": -11.715
    },
    "block_95": {
      "angle": 179.997,
      "id": "TERRAIN_TEXTURED_HILLS_10X10",
      "x": 163.828,
      "y": -3.708
    },
    "block_96": {
      "angle": 180,
      "id": "TERRAIN_TEXTURED_HILLS_10X10",
      "x": 48.352,
      "y": -4.838
    },
    "block_97": {
      "angle": 180,
      "id": "TERRAIN_TEXTURED_HILLS_10X10",
      "x": 66.616,
      "y": -4.894
    },
    "block_98": {
      "angle": 359.282,
      "id": "STONE_BLOCK_2X2",
      "x": 147.942,
      "y": -20.632
    },
    "block_99": {
      "angle": 359.685,
      "id": "STONE_BLOCK_2X2",
      "x": 139.857,
      "y": -25.652
    }
  }
}
