{
  "camera": [
    {
      "bottom": 13.912,
      "id": "Slingshot",
      "left": -13.72,
      "right": 96.804,
      "top": -68.981,
      "x": 55.844,
      "y": -27.535
    },
    {
      "bottom": 12.908,
      "id": "Castle",
      "left": 41.147,
      "right": 140.905,
      "top": -61.909,
      "x": 105.329,
      "y": -24.5
    }
  ],
  "counts": {
    "birds": 5,
    "blocks": 105
  },
  "id": "pack8/LevelP3_310.lua",
  "scoreEagle": 106000,
  "scoreGold": 120000,
  "scoreSilver": 110000,
  "theme": "BACKGROUND_CLOUDS",
  "world": {
    "bird_1": {
      "angle": 0,
      "id": "BIRD_GREEN",
      "x": 22.242,
      "y": -25.657
    },
    "bird_2": {
      "angle": 0,
      "id": "BIRD_GREEN",
      "x": 15.935,
      "y": -25.526
    },
    "bird_3": {
      "angle": 0,
      "id": "BIRD_GREEN",
      "x": 13.098,
      "y": -25.668
    },
    "bird_4": {
      "angle": 0,
      "id": "BIRD_YELLOW",
      "x": 8.968,
      "y": -25.074
    },
    "bird_5": {
      "angle": 0,
      "id": "BIRD_YELLOW",
      "x": 6.165,
      "y": -25.094
    },
    "block_1": {
      "angle": 359.022,
      "id": "MISC_EXPLOSIVE_TNT",
      "x": 106.156,
      "y": -12.638
    },
    "block_10": {
      "angle": 0.923,
      "id": "PIG_BASIC_SMALL",
      "x": 115.996,
      "y": -4.489
    },
    "block_100": {
      "angle": 360,
      "id": "TERRAIN_TEXTURED_HILLS_10X10",
      "x": 2.342,
      "y": -19.194
    },
    "block_101": {
      "angle": 360,
      "id": "TERRAIN_TEXTURED_HILLS_10X10",
      "x": 2.374,
      "y": -9.61
    },
    "block_102": {
      "angle": 224.999,
      "id": "TERRAIN_TEXTURED_HILLS_1X1",
      "x": 74.982,
      "y": -7.984
    },
    "block_103": {
      "angle": 224.999,
      "id": "TERRAIN_TEXTURED_HILLS_1X1",
      "x": 98.05,
      "y": -0.291
    },
    "block_104": {
      "angle": 224.999,
      "id": "TERRAIN_TEXTURED_HILLS_1X1",
      "x": 113.7,
      "y": -0.079
    },
    "block_105": {
      "angle": 224.999,
      "id": "TERRAIN_TEXTURED_HILLS_1X1",
      "x": 136.799,
      "y": -7.569
    },
    "block_11": {
      "angle": 134.95,
      "id": "STONE_BLOCK_10X1",
      "x": 109.972,
      "y": -11.149
    },
    "block_12": {
      "angle": 223.193,
      "id": "STONE_BLOCK_10X1",
      "x": 102.013,
      "y": -11.36
    },
    "block_13": {
      "angle": 135.341,
      "id": "WOOD_BLOCK_10X1",
      "x": 79.054,
      "y": -11.558
    },
    "block_14": {
      "angle": 45.05,
      "id": "WOOD_BLOCK_10X1",
      "x": 86.555,
      "y": -11.457
    },
    "block_15": {
      "angle": 134.771,
      "id": "WOOD_BLOCK_10X1",
      "x": 86.667,
      "y": -3.825
    },
    "block_16": {
      "angle": 44.33,
      "id": "WOOD_BLOCK_10X1",
      "x": 94.14,
      "y": -3.974
    },
    "block_17": {
      "angle": 134.093,
      "id": "WOOD_BLOCK_10X1",
      "x": 94.284,
      "y": -11.277
    },
    "block_18": {
      "angle": 135.642,
      "id": "WOOD_BLOCK_10X1",
      "x": 117.597,
      "y": -3.775
    },
    "block_19": {
      "angle": 45.42,
      "id": "WOOD_BLOCK_10X1",
      "x": 117.515,
      "y": -11.167
    },
    "block_2": {
      "angle": 359.416,
      "id": "MISC_EXPLOSIVE_TNT",
      "x": 123.154,
      "y": -1.754
    },
    "block_20": {
      "angle": 135.673,
      "id": "WOOD_BLOCK_10X1",
      "x": 86.807,
      "y": -18.857
    },
    "block_21": {
      "angle": 134.029,
      "id": "WOOD_BLOCK_10X1",
      "x": 102.181,
      "y": -18.515
    },
    "block_22": {
      "angle": 44.581,
      "id": "WOOD_BLOCK_10X1",
      "x": 94.312,
      "y": -18.729
    },
    "block_23": {
      "angle": 136.215,
      "id": "WOOD_BLOCK_10X1",
      "x": 94.648,
      "y": -26.064
    },
    "block_24": {
      "angle": 45.037,
      "id": "WOOD_BLOCK_10X1",
      "x": 102.187,
      "y": -26.034
    },
    "block_25": {
      "angle": 134.172,
      "id": "WOOD_BLOCK_10X1",
      "x": 117.727,
      "y": -18.528
    },
    "block_26": {
      "angle": 44.251,
      "id": "WOOD_BLOCK_10X1",
      "x": 109.891,
      "y": -18.616
    },
    "block_27": {
      "angle": 135.219,
      "id": "WOOD_BLOCK_10X1",
      "x": 110.049,
      "y": -25.932
    },
    "block_28": {
      "angle": 44.677,
      "id": "WOOD_BLOCK_10X1",
      "x": 117.571,
      "y": -26.039
    },
    "block_29": {
      "angle": 44.462,
      "id": "WOOD_BLOCK_10X1",
      "x": 125.2,
      "y": -3.78
    },
    "block_3": {
      "angle": 0.178,
      "id": "MISC_EXPLOSIVE_TNT",
      "x": 88.746,
      "y": -1.775
    },
    "block_30": {
      "angle": 132.126,
      "id": "WOOD_BLOCK_10X1",
      "x": 125.32,
      "y": -11.138
    },
    "block_31": {
      "angle": 45.778,
      "id": "WOOD_BLOCK_10X1",
      "x": 132.833,
      "y": -11.21
    },
    "block_32": {
      "angle": 44.386,
      "id": "WOOD_BLOCK_10X1",
      "x": 125.254,
      "y": -18.674
    },
    "block_33": {
      "angle": 133.753,
      "id": "WOOD_BLOCK_10X1",
      "x": 102.442,
      "y": -33.344
    },
    "block_34": {
      "angle": 44.765,
      "id": "WOOD_BLOCK_10X1",
      "x": 109.937,
      "y": -33.459
    },
    "block_35": {
      "angle": 359.126,
      "id": "PIG_HELMET",
      "x": 119.514,
      "y": -2.031
    },
    "block_36": {
      "angle": 0,
      "id": "PIG_HELMET",
      "x": 92.434,
      "y": -2.021
    },
    "block_37": {
      "angle": 135,
      "id": "TERRAIN_TEXTURED_HILLS_10X2",
      "x": 71.469,
      "y": -4.008
    },
    "block_38": {
      "angle": 225,
      "id": "TERRAIN_TEXTURED_HILLS_10X2",
      "x": 140.277,
      "y": -3.609
    },
    "block_39": {
      "angle": 225,
      "id": "TERRAIN_TEXTURED_HILLS_5X2",
      "x": 145.414,
      "y": 1.475
    },
    "block_4": {
      "angle": 134.731,
      "id": "STONE_TRIANGLE_4X4",
      "x": 106.208,
      "y": -33.645
    },
    "block_40": {
      "angle": 135,
      "id": "TERRAIN_TEXTURED_HILLS_5X2",
      "x": 67.33,
      "y": 0.102
    },
    "block_41": {
      "angle": 45,
      "id": "TERRAIN_TEXTURED_HILLS_5X2",
      "x": 100.283,
      "y": 0.762
    },
    "block_42": {
      "angle": 135,
      "id": "TERRAIN_TEXTURED_HILLS_5X2",
      "x": 111.466,
      "y": 0.759
    },
    "block_43": {
      "angle": 225,
      "id": "TERRAIN_TEXTURED_HILLS_5X2",
      "x": 130.594,
      "y": 1.467
    },
    "block_44": {
      "angle": 315,
      "id": "TERRAIN_TEXTURED_HILLS_5X2",
      "x": 81.325,
      "y": 1.145
    },
    "block_45": {
      "angle": 135,
      "id": "TERRAIN_TEXTURED_HILLS_5X2",
      "x": 68.38,
      "y": 1.21
    },
    "block_46": {
      "angle": 135.56,
      "id": "WOOD_TRIANGLE_4X4",
      "x": 82.813,
      "y": -11.708
    },
    "block_47": {
      "angle": 315.316,
      "id": "WOOD_TRIANGLE_4X4",
      "x": 82.96,
      "y": -3.638
    },
    "block_48": {
      "angle": 133.423,
      "id": "WOOD_TRIANGLE_4X4",
      "x": 98.074,
      "y": -11.619
    },
    "block_49": {
      "angle": 312.759,
      "id": "WOOD_TRIANGLE_4X4",
      "x": 98.2,
      "y": -3.576
    },
    "block_5": {
      "angle": 135.046,
      "id": "STONE_TRIANGLE_4X4",
      "x": 113.867,
      "y": -26.239
    },
    "block_50": {
      "angle": 135.419,
      "id": "WOOD_TRIANGLE_4X4",
      "x": 113.776,
      "y": -11.471
    },
    "block_51": {
      "angle": 317.683,
      "id": "WOOD_TRIANGLE_4X4",
      "x": 113.65,
      "y": -3.432
    },
    "block_52": {
      "angle": 135.085,
      "id": "WOOD_TRIANGLE_4X4",
      "x": 90.495,
      "y": -19.006
    },
    "block_53": {
      "angle": 314.76,
      "id": "WOOD_TRIANGLE_4X4",
      "x": 98.39,
      "y": -18.156
    },
    "block_54": {
      "angle": 135.111,
      "id": "WOOD_TRIANGLE_4X4",
      "x": 121.532,
      "y": -18.748
    },
    "block_55": {
      "angle": 313.866,
      "id": "WOOD_TRIANGLE_4X4",
      "x": 113.917,
      "y": -18.175
    },
    "block_56": {
      "angle": 134.795,
      "id": "WOOD_TRIANGLE_4X4",
      "x": 129.049,
      "y": -11.482
    },
    "block_57": {
      "angle": 314.478,
      "id": "WOOD_TRIANGLE_4X4",
      "x": 129.068,
      "y": -3.415
    },
    "block_58": {
      "angle": 314.349,
      "id": "WOOD_TRIANGLE_4X4",
      "x": 90.55,
      "y": -10.962
    },
    "block_59": {
      "angle": 313.914,
      "id": "WOOD_TRIANGLE_4X4",
      "x": 106.138,
      "y": -10.886
    },
    "block_6": {
      "angle": 135.284,
      "id": "STONE_TRIANGLE_4X4",
      "x": 98.451,
      "y": -26.197
    },
    "block_60": {
      "angle": 134.108,
      "id": "WOOD_TRIANGLE_4X4",
      "x": 105.987,
      "y": -18.921
    },
    "block_61": {
      "angle": 315.211,
      "id": "WOOD_TRIANGLE_4X4",
      "x": 106.165,
      "y": -25.581
    },
    "block_62": {
      "angle": 312.132,
      "id": "WOOD_TRIANGLE_4X4",
      "x": 121.572,
      "y": -10.687
    },
    "block_63": {
      "angle": 135.489,
      "id": "WOOD_BLOCK_1X1",
      "x": 82.851,
      "y": -15.289
    },
    "block_64": {
      "angle": 134.741,
      "id": "WOOD_BLOCK_1X1",
      "x": 90.327,
      "y": -7.695
    },
    "block_65": {
      "angle": 133.916,
      "id": "WOOD_BLOCK_1X1",
      "x": 98.109,
      "y": -14.989
    },
    "block_66": {
      "angle": 135.363,
      "id": "WOOD_BLOCK_1X1",
      "x": 121.392,
      "y": -7.511
    },
    "block_67": {
      "angle": 135.387,
      "id": "WOOD_BLOCK_1X1",
      "x": 113.744,
      "y": -14.927
    },
    "block_68": {
      "angle": 135.861,
      "id": "WOOD_BLOCK_1X1",
      "x": 90.616,
      "y": -22.575
    },
    "block_69": {
      "angle": 132.121,
      "id": "WOOD_BLOCK_1X1",
      "x": 106.012,
      "y": -22.286
    },
    "block_7": {
      "angle": 352.917,
      "id": "PIG_BASIC_SMALL",
      "x": 100.067,
      "y": -4.806
    },
    "block_70": {
      "angle": 136.209,
      "id": "WOOD_BLOCK_1X1",
      "x": 98.42,
      "y": -29.823
    },
    "block_71": {
      "angle": 134.539,
      "id": "WOOD_BLOCK_1X1",
      "x": 121.439,
      "y": -22.383
    },
    "block_72": {
      "angle": 134.726,
      "id": "WOOD_BLOCK_1X1",
      "x": 113.804,
      "y": -29.798
    },
    "block_73": {
      "angle": 135,
      "id": "WOOD_BLOCK_1X1",
      "x": 177.009,
      "y": -0.814
    },
    "block_74": {
      "angle": 135.127,
      "id": "WOOD_BLOCK_1X1",
      "x": 129.065,
      "y": -14.965
    },
    "block_75": {
      "angle": 0,
      "id": "TERRAIN_TEXTURED_HILLS_32X2",
      "x": 11.699,
      "y": 0.049
    },
    "block_76": {
      "angle": 90.484,
      "id": "WOOD_BLOCK_8X1",
      "x": 83.115,
      "y": -7.656
    },
    "block_77": {
      "angle": 88.534,
      "id": "WOOD_BLOCK_8X1",
      "x": 98.365,
      "y": -7.605
    },
    "block_78": {
      "angle": 90.757,
      "id": "WOOD_BLOCK_8X1",
      "x": 113.873,
      "y": -7.453
    },
    "block_79": {
      "angle": 90.483,
      "id": "WOOD_BLOCK_8X1",
      "x": 98.749,
      "y": -22.18
    },
    "block_8": {
      "angle": 357.582,
      "id": "PIG_BASIC_SMALL",
      "x": 95.828,
      "y": -4.609
    },
    "block_80": {
      "angle": 89.697,
      "id": "WOOD_BLOCK_8X1",
      "x": 114.021,
      "y": -22.212
    },
    "block_81": {
      "angle": 90.659,
      "id": "WOOD_BLOCK_8X1",
      "x": 129.209,
      "y": -7.439
    },
    "block_82": {
      "angle": 90.145,
      "id": "WOOD_BLOCK_8X1",
      "x": 90.745,
      "y": -14.985
    },
    "block_83": {
      "angle": 89.806,
      "id": "WOOD_BLOCK_8X1",
      "x": 103.869,
      "y": -14.868
    },
    "block_84": {
      "angle": 90.288,
      "id": "WOOD_BLOCK_8X1",
      "x": 106.235,
      "y": -29.62
    },
    "block_85": {
      "angle": 89.46,
      "id": "WOOD_BLOCK_8X1",
      "x": 121.664,
      "y": -14.725
    },
    "block_86": {
      "angle": 88.96,
      "id": "WOOD_BLOCK_8X1",
      "x": 108.378,
      "y": -14.943
    },
    "block_87": {
      "angle": 0,
      "id": "TERRAIN_TEXTURED_HILLS_5X5",
      "x": 23.4,
      "y": -2.575
    },
    "block_88": {
      "angle": 0,
      "id": "TERRAIN_TEXTURED_HILLS_5X5",
      "x": 18.736,
      "y": -2.575
    },
    "block_89": {
      "angle": 0,
      "id": "TERRAIN_TEXTURED_HILLS_5X5",
      "x": 14.018,
      "y": -2.575
    },
    "block_9": {
      "angle": 6.841,
      "id": "PIG_BASIC_SMALL",
      "x": 112.205,
      "y": -4.631
    },
    "block_90": {
      "angle": 0,
      "id": "TERRAIN_TEXTURED_HILLS_5X5",
      "x": 0,
      "y": -2.68
    },
    "block_91": {
      "angle": 0,
      "id": "TERRAIN_TEXTURED_HILLS_5X5",
      "x": 4.718,
      "y": -2.68
    },
    "block_92": {
      "angle": 0,
      "id": "TERRAIN_TEXTURED_HILLS_5X5",
      "x": 9.332,
      "y": -2.68
    },
    "block_93": {
      "angle": 360,
      "id": "TERRAIN_TEXTURED_HILLS_10X10",
      "x": 20.95,
      "y": -19.212
    },
    "block_94": {
      "angle": 360,
      "id": "TERRAIN_TEXTURED_HILLS_10X10",
      "x": 11.647,
      "y": -19.203
    },
    "block_95": {
      "angle": 360,
      "id": "TERRAIN_TEXTURED_HILLS_10X10",
      "x": 20.95,
      "y": -9.662
    },
    "block_96": {
      "angle": 360,
      "id": "TERRAIN_TEXTURED_HILLS_10X10",
      "x": 11.647,
      "y": -9.803
    },
    "block_97": {
      "angle": 135,
      "id": "TERRAIN_TEXTURED_HILLS_10X10",
      "x": 136.17,
      "y": -0.746
    },
    "block_98": {
      "angle": 135,
      "id": "TERRAIN_TEXTURED_HILLS_10X10",
      "x": 75.672,
      "y": -1.199
    },
    "block_99": {
      "angle": 45,
      "id": "TERRAIN_TEXTURED_HILLS_10X10",
      "x": 105.834,
      "y": -1.425
    }
  }
}
