{
  "camera": [
    {
      "bottom": 15.575,
      "id": "Slingshot",
      "left": -16.831,
      "right": 79.41,
      "top": -56.605,
      "x": 49.63,
      "y": -20.515
    },
    {
      "bottom": 13.072,
      "id": "Castle",
      "left": 41.494,
      "right": 129.466,
      "top": -52.907,
      "x": 103.82,
      "y": -19.917
    }
  ],
  "counts": {
    "birds": 5,
    "blocks": 104
  },
  "id": "pack8/LevelP3_309.lua",
  "scoreEagle": 100000,
  "scoreGold": 105000,
  "scoreSilver": 95000,
  "theme": "BACKGROUND_CLOUDS",
  "world": {
    "bird_1": {
      "angle": 0,
      "id": "BIRD_BLUE",
      "x": 20.988,
      "y": -17.909
    },
    "bird_2": {
      "angle": 0,
      "id": "BIRD_BLUE",
      "x": 18.997,
      "y": -17.902
    },
    "bird_3": {
      "angle": 0,
      "id": "BIRD_BLUE",
      "x": 17.333,
      "y": -17.877
    },
    "bird_4": {
      "angle": 0,
      "id": "BIRD_BLUE",
      "x": 13.322,
      "y": -17.84
    },
    "bird_5": {
      "angle": 0,
      "id": "BIRD_BLUE",
      "x": 11.854,
      "y": -17.919
    },
    "block_1": {
      "angle": 179.981,
      "id": "ICE_BLOCK_10X1",
      "x": 104.12,
      "y": -27.9
    },
    "block_10": {
      "angle": 355.548,
      "id": "PIG_BASIC_SMALL",
      "x": 81.3,
      "y": -7.145
    },
    "block_100": {
      "angle": 269.951,
      "id": "WOOD_BLOCK_4X1",
      "x": 112.9,
      "y": -11.481
    },
    "block_101": {
      "angle": 90.241,
      "id": "WOOD_BLOCK_4X1",
      "x": 90.341,
      "y": -16.521
    },
    "block_102": {
      "angle": 89.939,
      "id": "WOOD_BLOCK_4X1",
      "x": 110.93,
      "y": -20.469
    },
    "block_103": {
      "angle": 90,
      "id": "WOOD_BLOCK_4X1",
      "x": 95.337,
      "y": -11.483
    },
    "block_104": {
      "angle": 90,
      "id": "WOOD_BLOCK_4X1",
      "x": 91.085,
      "y": -11.483
    },
    "block_11": {
      "angle": 179.972,
      "id": "ICE_BLOCK_8X1",
      "x": 104.103,
      "y": -13.981
    },
    "block_12": {
      "angle": 179.812,
      "id": "ICE_BLOCK_8X1",
      "x": 112.476,
      "y": -13.992
    },
    "block_13": {
      "angle": 180.184,
      "id": "ICE_BLOCK_8X1",
      "x": 93.656,
      "y": -22.993
    },
    "block_14": {
      "angle": 180.315,
      "id": "ICE_BLOCK_8X1",
      "x": 114.168,
      "y": -22.968
    },
    "block_15": {
      "angle": 270.17,
      "id": "ICE_BLOCK_8X1",
      "x": 117.24,
      "y": -14.502
    },
    "block_16": {
      "angle": 359.75,
      "id": "ICE_BLOCK_8X1",
      "x": 101.92,
      "y": -18.952
    },
    "block_17": {
      "angle": 90.245,
      "id": "ICE_BLOCK_4X2",
      "x": 99.023,
      "y": -21.445
    },
    "block_18": {
      "angle": 90.619,
      "id": "ICE_BLOCK_4X2",
      "x": 99.083,
      "y": -25.4
    },
    "block_19": {
      "angle": 90.12,
      "id": "ICE_BLOCK_4X2",
      "x": 109.021,
      "y": -25.392
    },
    "block_2": {
      "angle": 180.037,
      "id": "ICE_BLOCK_10X1",
      "x": 104.142,
      "y": -32.932
    },
    "block_20": {
      "angle": 90.397,
      "id": "ICE_BLOCK_4X2",
      "x": 108.963,
      "y": -21.434
    },
    "block_21": {
      "angle": 89.777,
      "id": "ICE_BLOCK_4X2",
      "x": 108.216,
      "y": -11.477
    },
    "block_22": {
      "angle": 90.003,
      "id": "ICE_BLOCK_4X2",
      "x": 99.509,
      "y": -11.478
    },
    "block_23": {
      "angle": 90.027,
      "id": "ICE_BLOCK_4X2",
      "x": 114.465,
      "y": -11.481
    },
    "block_24": {
      "angle": 89.83,
      "id": "ICE_BLOCK_4X2",
      "x": 111.115,
      "y": -16.504
    },
    "block_25": {
      "angle": 270.844,
      "id": "ICE_BLOCK_4X2",
      "x": 123.779,
      "y": -8.16
    },
    "block_26": {
      "angle": 2.548,
      "id": "ICE_BLOCK_4X2",
      "x": 124.715,
      "y": -11.174
    },
    "block_27": {
      "angle": 357.862,
      "id": "ICE_BLOCK_4X2",
      "x": 132.381,
      "y": -11.123
    },
    "block_28": {
      "angle": 269.507,
      "id": "ICE_BLOCK_4X2",
      "x": 133.756,
      "y": -8.118
    },
    "block_29": {
      "angle": 268.68,
      "id": "ICE_BLOCK_4X2",
      "x": 84.558,
      "y": -8.133
    },
    "block_3": {
      "angle": 0,
      "id": "ICE_BLOCK_10X1",
      "x": 94.699,
      "y": -13.899
    },
    "block_30": {
      "angle": 268.68,
      "id": "ICE_BLOCK_4X2",
      "x": 78.354,
      "y": -8.008
    },
    "block_31": {
      "angle": 90.12,
      "id": "ICE_BLOCK_4X2",
      "x": 108.066,
      "y": -30.42
    },
    "block_32": {
      "angle": 0.339,
      "id": "ICE_BLOCK_4X1",
      "x": 108.107,
      "y": -18.935
    },
    "block_33": {
      "angle": 270.013,
      "id": "ICE_BLOCK_4X1",
      "x": 99.601,
      "y": -30.321
    },
    "block_34": {
      "angle": 270.013,
      "id": "ICE_BLOCK_4X1",
      "x": 103.914,
      "y": -16.383
    },
    "block_35": {
      "angle": 90,
      "id": "ICE_BLOCK_4X1",
      "x": 126.076,
      "y": -8.153
    },
    "block_36": {
      "angle": 90,
      "id": "ICE_BLOCK_4X1",
      "x": 131.436,
      "y": -8.096
    },
    "block_37": {
      "angle": 0,
      "id": "ICE_BLOCK_4X1",
      "x": 128.465,
      "y": -14.634
    },
    "block_38": {
      "angle": 0,
      "id": "ICE_BLOCK_4X1",
      "x": 81.209,
      "y": -12.591
    },
    "block_39": {
      "angle": 90.26,
      "id": "ICE_BLOCK_2X2",
      "x": 93.891,
      "y": -28.486
    },
    "block_4": {
      "angle": 359.754,
      "id": "ICE_TRIANGLE_4X4",
      "x": 101.971,
      "y": -21.4
    },
    "block_40": {
      "angle": 90.272,
      "id": "ICE_BLOCK_2X2",
      "x": 114.116,
      "y": -28.465
    },
    "block_41": {
      "angle": 0,
      "id": "ICE_BLOCK_2X2",
      "x": 83.606,
      "y": -11.15
    },
    "block_42": {
      "angle": 0,
      "id": "ICE_BLOCK_2X2",
      "x": 79.149,
      "y": -11.093
    },
    "block_43": {
      "angle": 0,
      "id": "ICE_BLOCK_2X2",
      "x": 126.339,
      "y": -13.089
    },
    "block_44": {
      "angle": 0,
      "id": "ICE_BLOCK_2X2",
      "x": 130.719,
      "y": -13.046
    },
    "block_45": {
      "angle": 0,
      "id": "ICE_BLOCK_2X2",
      "x": 132.769,
      "y": -13.081
    },
    "block_46": {
      "angle": 0,
      "id": "ICE_BLOCK_2X2",
      "x": 124.351,
      "y": -13.123
    },
    "block_47": {
      "angle": 0.012,
      "id": "PIG_BASIC_MEDIUM",
      "x": 128.618,
      "y": -8.082
    },
    "block_48": {
      "angle": 0.282,
      "id": "ICE_BLOCK_4X4_HOLLOW",
      "x": 96.905,
      "y": -29.372
    },
    "block_49": {
      "angle": 0.528,
      "id": "ICE_BLOCK_4X4_HOLLOW",
      "x": 113.809,
      "y": -20.434
    },
    "block_5": {
      "angle": 270.813,
      "id": "ICE_TRIANGLE_4X4",
      "x": 106.015,
      "y": -21.413
    },
    "block_50": {
      "angle": 0.304,
      "id": "ICE_BLOCK_4X4_HOLLOW",
      "x": 116.18,
      "y": -25.452
    },
    "block_51": {
      "angle": 0.166,
      "id": "ICE_BLOCK_4X4_HOLLOW",
      "x": 111,
      "y": -29.393
    },
    "block_52": {
      "angle": 0.151,
      "id": "ICE_BLOCK_4X4_HOLLOW",
      "x": 93.373,
      "y": -16.445
    },
    "block_53": {
      "angle": 0.114,
      "id": "ICE_BLOCK_4X4_HOLLOW",
      "x": 107.955,
      "y": -16.47
    },
    "block_54": {
      "angle": 0.036,
      "id": "ICE_BLOCK_4X4_HOLLOW",
      "x": 99.598,
      "y": -16.469
    },
    "block_55": {
      "angle": 0.282,
      "id": "ICE_BLOCK_4X4_HOLLOW",
      "x": 105.145,
      "y": -30.334
    },
    "block_56": {
      "angle": 0.013,
      "id": "TERRAIN_TEXTURED_HILLS_5X2",
      "x": 132.463,
      "y": -5.274
    },
    "block_57": {
      "angle": 2.337,
      "id": "PIG_MUSTACHE",
      "x": 103.982,
      "y": -22.574
    },
    "block_58": {
      "angle": 90,
      "id": "STONE_BLOCK_4X1",
      "x": 97.034,
      "y": -20.519
    },
    "block_59": {
      "angle": 270.013,
      "id": "STONE_BLOCK_4X2",
      "x": 96.539,
      "y": -16.483
    },
    "block_6": {
      "angle": 0.01,
      "id": "PIG_BASIC_SMALL",
      "x": 111.027,
      "y": -10.544
    },
    "block_60": {
      "angle": 270.013,
      "id": "STONE_BLOCK_4X2",
      "x": 116.914,
      "y": -20.446
    },
    "block_61": {
      "angle": 270.013,
      "id": "STONE_BLOCK_4X2",
      "x": 90.881,
      "y": -20.408
    },
    "block_62": {
      "angle": 0,
      "id": "STONE_BLOCK_2X1",
      "x": 117.191,
      "y": -10.003
    },
    "block_63": {
      "angle": 359.832,
      "id": "WOOD_BLOCK_4X4_HOLLOW",
      "x": 91.722,
      "y": -25.446
    },
    "block_64": {
      "angle": 359.832,
      "id": "WOOD_BLOCK_4X4_HOLLOW",
      "x": 93.98,
      "y": -20.428
    },
    "block_65": {
      "angle": 359.832,
      "id": "WOOD_BLOCK_4X4_HOLLOW",
      "x": 114.414,
      "y": -16.446
    },
    "block_66": {
      "angle": 359.832,
      "id": "WOOD_BLOCK_4X4_HOLLOW",
      "x": 95.831,
      "y": -25.416
    },
    "block_67": {
      "angle": 270.214,
      "id": "STONE_BLOCK_4X4_HOLLOW",
      "x": 112.142,
      "y": -25.471
    },
    "block_68": {
      "angle": 0.013,
      "id": "TERRAIN_TEXTURED_HILLS_32X2",
      "x": 82.512,
      "y": -0.539
    },
    "block_69": {
      "angle": 180.009,
      "id": "TERRAIN_TEXTURED_HILLS_5X5",
      "x": 92.81,
      "y": -7
    },
    "block_7": {
      "angle": 0.01,
      "id": "PIG_BASIC_SMALL",
      "x": 97.222,
      "y": -10.539
    },
    "block_70": {
      "angle": 180.009,
      "id": "TERRAIN_TEXTURED_HILLS_5X5",
      "x": 102.073,
      "y": -6.997
    },
    "block_71": {
      "angle": 180.009,
      "id": "TERRAIN_TEXTURED_HILLS_5X5",
      "x": 97.441,
      "y": -6.994
    },
    "block_72": {
      "angle": 180.009,
      "id": "TERRAIN_TEXTURED_HILLS_5X5",
      "x": 115.967,
      "y": -6.992
    },
    "block_73": {
      "angle": 225.009,
      "id": "TERRAIN_TEXTURED_HILLS_5X5",
      "x": 118.413,
      "y": -5.932
    },
    "block_74": {
      "angle": 180.009,
      "id": "TERRAIN_TEXTURED_HILLS_5X5",
      "x": 111.336,
      "y": -6.998
    },
    "block_75": {
      "angle": 180.009,
      "id": "TERRAIN_TEXTURED_HILLS_5X5",
      "x": 106.704,
      "y": -6.996
    },
    "block_76": {
      "angle": 180.009,
      "id": "TERRAIN_TEXTURED_HILLS_5X5",
      "x": 116.022,
      "y": -2.367
    },
    "block_77": {
      "angle": 180.009,
      "id": "TERRAIN_TEXTURED_HILLS_5X5",
      "x": 97.495,
      "y": -2.369
    },
    "block_78": {
      "angle": 270.009,
      "id": "TERRAIN_TEXTURED_HILLS_5X5",
      "x": 88.17,
      "y": -3.623
    },
    "block_79": {
      "angle": 180.009,
      "id": "TERRAIN_TEXTURED_HILLS_5X5",
      "x": 106.758,
      "y": -2.371
    },
    "block_8": {
      "angle": 0.01,
      "id": "PIG_BASIC_SMALL",
      "x": 105.827,
      "y": -10.54
    },
    "block_80": {
      "angle": 180.009,
      "id": "TERRAIN_TEXTURED_HILLS_5X5",
      "x": 120.654,
      "y": -2.37
    },
    "block_81": {
      "angle": 180.009,
      "id": "TERRAIN_TEXTURED_HILLS_5X5",
      "x": 102.127,
      "y": -2.372
    },
    "block_82": {
      "angle": 180.009,
      "id": "TERRAIN_TEXTURED_HILLS_5X5",
      "x": 92.864,
      "y": -2.376
    },
    "block_83": {
      "angle": 180.009,
      "id": "TERRAIN_TEXTURED_HILLS_5X5",
      "x": 111.39,
      "y": -2.374
    },
    "block_84": {
      "angle": 135.011,
      "id": "TERRAIN_TEXTURED_HILLS_5X5",
      "x": 90.539,
      "y": -5.946
    },
    "block_85": {
      "angle": 90.012,
      "id": "TERRAIN_TEXTURED_HILLS_5X5",
      "x": 83.976,
      "y": -3.696
    },
    "block_86": {
      "angle": 90.012,
      "id": "TERRAIN_TEXTURED_HILLS_5X5",
      "x": 79.289,
      "y": -3.658
    },
    "block_87": {
      "angle": 90.012,
      "id": "TERRAIN_TEXTURED_HILLS_5X5",
      "x": 74.601,
      "y": -3.696
    },
    "block_88": {
      "angle": 140.011,
      "id": "TERRAIN_TEXTURED_HILLS_5X5",
      "x": 71.996,
      "y": -2.665
    },
    "block_89": {
      "angle": 180.012,
      "id": "TERRAIN_TEXTURED_HILLS_5X5",
      "x": 132.414,
      "y": -2.258
    },
    "block_9": {
      "angle": 359.793,
      "id": "PIG_BASIC_SMALL",
      "x": 102.453,
      "y": -10.541
    },
    "block_90": {
      "angle": 225.012,
      "id": "TERRAIN_TEXTURED_HILLS_5X5",
      "x": 134.882,
      "y": -2.58
    },
    "block_91": {
      "angle": 225.012,
      "id": "TERRAIN_TEXTURED_HILLS_5X5",
      "x": 138.186,
      "y": 0.707
    },
    "block_92": {
      "angle": 140.011,
      "id": "TERRAIN_TEXTURED_HILLS_5X5",
      "x": 68.344,
      "y": 0.352
    },
    "block_93": {
      "angle": 180.01,
      "id": "TERRAIN_TEXTURED_HILLS_10X10",
      "x": 9.25,
      "y": -12.377
    },
    "block_94": {
      "angle": 180.01,
      "id": "TERRAIN_TEXTURED_HILLS_10X10",
      "x": 9.25,
      "y": -2.692
    },
    "block_95": {
      "angle": 180.01,
      "id": "TERRAIN_TEXTURED_HILLS_10X10",
      "x": 125.333,
      "y": -1.25
    },
    "block_96": {
      "angle": 180.01,
      "id": "TERRAIN_TEXTURED_HILLS_10X10",
      "x": 18.437,
      "y": -2.811
    },
    "block_97": {
      "angle": 180.01,
      "id": "TERRAIN_TEXTURED_HILLS_10X10",
      "x": 0.125,
      "y": -2.811
    },
    "block_98": {
      "angle": 180.01,
      "id": "TERRAIN_TEXTURED_HILLS_10X10",
      "x": 0,
      "y": -12.374
    },
    "block_99": {
      "angle": 180.01,
      "id": "TERRAIN_TEXTURED_HILLS_10X10",
      "x": 18.437,
      "y": -12.311
    }
  }
}
