{
  "camera": [
    {
      "bottom": 8.763,
      "id": "Slingshot",
      "left": -2.041,
      "right": 71.536,
      "top": -47.37,
      "x": 36.362,
      "y": -19.303
    },
    {
      "bottom": 5.438,
      "id": "Castle",
      "left": 35.963,
      "right": 103.007,
      "top": -45.71,
      "x": 71.1,
      "y": -20.136
    }
  ],
  "counts": {
    "birds": 3,
    "blocks": 84
  },
  "id": "pack4/LevelP2_82.lua",
  "scoreEagle": 90000,
  "scoreGold": 75000,
  "scoreSilver": 60000,
  "theme": "BACKGROUND_BUSHES",
  "world": {
    "bird_1": {
      "angle": 0,
      "id": "BIRD_WHITE",
      "x": 16.128,
      "y": -6.06
    },
    "bird_2": {
      "angle": 0,
      "id": "BIRD_WHITE",
      "x": 12.387,
      "y": -6.44
    },
    "bird_3": {
      "angle": 0,
      "id": "BIRD_YELLOW",
      "x": 8.583,
      "y": -5.464
    },
    "block_1": {
      "angle": 359.997,
      "id": "MISC_RUBBER_DUCK",
      "x": 75.935,
      "y": -23.262
    },
    "block_10": {
      "angle": 180.534,
      "id": "STONE_BLOCK_10X1",
      "x": 67.058,
      "y": -18.983
    },
    "block_11": {
      "angle": 180.133,
      "id": "STONE_BLOCK_10X1",
      "x": 77.031,
      "y": -18.93
    },
    "block_12": {
      "angle": 0.64,
      "id": "WOOD_BLOCK_10X1",
      "x": 61.729,
      "y": -10.089
    },
    "block_13": {
      "angle": 0.255,
      "id": "WOOD_BLOCK_10X1",
      "x": 71.854,
      "y": -10.004
    },
    "block_14": {
      "angle": 358.554,
      "id": "WOOD_BLOCK_10X1",
      "x": 81.968,
      "y": -9.984
    },
    "block_15": {
      "angle": 359.4,
      "id": "PIG_HELMET",
      "x": 60.193,
      "y": -16.651
    },
    "block_16": {
      "angle": 356.025,
      "id": "MISC_METAL_HOLYGRAIL",
      "x": 74.375,
      "y": -3.398
    },
    "block_17": {
      "angle": 359.997,
      "id": "PIG_BASIC_MEDIUM",
      "x": 66.9,
      "y": -14.227
    },
    "block_18": {
      "angle": 359.997,
      "id": "PIG_BASIC_MEDIUM",
      "x": 72.159,
      "y": -32.296
    },
    "block_19": {
      "angle": 4.32,
      "id": "MISC_METAL_CHEST",
      "x": 70.825,
      "y": -2.782
    },
    "block_2": {
      "angle": 60.198,
      "id": "MISC_FOOD_HAM",
      "x": 64.233,
      "y": -3.209
    },
    "block_20": {
      "angle": 0.363,
      "id": "STONE_BLOCK_4X2",
      "x": 66.975,
      "y": -11.593
    },
    "block_21": {
      "angle": 1.21,
      "id": "STONE_BLOCK_4X2",
      "x": 76.934,
      "y": -11.522
    },
    "block_22": {
      "angle": 0.125,
      "id": "STONE_BLOCK_4X2",
      "x": 75.861,
      "y": -20.485
    },
    "block_23": {
      "angle": 0.563,
      "id": "STONE_BLOCK_4X2",
      "x": 68.584,
      "y": -20.519
    },
    "block_24": {
      "angle": 0.217,
      "id": "STONE_BLOCK_4X2",
      "x": 72.209,
      "y": -29.435
    },
    "block_25": {
      "angle": 0.816,
      "id": "STONE_BLOCK_4X2",
      "x": 59.903,
      "y": -13.711
    },
    "block_26": {
      "angle": 358.547,
      "id": "STONE_BLOCK_4X2",
      "x": 84.15,
      "y": -13.629
    },
    "block_27": {
      "angle": 90.695,
      "id": "STONE_BLOCK_8X1",
      "x": 64.477,
      "y": -14.532
    },
    "block_28": {
      "angle": 88.527,
      "id": "STONE_BLOCK_8X1",
      "x": 79.471,
      "y": -14.4
    },
    "block_29": {
      "angle": 270.679,
      "id": "STONE_BLOCK_8X1",
      "x": 66.043,
      "y": -23.465
    },
    "block_3": {
      "angle": 343.487,
      "id": "MISC_FOOD_HAM",
      "x": 61.461,
      "y": -4.742
    },
    "block_30": {
      "angle": 270.06,
      "id": "STONE_BLOCK_8X1",
      "x": 78.521,
      "y": -23.4
    },
    "block_31": {
      "angle": 0.637,
      "id": "STONE_BLOCK_8X1",
      "x": 68.111,
      "y": -27.916
    },
    "block_32": {
      "angle": 0.062,
      "id": "STONE_BLOCK_8X1",
      "x": 76.364,
      "y": -27.875
    },
    "block_33": {
      "angle": 90.769,
      "id": "STONE_BLOCK_8X1",
      "x": 69.714,
      "y": -32.371
    },
    "block_34": {
      "angle": 269.892,
      "id": "STONE_BLOCK_8X1",
      "x": 74.733,
      "y": -32.35
    },
    "block_35": {
      "angle": 0.263,
      "id": "STONE_BLOCK_8X1",
      "x": 72.407,
      "y": -36.836
    },
    "block_36": {
      "angle": 179.994,
      "id": "TERRAIN_TEXTURED_HILLS_10X10",
      "x": 48.93,
      "y": -6.157
    },
    "block_37": {
      "angle": 0.017,
      "id": "TERRAIN_TEXTURED_HILLS_10X10",
      "x": 89.503,
      "y": -4.541
    },
    "block_38": {
      "angle": 45.007,
      "id": "TERRAIN_TEXTURED_HILLS_10X10",
      "x": 44.202,
      "y": -4.149
    },
    "block_39": {
      "angle": 327.998,
      "id": "TERRAIN_TEXTURED_HILLS_10X10",
      "x": 36.721,
      "y": 1.995
    },
    "block_4": {
      "angle": 48.741,
      "id": "MISC_FOOD_HAM",
      "x": 64.152,
      "y": -6.475
    },
    "block_40": {
      "angle": 44.998,
      "id": "TERRAIN_TEXTURED_HILLS_10X10",
      "x": 94.137,
      "y": -2.543
    },
    "block_41": {
      "angle": 20.996,
      "id": "TERRAIN_TEXTURED_HILLS_10X10",
      "x": 102.632,
      "y": 2.715
    },
    "block_42": {
      "angle": 180.01,
      "id": "TERRAIN_TEXTURED_HILLS_5X5",
      "x": 55.318,
      "y": -7.1
    },
    "block_43": {
      "angle": 245.999,
      "id": "TERRAIN_TEXTURED_HILLS_5X5",
      "x": 56.46,
      "y": -5.33
    },
    "block_44": {
      "angle": 225.028,
      "id": "TERRAIN_TEXTURED_HILLS_5X5",
      "x": 58.753,
      "y": -1.674
    },
    "block_45": {
      "angle": 270.006,
      "id": "TERRAIN_TEXTURED_HILLS_5X5",
      "x": 55.016,
      "y": -3.349
    },
    "block_46": {
      "angle": 289.028,
      "id": "TERRAIN_TEXTURED_HILLS_5X5",
      "x": 61.523,
      "y": 0.353
    },
    "block_47": {
      "angle": 270.006,
      "id": "TERRAIN_TEXTURED_HILLS_5X5",
      "x": 65.633,
      "y": 0.876
    },
    "block_48": {
      "angle": 278.006,
      "id": "TERRAIN_TEXTURED_HILLS_5X5",
      "x": 69.886,
      "y": 1.216
    },
    "block_49": {
      "angle": 263.006,
      "id": "TERRAIN_TEXTURED_HILLS_5X5",
      "x": 74.198,
      "y": 1.193
    },
    "block_5": {
      "angle": 341.404,
      "id": "MISC_FOOD_HAM",
      "x": 59.991,
      "y": -7.549
    },
    "block_50": {
      "angle": 359.989,
      "id": "TERRAIN_TEXTURED_HILLS_5X5",
      "x": 78.253,
      "y": 0.981
    },
    "block_51": {
      "angle": 268.023,
      "id": "TERRAIN_TEXTURED_HILLS_5X5",
      "x": 81.349,
      "y": -2.974
    },
    "block_52": {
      "angle": 0.017,
      "id": "TERRAIN_TEXTURED_HILLS_5X5",
      "x": 82.872,
      "y": 0.168
    },
    "block_53": {
      "angle": 54.017,
      "id": "TERRAIN_TEXTURED_HILLS_5X5",
      "x": 84.368,
      "y": -4.666
    },
    "block_54": {
      "angle": 179.998,
      "id": "TERRAIN_TEXTURED_HILLS_5X5",
      "x": 16.316,
      "y": -2.291
    },
    "block_55": {
      "angle": 179.998,
      "id": "TERRAIN_TEXTURED_HILLS_5X5",
      "x": 11.732,
      "y": -2.291
    },
    "block_56": {
      "angle": 179.998,
      "id": "TERRAIN_TEXTURED_HILLS_5X5",
      "x": 7.012,
      "y": -2.291
    },
    "block_57": {
      "angle": 224.998,
      "id": "TERRAIN_TEXTURED_HILLS_5X5",
      "x": 4.585,
      "y": -1.347
    },
    "block_58": {
      "angle": 224.998,
      "id": "TERRAIN_TEXTURED_HILLS_5X5",
      "x": 18.609,
      "y": -1.213
    },
    "block_59": {
      "angle": 0.009,
      "id": "WOOD_BLOCK_2X1",
      "x": 55.302,
      "y": -10.135
    },
    "block_6": {
      "angle": 0.264,
      "id": "STONE_TRIANGLE_4X4",
      "x": 74.377,
      "y": -39.276
    },
    "block_60": {
      "angle": 359.997,
      "id": "TERRAIN_TEXTURED_HILLS_10X2",
      "x": 51.83,
      "y": -0.681
    },
    "block_61": {
      "angle": 359.997,
      "id": "TERRAIN_TEXTURED_HILLS_5X2",
      "x": 46.453,
      "y": -0.777
    },
    "block_62": {
      "angle": 192.999,
      "id": "TERRAIN_TEXTURED_HILLS_5X2",
      "x": 23.463,
      "y": -0.269
    },
    "block_63": {
      "angle": 162.998,
      "id": "TERRAIN_TEXTURED_HILLS_5X2",
      "x": 0,
      "y": -0.269
    },
    "block_64": {
      "angle": 6.256,
      "id": "MISC_METAL_DIAMOND",
      "x": 69.75,
      "y": -5.426
    },
    "block_65": {
      "angle": 340.936,
      "id": "MISC_METAL_DIAMOND",
      "x": 71.995,
      "y": -5.26
    },
    "block_66": {
      "angle": 32.039,
      "id": "MISC_METAL_DIAMOND",
      "x": 71.017,
      "y": -7.285
    },
    "block_67": {
      "angle": 89.399,
      "id": "WOOD_BLOCK_8X1",
      "x": 66.324,
      "y": -5.567
    },
    "block_68": {
      "angle": 89.838,
      "id": "WOOD_BLOCK_8X1",
      "x": 67.42,
      "y": -5.56
    },
    "block_69": {
      "angle": 89.744,
      "id": "WOOD_BLOCK_8X1",
      "x": 76.674,
      "y": -5.52
    },
    "block_7": {
      "angle": 270.24,
      "id": "STONE_TRIANGLE_4X4",
      "x": 70.32,
      "y": -39.294
    },
    "block_70": {
      "angle": 270.82,
      "id": "WOOD_BLOCK_8X1",
      "x": 62.523,
      "y": -14.554
    },
    "block_71": {
      "angle": 268.672,
      "id": "WOOD_BLOCK_8X1",
      "x": 81.57,
      "y": -14.448
    },
    "block_72": {
      "angle": 270,
      "id": "WOOD_BLOCK_8X1",
      "x": 72.005,
      "y": -14.471
    },
    "block_73": {
      "angle": 270.785,
      "id": "WOOD_BLOCK_8X1",
      "x": 64.79,
      "y": -23.478
    },
    "block_74": {
      "angle": 270.066,
      "id": "WOOD_BLOCK_8X1",
      "x": 79.625,
      "y": -23.398
    },
    "block_75": {
      "angle": 270.016,
      "id": "WOOD_BLOCK_8X1",
      "x": 75.824,
      "y": -32.348
    },
    "block_76": {
      "angle": 270.735,
      "id": "WOOD_BLOCK_8X1",
      "x": 68.638,
      "y": -32.382
    },
    "block_77": {
      "angle": 270,
      "id": "WOOD_BLOCK_8X1",
      "x": 74.481,
      "y": -14.594
    },
    "block_78": {
      "angle": 270,
      "id": "WOOD_BLOCK_8X1",
      "x": 69.636,
      "y": -14.519
    },
    "block_79": {
      "angle": 270,
      "id": "WOOD_BLOCK_8X1",
      "x": 73.362,
      "y": -23.464
    },
    "block_8": {
      "angle": 359.997,
      "id": "PIG_BASIC_SMALL",
      "x": 77.148,
      "y": -13.418
    },
    "block_80": {
      "angle": 270,
      "id": "WOOD_BLOCK_8X1",
      "x": 71.052,
      "y": -23.389
    },
    "block_81": {
      "angle": 0.803,
      "id": "WOOD_BLOCK_4X2",
      "x": 59.906,
      "y": -11.671
    },
    "block_82": {
      "angle": 359.217,
      "id": "WOOD_BLOCK_4X2",
      "x": 55.879,
      "y": -11.72
    },
    "block_83": {
      "angle": 358.547,
      "id": "WOOD_BLOCK_4X2",
      "x": 84.315,
      "y": -11.597
    },
    "block_84": {
      "angle": 88.145,
      "id": "WOOD_BLOCK_4X1",
      "x": 79.901,
      "y": -7.411
    },
    "block_9": {
      "angle": 359.997,
      "id": "PIG_BASIC_SMALL",
      "x": 68.653,
      "y": -22.588
    }
  }
}
