{
  "camera": [
    {
      "bottom": 10.753,
      "id": "Slingshot",
      "left": -66.419,
      "right": 6.724,
      "top": -44.104,
      "x": 36.234,
      "y": -16.676
    },
    {
      "bottom": 10.467,
      "id": "Castle",
      "left": -25.491,
      "right": 47.652,
      "top": -44.39,
      "x": 77.163,
      "y": -16.961
    }
  ],
  "counts": {
    "birds": 5,
    "blocks": 132,
    "joints": 7
  },
  "id": "pack40/Level828.lua",
  "scoreEagle": 100,
  "scoreGold": 112000,
  "scoreSilver": 105000,
  "world": {
    "bird_1": {
      "angle": 0,
      "id": "BIRD_YELLOW",
      "x": 19.809,
      "y": -13.377
    },
    "bird_2": {
      "angle": 0,
      "id": "BIRD_WHITE",
      "x": 14.636,
      "y": -12.978
    },
    "bird_3": {
      "angle": 0,
      "id": "BIRD_WHITE",
      "x": 10.497,
      "y": -12.914
    },
    "bird_4": {
      "angle": 0,
      "id": "BIRD_YELLOW",
      "x": 5.607,
      "y": -12.053
    },
    "bird_5": {
      "angle": 0,
      "id": "BIRD_YELLOW",
      "x": 2.25,
      "y": -12.124
    },
    "block_1": {
      "angle": 225,
      "id": "TERRAIN_TEXTURED_HILLS_10X2",
      "x": 3.643,
      "y": -4.358
    },
    "block_10": {
      "angle": 359.999,
      "id": "CHROME_STONE_CIRCLE_4X4",
      "x": 83.634,
      "y": -15.39
    },
    "block_100": {
      "angle": 89.998,
      "id": "WOOD_BLOCK_2X1",
      "x": 76.559,
      "y": -18.554
    },
    "block_101": {
      "angle": 89.998,
      "id": "WOOD_BLOCK_2X1",
      "x": 79.273,
      "y": -18.554
    },
    "block_102": {
      "angle": 270,
      "id": "WOOD_BLOCK_2X1",
      "x": 87.02,
      "y": -4.818
    },
    "block_103": {
      "angle": 0,
      "id": "TERRAIN_TEXTURED_HILLS_10X2",
      "x": 12.163,
      "y": -8.136
    },
    "block_104": {
      "angle": 90,
      "id": "TERRAIN_TEXTURED_HILLS_10X2",
      "x": 15.448,
      "y": -3.993
    },
    "block_105": {
      "angle": 90,
      "id": "TERRAIN_TEXTURED_HILLS_10X2",
      "x": 8.806,
      "y": -3.636
    },
    "block_106": {
      "angle": 135,
      "id": "TERRAIN_TEXTURED_HILLS_10X2",
      "x": 12.091,
      "y": -4.35
    },
    "block_107": {
      "angle": 225,
      "id": "TERRAIN_TEXTURED_HILLS_10X2",
      "x": 12.449,
      "y": -4.35
    },
    "block_108": {
      "angle": 180,
      "id": "WOOD_BLOCK_8X1",
      "x": 75.748,
      "y": -12.19
    },
    "block_109": {
      "angle": 0,
      "id": "WOOD_BLOCK_8X1",
      "x": 75.706,
      "y": -17.104
    },
    "block_11": {
      "angle": 359.999,
      "id": "CHROME_STONE_CIRCLE_4X4",
      "x": 92.92,
      "y": -1.962
    },
    "block_110": {
      "angle": 180,
      "id": "WOOD_BLOCK_8X1",
      "x": 85.234,
      "y": -8.364
    },
    "block_111": {
      "angle": 0,
      "id": "WOOD_BLOCK_8X1",
      "x": 85.134,
      "y": -13.207
    },
    "block_112": {
      "angle": 133,
      "id": "WOOD_BLOCK_8X1",
      "x": 66.83,
      "y": -21.045
    },
    "block_113": {
      "angle": 172.001,
      "id": "WOOD_BLOCK_8X1",
      "x": 74.044,
      "y": -24.545
    },
    "block_114": {
      "angle": 210.5,
      "id": "WOOD_BLOCK_8X1",
      "x": 89.972,
      "y": -22.188
    },
    "block_115": {
      "angle": 228,
      "id": "WOOD_BLOCK_8X1",
      "x": 96.473,
      "y": -17.188
    },
    "block_116": {
      "angle": 187.001,
      "id": "WOOD_BLOCK_8X1",
      "x": 82.33,
      "y": -24.616
    },
    "block_117": {
      "angle": 0,
      "id": "WOOD_BLOCK_4X2",
      "x": 63.338,
      "y": -4.74
    },
    "block_118": {
      "angle": 90,
      "id": "WOOD_BLOCK_4X2",
      "x": 71.706,
      "y": -9.754
    },
    "block_119": {
      "angle": 270,
      "id": "WOOD_BLOCK_4X2",
      "x": 78.777,
      "y": -14.604
    },
    "block_12": {
      "angle": 0,
      "id": "CHROME_STONE_RELOAD_4X4",
      "x": 74.777,
      "y": -31.547
    },
    "block_120": {
      "angle": 0,
      "id": "WOOD_BLOCK_4X2",
      "x": 97.644,
      "y": -0.914
    },
    "block_121": {
      "angle": 90,
      "id": "WOOD_BLOCK_4X2",
      "x": 89.227,
      "y": -5.878
    },
    "block_122": {
      "angle": 270,
      "id": "WOOD_BLOCK_4X2",
      "x": 82.206,
      "y": -10.778
    },
    "block_123": {
      "angle": 270,
      "id": "WOOD_BLOCK_4X2",
      "x": 98.615,
      "y": -10.83
    },
    "block_124": {
      "angle": 90,
      "id": "WOOD_BLOCK_4X1",
      "x": 62.206,
      "y": -9.704
    },
    "block_125": {
      "angle": 90,
      "id": "WOOD_BLOCK_4X1",
      "x": 64.491,
      "y": -9.704
    },
    "block_126": {
      "angle": 270,
      "id": "WOOD_BLOCK_4X1",
      "x": 72.348,
      "y": -14.604
    },
    "block_127": {
      "angle": 270,
      "id": "WOOD_BLOCK_4X1",
      "x": 88.634,
      "y": -10.778
    },
    "block_128": {
      "angle": 90,
      "id": "WOOD_BLOCK_4X1",
      "x": 98.777,
      "y": -5.878
    },
    "block_129": {
      "angle": 90,
      "id": "WOOD_BLOCK_4X1",
      "x": 96.491,
      "y": -5.878
    },
    "block_13": {
      "angle": 90,
      "id": "CHROME_STONE_RELOAD_4X4",
      "x": 86.991,
      "y": -30.19
    },
    "block_130": {
      "angle": 179.999,
      "id": "WOOD_BLOCK_4X1",
      "x": 63.348,
      "y": -15.226
    },
    "block_131": {
      "angle": 179.999,
      "id": "WOOD_BLOCK_4X1",
      "x": 78.059,
      "y": -20.033
    },
    "block_132": {
      "angle": 90,
      "id": "WOOD_BLOCK_4X1",
      "x": 78.235,
      "y": -22.533
    },
    "block_14": {
      "angle": 359.999,
      "id": "CHROME_STONE_INCOGNITO_4X4",
      "x": 55.277,
      "y": -1.89
    },
    "block_15": {
      "angle": 359.999,
      "id": "CHROME_STONE_INCOGNITO_4X4",
      "x": 105.748,
      "y": -1.819
    },
    "block_16": {
      "angle": 359.999,
      "id": "CHROME_STONE_INCOGNITO_4X4",
      "x": 66.634,
      "y": -27.904
    },
    "block_17": {
      "angle": 0,
      "id": "CHROME_STONE_WRENCH_4X4",
      "x": 82.92,
      "y": -31.19
    },
    "block_18": {
      "angle": 0,
      "id": "CHROME_STONE_WRENCH_4X4",
      "x": 59.277,
      "y": -1.89
    },
    "block_19": {
      "angle": 90,
      "id": "CHROME_STONE_WRENCH_4X4",
      "x": 59.277,
      "y": -5.819
    },
    "block_2": {
      "angle": 135,
      "id": "TERRAIN_TEXTURED_HILLS_10X2",
      "x": 3.286,
      "y": -4.358
    },
    "block_20": {
      "angle": 180,
      "id": "CHROME_STONE_WRENCH_4X4",
      "x": 59.349,
      "y": -9.819
    },
    "block_21": {
      "angle": 270,
      "id": "CHROME_STONE_WRENCH_4X4",
      "x": 59.206,
      "y": -13.676
    },
    "block_22": {
      "angle": 0,
      "id": "CHROME_STONE_STAR_4X4",
      "x": 78.848,
      "y": -31.976
    },
    "block_23": {
      "angle": 90,
      "id": "CHROME_STONE_BACK_4X4",
      "x": 101.748,
      "y": -1.89
    },
    "block_24": {
      "angle": 90,
      "id": "CHROME_STONE_BACK_4X4",
      "x": 101.706,
      "y": -5.747
    },
    "block_25": {
      "angle": 90,
      "id": "CHROME_STONE_BACK_4X4",
      "x": 101.777,
      "y": -9.604
    },
    "block_26": {
      "angle": 90,
      "id": "CHROME_STONE_BACK_4X4",
      "x": 101.706,
      "y": -13.39
    },
    "block_27": {
      "angle": 0,
      "id": "PIG_BASIC_SMALL",
      "x": 78.848,
      "y": -35.047
    },
    "block_28": {
      "angle": 0,
      "id": "PIG_BASIC_SMALL",
      "x": 74.706,
      "y": -34.726
    },
    "block_29": {
      "angle": 0,
      "id": "PIG_BASIC_SMALL",
      "x": 70.663,
      "y": -33.554
    },
    "block_3": {
      "angle": 90,
      "id": "TERRAIN_TEXTURED_HILLS_10X2",
      "x": 0,
      "y": -3.644
    },
    "block_30": {
      "angle": 0,
      "id": "PIG_BASIC_SMALL",
      "x": 82.977,
      "y": -34.34
    },
    "block_31": {
      "angle": 0,
      "id": "PIG_BASIC_SMALL",
      "x": 101.763,
      "y": -16.54
    },
    "block_32": {
      "angle": 0,
      "id": "PIG_BASIC_SMALL",
      "x": 59.191,
      "y": -16.754
    },
    "block_33": {
      "angle": 0,
      "id": "PIG_BASIC_SMALL",
      "x": 86.947,
      "y": -33.175
    },
    "block_34": {
      "angle": 0,
      "id": "PIG_BASIC_SMALL",
      "x": 90.947,
      "y": -31.89
    },
    "block_35": {
      "angle": 0,
      "id": "PIG_BASIC_SMALL",
      "x": 66.732,
      "y": -30.961
    },
    "block_36": {
      "angle": 359.999,
      "id": "PIG_BASIC_SMALL",
      "x": 74.777,
      "y": -8.819
    },
    "block_37": {
      "angle": 359.999,
      "id": "PIG_BASIC_SMALL",
      "x": 87.134,
      "y": -6.819
    },
    "block_38": {
      "angle": 180,
      "id": "WOOD_BLOCK_10X1",
      "x": 66.541,
      "y": -12.212
    },
    "block_39": {
      "angle": 180,
      "id": "WOOD_BLOCK_10X1",
      "x": 94.441,
      "y": -8.385
    },
    "block_4": {
      "angle": 90,
      "id": "TERRAIN_TEXTURED_HILLS_10X2",
      "x": 6.643,
      "y": -4.001
    },
    "block_40": {
      "angle": 90,
      "id": "WOOD_BLOCK_10X1",
      "x": 93.02,
      "y": -13.818
    },
    "block_41": {
      "angle": 90,
      "id": "WOOD_BLOCK_10X1",
      "x": 86.306,
      "y": -18.676
    },
    "block_42": {
      "angle": 90,
      "id": "WOOD_BLOCK_10X1",
      "x": 70.234,
      "y": -17.604
    },
    "block_43": {
      "angle": 359.999,
      "id": "PIG_BASIC_MEDIUM",
      "x": 74.706,
      "y": -14.39
    },
    "block_44": {
      "angle": 359.999,
      "id": "PIG_BASIC_MEDIUM",
      "x": 85.063,
      "y": -10.39
    },
    "block_45": {
      "angle": 0,
      "id": "MISC_ESTRADE_9X3",
      "x": 12.52,
      "y": -10.064
    },
    "block_46": {
      "angle": 0,
      "id": "MISC_ESTRADE_9X3",
      "x": 3.714,
      "y": -10.073
    },
    "block_47": {
      "angle": 0,
      "id": "STONE_BLOCK_1X1",
      "x": 73.306,
      "y": -33.954
    },
    "block_48": {
      "angle": 0,
      "id": "STONE_BLOCK_1X1",
      "x": 76.206,
      "y": -33.454
    },
    "block_49": {
      "angle": 0,
      "id": "STONE_BLOCK_1X1",
      "x": 77.327,
      "y": -34.483
    },
    "block_5": {
      "angle": 0,
      "id": "TERRAIN_TEXTURED_HILLS_10X2",
      "x": 3.357,
      "y": -8.144
    },
    "block_50": {
      "angle": 0,
      "id": "STONE_BLOCK_1X1",
      "x": 80.277,
      "y": -34.333
    },
    "block_51": {
      "angle": 0,
      "id": "STONE_BLOCK_1X1",
      "x": 72.091,
      "y": -32.854
    },
    "block_52": {
      "angle": 0,
      "id": "STONE_BLOCK_1X1",
      "x": 84.406,
      "y": -33.64
    },
    "block_53": {
      "angle": 0,
      "id": "STONE_BLOCK_1X1",
      "x": 81.434,
      "y": -33.711
    },
    "block_54": {
      "angle": 0,
      "id": "STONE_BLOCK_1X1",
      "x": 103.191,
      "y": -15.84
    },
    "block_55": {
      "angle": 0,
      "id": "STONE_BLOCK_1X1",
      "x": 100.363,
      "y": -15.768
    },
    "block_56": {
      "angle": 0,
      "id": "STONE_BLOCK_1X1",
      "x": 57.791,
      "y": -15.982
    },
    "block_57": {
      "angle": 0,
      "id": "STONE_BLOCK_1X1",
      "x": 60.62,
      "y": -16.054
    },
    "block_58": {
      "angle": 89.999,
      "id": "STONE_BLOCK_1X1",
      "x": 81.484,
      "y": -14.147
    },
    "block_59": {
      "angle": 89.999,
      "id": "STONE_BLOCK_1X1",
      "x": 94.134,
      "y": -9.39
    },
    "block_6": {
      "angle": 0,
      "id": "CHROME_STONE_FORWARD_4X4",
      "x": 70.677,
      "y": -30.476
    },
    "block_60": {
      "angle": 0,
      "id": "STONE_BLOCK_1X1",
      "x": 88.375,
      "y": -32.475
    },
    "block_61": {
      "angle": 0,
      "id": "STONE_BLOCK_1X1",
      "x": 85.547,
      "y": -32.404
    },
    "block_62": {
      "angle": 0,
      "id": "STONE_BLOCK_1X1",
      "x": 92.518,
      "y": -31.19
    },
    "block_63": {
      "angle": 0,
      "id": "STONE_BLOCK_1X1",
      "x": 89.475,
      "y": -31.118
    },
    "block_64": {
      "angle": 0,
      "id": "STONE_BLOCK_1X1",
      "x": 68.161,
      "y": -30.261
    },
    "block_65": {
      "angle": 0,
      "id": "STONE_BLOCK_1X1",
      "x": 65.332,
      "y": -30.189
    },
    "block_66": {
      "angle": 0,
      "id": "STONE_BLOCK_1X1",
      "x": 69.134,
      "y": -32.904
    },
    "block_67": {
      "angle": 89.999,
      "id": "STONE_BLOCK_1X1",
      "x": 93.092,
      "y": -19.24
    },
    "block_68": {
      "angle": 89.999,
      "id": "STONE_BLOCK_1X1",
      "x": 70.306,
      "y": -23.033
    },
    "block_69": {
      "angle": 0,
      "id": "STONE_BLOCK_2X1",
      "x": 98.615,
      "y": -13.33
    },
    "block_7": {
      "angle": 90,
      "id": "CHROME_STONE_FORWARD_4X4",
      "x": 90.991,
      "y": -28.833
    },
    "block_70": {
      "angle": 179.999,
      "id": "TERRAIN_TEXTURED_HILLS_1X1",
      "x": 70.774,
      "y": -65.96
    },
    "block_71": {
      "angle": 179.999,
      "id": "TERRAIN_TEXTURED_HILLS_1X1",
      "x": 74.845,
      "y": -66.031
    },
    "block_72": {
      "angle": 179.999,
      "id": "TERRAIN_TEXTURED_HILLS_1X1",
      "x": 78.774,
      "y": -66.103
    },
    "block_73": {
      "angle": 179.999,
      "id": "TERRAIN_TEXTURED_HILLS_1X1",
      "x": 82.559,
      "y": -65.96
    },
    "block_74": {
      "angle": 179.999,
      "id": "TERRAIN_TEXTURED_HILLS_1X1",
      "x": 67.641,
      "y": -65.916
    },
    "block_75": {
      "angle": 179.999,
      "id": "TERRAIN_TEXTURED_HILLS_1X1",
      "x": 86.784,
      "y": -65.845
    },
    "block_76": {
      "angle": 179.999,
      "id": "TERRAIN_TEXTURED_HILLS_1X1",
      "x": 89.998,
      "y": -65.845
    },
    "block_77": {
      "angle": 0,
      "id": "TERRAIN_TEXTURED_HILLS_10X10",
      "x": 66.134,
      "y": 1.186
    },
    "block_78": {
      "angle": 0,
      "id": "TERRAIN_TEXTURED_HILLS_10X10",
      "x": 75.634,
      "y": -2.833
    },
    "block_79": {
      "angle": 0,
      "id": "TERRAIN_TEXTURED_HILLS_10X10",
      "x": 85.227,
      "y": 1.11
    },
    "block_8": {
      "angle": 22.5,
      "id": "CHROME_BOMB",
      "x": 69.064,
      "y": -5.262
    },
    "block_80": {
      "angle": 359.999,
      "id": "TERRAIN_TEXTURED_HILLS_5X5",
      "x": 19.677,
      "y": -10.182
    },
    "block_81": {
      "angle": 359.999,
      "id": "TERRAIN_TEXTURED_HILLS_5X5",
      "x": 19.699,
      "y": -6.182
    },
    "block_82": {
      "angle": 359.999,
      "id": "TERRAIN_TEXTURED_HILLS_5X5",
      "x": 19.72,
      "y": -1.896
    },
    "block_83": {
      "angle": 0,
      "id": "WOOD_BLOCK_2X2",
      "x": 62.353,
      "y": -6.819
    },
    "block_84": {
      "angle": 0,
      "id": "WOOD_BLOCK_2X2",
      "x": 64.396,
      "y": -6.819
    },
    "block_85": {
      "angle": 180,
      "id": "WOOD_BLOCK_2X2",
      "x": 79.348,
      "y": -8.604
    },
    "block_86": {
      "angle": 180,
      "id": "WOOD_BLOCK_2X2",
      "x": 77.463,
      "y": -8.632
    },
    "block_87": {
      "angle": 0,
      "id": "WOOD_BLOCK_2X2",
      "x": 96.587,
      "y": -2.992
    },
    "block_88": {
      "angle": 180,
      "id": "WOOD_BLOCK_2X2",
      "x": 83.52,
      "y": -4.805
    },
    "block_89": {
      "angle": 0,
      "id": "WOOD_BLOCK_2X2",
      "x": 98.63,
      "y": -2.992
    },
    "block_9": {
      "angle": 67.5,
      "id": "CHROME_BOMB",
      "x": 95.991,
      "y": -10.462
    },
    "block_90": {
      "angle": 180,
      "id": "WOOD_BLOCK_2X2",
      "x": 81.634,
      "y": -4.778
    },
    "block_91": {
      "angle": 179.999,
      "id": "WOOD_BLOCK_2X2",
      "x": 55.348,
      "y": -4.819
    },
    "block_92": {
      "angle": 179.999,
      "id": "WOOD_BLOCK_2X2",
      "x": 105.848,
      "y": -4.747
    },
    "block_93": {
      "angle": 179.999,
      "id": "WOOD_BLOCK_2X2",
      "x": 64.092,
      "y": -16.747
    },
    "block_94": {
      "angle": 270,
      "id": "WOOD_BLOCK_2X1",
      "x": 79.32,
      "y": -10.654
    },
    "block_95": {
      "angle": 270,
      "id": "WOOD_BLOCK_2X1",
      "x": 77.484,
      "y": -10.632
    },
    "block_96": {
      "angle": 270,
      "id": "WOOD_BLOCK_2X1",
      "x": 83.498,
      "y": -6.805
    },
    "block_97": {
      "angle": 270,
      "id": "WOOD_BLOCK_2X1",
      "x": 81.663,
      "y": -6.828
    },
    "block_98": {
      "angle": 89.998,
      "id": "WOOD_BLOCK_2X1",
      "x": 62.134,
      "y": -13.819
    },
    "block_99": {
      "angle": 89.998,
      "id": "WOOD_BLOCK_2X1",
      "x": 64.42,
      "y": -13.747
    },
    "joint_1": {
      "collideConnected": false,
      "index1": 74,
      "index2": 12,
      "type": 1,
      "x1": 0,
      "x2": 0,
      "y1": 0,
      "y2": 0
    },
    "joint_2": {
      "collideConnected": false,
      "index1": 70,
      "index2": 11,
      "type": 1,
      "x1": 0,
      "x2": 0,
      "y1": 0,
      "y2": 0
    },
    "joint_3": {
      "collideConnected": false,
      "index1": 72,
      "index2": 16,
      "type": 1,
      "x1": 0,
      "x2": 0,
      "y1": 0,
      "y2": 0
    },
    "joint_4": {
      "collideConnected": false,
      "index1": 69,
      "index2": 5,
      "type": 1,
      "x1": 0,
      "x2": 0,
      "y1": 0,
      "y2": 0
    },
    "joint_5": {
      "collideConnected": false,
      "index1": 71,
      "index2": 21,
      "type": 1,
      "x1": 0,
      "x2": 0,
      "y1": 0,
      "y2": 0
    },
    "joint_6": {
      "collideConnected": false,
      "index1": 15,
      "index2": 73,
      "type": 1,
      "x1": 0,
      "x2": 0,
      "y1": 0,
      "y2": 0
    },
    "joint_7": {
      "collideConnected": false,
      "index1": 75,
      "index2": 6,
      "type": 1,
      "x1": 0,
      "x2": 0,
      "y1": 0,
      "y2": 0
    }
  }
}
