{
  "camera": [
    {
      "bottom": 17.584,
      "id": "Slingshot",
      "left": -59.788,
      "right": 44.46,
      "top": -60.603,
      "x": 62.159,
      "y": -21.51
    },
    {
      "bottom": 16.871,
      "id": "Castle",
      "left": -16.724,
      "right": 87.524,
      "top": -61.315,
      "x": 105.222,
      "y": -22.222
    }
  ],
  "counts": {
    "birds": 4,
    "blocks": 133,
    "joints": 13
  },
  "id": "packMoonFestival2/LevelMC_455.lua",
  "theme": "BACKGROUND_MOONFESTIVAL",
  "world": {
    "bird_1": {
      "angle": 0,
      "id": "BIRD_WHITE",
      "x": 35.94,
      "y": -7.453
    },
    "bird_2": {
      "angle": 0,
      "id": "BIRD_WHITE",
      "x": 21.19,
      "y": -5.681
    },
    "bird_3": {
      "angle": 0,
      "id": "BIRD_BLACK",
      "x": 18.135,
      "y": -5.477
    },
    "bird_4": {
      "angle": 0,
      "id": "BIRD_REDBIG",
      "x": 14.776,
      "y": -5.376
    },
    "block_1": {
      "angle": 90,
      "id": "STONE_BLOCK_4X2",
      "x": 123.284,
      "y": -24.165
    },
    "block_10": {
      "angle": 180,
      "id": "STONE_BLOCK_2X1",
      "x": 107.271,
      "y": -13.297
    },
    "block_100": {
      "angle": 359.999,
      "id": "PIG_BASIC_MEDIUM",
      "x": 128.282,
      "y": -5.789
    },
    "block_101": {
      "angle": 135,
      "id": "STONE_TRIANGLE_4X4",
      "x": 98.057,
      "y": -27.887
    },
    "block_102": {
      "angle": 179.925,
      "id": "STONE_BLOCK_4X2",
      "x": 85.661,
      "y": -13.038
    },
    "block_103": {
      "angle": 270.146,
      "id": "STONE_BLOCK_4X2",
      "x": 92.819,
      "y": -12.087
    },
    "block_104": {
      "angle": 179.799,
      "id": "STONE_BLOCK_10X1",
      "x": 88.665,
      "y": -14.599
    },
    "block_105": {
      "angle": 359.962,
      "id": "STONE_BLOCK_4X2",
      "x": 91.754,
      "y": -7.069
    },
    "block_106": {
      "angle": 179.799,
      "id": "STONE_BLOCK_10X1",
      "x": 92.997,
      "y": -20.404
    },
    "block_107": {
      "angle": 270,
      "id": "STONE_BLOCK_4X2",
      "x": 88.928,
      "y": -17.004
    },
    "block_108": {
      "angle": 179.799,
      "id": "STONE_BLOCK_10X1",
      "x": 103.085,
      "y": -20.404
    },
    "block_109": {
      "angle": 179.799,
      "id": "STONE_BLOCK_10X1",
      "x": 100.929,
      "y": -7.433
    },
    "block_11": {
      "angle": 270,
      "id": "WOOD_BLOCK_4X1",
      "x": 112.773,
      "y": -9.988
    },
    "block_110": {
      "angle": 179.799,
      "id": "STONE_BLOCK_10X1",
      "x": 108.208,
      "y": -12.475
    },
    "block_111": {
      "angle": 359.974,
      "id": "STONE_BLOCK_4X2",
      "x": 85.631,
      "y": -5.006
    },
    "block_112": {
      "angle": 179.799,
      "id": "STONE_BLOCK_10X1",
      "x": 127.205,
      "y": -12.836
    },
    "block_113": {
      "angle": 89.945,
      "id": "STONE_BLOCK_4X2",
      "x": 84.598,
      "y": -10.037
    },
    "block_114": {
      "angle": 0,
      "id": "STONE_BLOCK_10X1",
      "x": 135.469,
      "y": -19.949
    },
    "block_115": {
      "angle": 0,
      "id": "STONE_BLOCK_2X2",
      "x": 131.396,
      "y": -14.38
    },
    "block_116": {
      "angle": 0.002,
      "id": "B_CHINESE_LANTERN_3",
      "x": 85.556,
      "y": -18.405
    },
    "block_117": {
      "angle": 90,
      "id": "STONE_BLOCK_2X2",
      "x": 104.872,
      "y": -5.941
    },
    "block_118": {
      "angle": 0.002,
      "id": "B_CHINESE_LANTERN_3",
      "x": 126.518,
      "y": -28.63
    },
    "block_119": {
      "angle": 359.927,
      "id": "STONE_BLOCK_2X2",
      "x": 96.85,
      "y": -8.99
    },
    "block_12": {
      "angle": 90,
      "id": "WOOD_BLOCK_4X1",
      "x": 103.402,
      "y": -9.949
    },
    "block_120": {
      "angle": 359.999,
      "id": "STONE_BLOCK_2X2",
      "x": 101.176,
      "y": -21.827
    },
    "block_121": {
      "angle": 359.999,
      "id": "STONE_BLOCK_2X2",
      "x": 94.821,
      "y": -21.827
    },
    "block_122": {
      "angle": 270,
      "id": "STONE_BLOCK_4X2",
      "x": 129.515,
      "y": -24.067
    },
    "block_123": {
      "angle": 270,
      "id": "STONE_BLOCK_4X2",
      "x": 129.455,
      "y": -20.113
    },
    "block_124": {
      "angle": 359.999,
      "id": "STONE_BLOCK_8X1",
      "x": 126.27,
      "y": -17.755
    },
    "block_125": {
      "angle": 359.999,
      "id": "STONE_BLOCK_8X1",
      "x": 126.34,
      "y": -26.562
    },
    "block_126": {
      "angle": 359.999,
      "id": "STONE_BLOCK_8X1",
      "x": 97.999,
      "y": -23.239
    },
    "block_127": {
      "angle": 179.999,
      "id": "STONE_BLOCK_8X1",
      "x": 136.323,
      "y": -12.841
    },
    "block_128": {
      "angle": 0,
      "id": "B_BRIDGE",
      "x": 33.34,
      "y": -2.338
    },
    "block_129": {
      "angle": 0,
      "id": "B_BRIDGE",
      "x": 73.136,
      "y": -2.261
    },
    "block_13": {
      "angle": 0,
      "id": "STONE_BLOCK_4X2",
      "x": 124.155,
      "y": -11.363
    },
    "block_130": {
      "angle": 0,
      "id": "B_BRIDGE",
      "x": 160.185,
      "y": -2.239
    },
    "block_131": {
      "angle": 90,
      "id": "STONE_BLOCK_4X2",
      "x": 139.492,
      "y": -17.304
    },
    "block_132": {
      "angle": 90,
      "id": "STONE_BLOCK_4X2",
      "x": 131.446,
      "y": -17.45
    },
    "block_133": {
      "angle": 28.001,
      "id": "B_CHINESE_FAN_1",
      "x": 128.809,
      "y": -6.525
    },
    "block_14": {
      "angle": 315,
      "id": "WOOD_BLOCK_4X1",
      "x": 96.344,
      "y": -29.686
    },
    "block_15": {
      "angle": 0,
      "id": "STONE_BLOCK_4X2",
      "x": 124.207,
      "y": -5.356
    },
    "block_16": {
      "angle": 269.999,
      "id": "STONE_BLOCK_4X2",
      "x": 96.351,
      "y": -25.71
    },
    "block_17": {
      "angle": 225,
      "id": "WOOD_BLOCK_4X1",
      "x": 99.856,
      "y": -29.706
    },
    "block_18": {
      "angle": 269.999,
      "id": "STONE_BLOCK_4X2",
      "x": 99.823,
      "y": -25.71
    },
    "block_19": {
      "angle": 359.999,
      "id": "STONE_BLOCK_4X2",
      "x": 85.734,
      "y": -16.118
    },
    "block_2": {
      "angle": 180,
      "id": "STONE_BLOCK_4X2",
      "x": 128.317,
      "y": -14.28
    },
    "block_20": {
      "angle": 269.999,
      "id": "WOOD_BLOCK_4X1",
      "x": 137.036,
      "y": -10.221
    },
    "block_21": {
      "angle": 359.999,
      "id": "STONE_BLOCK_4X2",
      "x": 110.166,
      "y": -13.914
    },
    "block_22": {
      "angle": 135,
      "id": "WOOD_BLOCK_8X1",
      "x": 123.685,
      "y": -29.028
    },
    "block_23": {
      "angle": 0,
      "id": "STONE_BLOCK_2X2",
      "x": 139.442,
      "y": -14.234
    },
    "block_24": {
      "angle": 225,
      "id": "WOOD_BLOCK_8X1",
      "x": 129.163,
      "y": -28.96
    },
    "block_25": {
      "angle": 360,
      "id": "MISC_ESTRADE_9X3",
      "x": 17.525,
      "y": -2.729
    },
    "block_26": {
      "angle": 179.975,
      "id": "STONE_BLOCK_4X1",
      "x": 90.069,
      "y": -19.479
    },
    "block_27": {
      "angle": 90,
      "id": "WOOD_BLOCK_8X1",
      "x": 125.802,
      "y": -22.128
    },
    "block_28": {
      "angle": 360,
      "id": "MISC_ESTRADE_9X3",
      "x": 33.883,
      "y": -4.619
    },
    "block_29": {
      "angle": 0,
      "id": "STONE_BLOCK_4X2",
      "x": 132.261,
      "y": -11.363
    },
    "block_3": {
      "angle": 90,
      "id": "STONE_BLOCK_4X2",
      "x": 123.224,
      "y": -20.211
    },
    "block_30": {
      "angle": 90,
      "id": "STONE_BLOCK_4X2",
      "x": 139.62,
      "y": -10.343
    },
    "block_31": {
      "angle": 90,
      "id": "STONE_BLOCK_2X2",
      "x": 129.437,
      "y": -16.308
    },
    "block_32": {
      "angle": 0,
      "id": "STONE_BLOCK_2X2",
      "x": 133.757,
      "y": -14.306
    },
    "block_33": {
      "angle": 0,
      "id": "B_CHINESE_TEACUP",
      "x": 135.599,
      "y": -20.9
    },
    "block_34": {
      "angle": 359.999,
      "id": "PIG_BASIC_SMALL",
      "x": 92.721,
      "y": -21.967
    },
    "block_35": {
      "angle": 359.999,
      "id": "PIG_BASIC_SMALL",
      "x": 103.224,
      "y": -21.902
    },
    "block_36": {
      "angle": 359.999,
      "id": "PIG_BASIC_SMALL",
      "x": 107.731,
      "y": -4.869
    },
    "block_37": {
      "angle": 45.002,
      "id": "TERRAIN_TEXTURED_HILLS_5X5",
      "x": 203.356,
      "y": -0.223
    },
    "block_38": {
      "angle": 0,
      "id": "STONE_BLOCK_4X2",
      "x": 97.957,
      "y": -14.942
    },
    "block_39": {
      "angle": 89.945,
      "id": "STONE_BLOCK_4X2",
      "x": 96.928,
      "y": -11.989
    },
    "block_4": {
      "angle": 90,
      "id": "STONE_BLOCK_4X2",
      "x": 123.276,
      "y": -15.3
    },
    "block_40": {
      "angle": 270,
      "id": "STONE_BLOCK_4X2",
      "x": 97.01,
      "y": -17.896
    },
    "block_41": {
      "angle": 90,
      "id": "STONE_BLOCK_4X2",
      "x": 104.938,
      "y": -9.999
    },
    "block_42": {
      "angle": 270,
      "id": "STONE_BLOCK_4X2",
      "x": 107.171,
      "y": -17.855
    },
    "block_43": {
      "angle": 90.009,
      "id": "WOOD_BLOCK_4X2",
      "x": 98.986,
      "y": -9.957
    },
    "block_44": {
      "angle": 359.962,
      "id": "STONE_BLOCK_4X2",
      "x": 97.956,
      "y": -6.068
    },
    "block_45": {
      "angle": 359.999,
      "id": "B_CHINESE_HAT_3",
      "x": 136.522,
      "y": -16.501
    },
    "block_46": {
      "angle": 0,
      "id": "TERRAIN_TEXTURED_HILLS_10X10",
      "x": 107.202,
      "y": 0.995
    },
    "block_47": {
      "angle": 0,
      "id": "STONE_BLOCK_4X2",
      "x": 111.488,
      "y": -4.947
    },
    "block_48": {
      "angle": 0,
      "id": "TERRAIN_TEXTURED_HILLS_10X10",
      "x": 126.089,
      "y": 1.029
    },
    "block_49": {
      "angle": 0,
      "id": "TERRAIN_TEXTURED_HILLS_10X10",
      "x": 97.79,
      "y": 0.995
    },
    "block_5": {
      "angle": 359.999,
      "id": "PIG_BASIC_SMALL",
      "x": 127.345,
      "y": -19.244
    },
    "block_50": {
      "angle": 270,
      "id": "STONE_BLOCK_4X2",
      "x": 111.238,
      "y": -9.938
    },
    "block_51": {
      "angle": 359.999,
      "id": "B_CHINESE_HAT_3",
      "x": 104.255,
      "y": -15.983
    },
    "block_52": {
      "angle": 0,
      "id": "TERRAIN_TEXTURED_HILLS_10X10",
      "x": 116.667,
      "y": 1.011
    },
    "block_53": {
      "angle": 0,
      "id": "STONE_BLOCK_4X2",
      "x": 111.428,
      "y": -6.93
    },
    "block_54": {
      "angle": 0,
      "id": "B_CHINESE_TEACUP",
      "x": 137.163,
      "y": -20.9
    },
    "block_55": {
      "angle": 0,
      "id": "TERRAIN_TEXTURED_HILLS_10X10",
      "x": 88.325,
      "y": 0.978
    },
    "block_56": {
      "angle": 0,
      "id": "B_CHINESE_TEACUP",
      "x": 136.175,
      "y": -21.888
    },
    "block_57": {
      "angle": 89.999,
      "id": "WOOD_BLOCK_2X1",
      "x": 112.717,
      "y": -13.856
    },
    "block_58": {
      "angle": 0.002,
      "id": "TERRAIN_TEXTURED_HILLS_32X2",
      "x": 186.347,
      "y": -0.853
    },
    "block_59": {
      "angle": 0.002,
      "id": "TERRAIN_TEXTURED_HILLS_32X2",
      "x": 0,
      "y": -0.804
    },
    "block_6": {
      "angle": 90,
      "id": "STONE_BLOCK_4X2",
      "x": 132.311,
      "y": -8.448
    },
    "block_60": {
      "angle": 0,
      "id": "TERRAIN_TEXTURED_HILLS_10X10",
      "x": 145.109,
      "y": 1.106
    },
    "block_61": {
      "angle": 90,
      "id": "WOOD_BLOCK_2X1",
      "x": 103.303,
      "y": -5.938
    },
    "block_62": {
      "angle": 0,
      "id": "TERRAIN_TEXTURED_HILLS_10X10",
      "x": 135.554,
      "y": 1.045
    },
    "block_63": {
      "angle": 89.796,
      "id": "WOOD_BLOCK_4X2",
      "x": 99.072,
      "y": -17.896
    },
    "block_64": {
      "angle": 270,
      "id": "WOOD_BLOCK_4X2",
      "x": 90.935,
      "y": -16.96
    },
    "block_65": {
      "angle": 0.002,
      "id": "TERRAIN_TEXTURED_HILLS_10X2",
      "x": 48.607,
      "y": -0.778
    },
    "block_66": {
      "angle": 89.796,
      "id": "WOOD_BLOCK_4X2",
      "x": 90.771,
      "y": -10.06
    },
    "block_67": {
      "angle": 0,
      "id": "WOOD_BLOCK_1X1",
      "x": 91.36,
      "y": -21.441
    },
    "block_68": {
      "angle": 0.002,
      "id": "TERRAIN_TEXTURED_HILLS_10X2",
      "x": 57.93,
      "y": -0.793
    },
    "block_69": {
      "angle": 90.009,
      "id": "WOOD_BLOCK_4X2",
      "x": 86.656,
      "y": -8.005
    },
    "block_7": {
      "angle": 359.999,
      "id": "PIG_BASIC_SMALL",
      "x": 101.831,
      "y": -9.046
    },
    "block_70": {
      "angle": 0,
      "id": "WOOD_BLOCK_1X1",
      "x": 104.814,
      "y": -21.275
    },
    "block_71": {
      "angle": 0.002,
      "id": "TERRAIN_TEXTURED_HILLS_10X2",
      "x": 18.027,
      "y": -0.826
    },
    "block_72": {
      "angle": 0,
      "id": "TERRAIN_TEXTURED_HILLS_5X2",
      "x": 138.364,
      "y": -4.066
    },
    "block_73": {
      "angle": 359.999,
      "id": "B_CHINESE_HAT_1",
      "x": 101.804,
      "y": -10.138
    },
    "block_74": {
      "angle": 359.999,
      "id": "B_CHINESE_HAT_1",
      "x": 127.368,
      "y": -20.308
    },
    "block_75": {
      "angle": 180,
      "id": "WOOD_BLOCK_2X2",
      "x": 107.271,
      "y": -14.799
    },
    "block_76": {
      "angle": 359.999,
      "id": "B_CHINESE_HAT_1",
      "x": 92.621,
      "y": -22.996
    },
    "block_77": {
      "angle": 359.999,
      "id": "PIG_BASIC_MEDIUM",
      "x": 104.337,
      "y": -14.528
    },
    "block_78": {
      "angle": 0,
      "id": "TERRAIN_TEXTURED_HILLS_5X2",
      "x": 91.883,
      "y": -5.336
    },
    "block_79": {
      "angle": 0.002,
      "id": "B_BUNNY_STATUE",
      "x": 145.023,
      "y": -5.64
    },
    "block_8": {
      "angle": 180,
      "id": "STONE_BLOCK_4X2",
      "x": 132.268,
      "y": -5.381
    },
    "block_80": {
      "angle": 0,
      "id": "TERRAIN_TEXTURED_HILLS_5X2",
      "x": 91.883,
      "y": -3.902
    },
    "block_81": {
      "angle": 0,
      "id": "TERRAIN_TEXTURED_HILLS_5X2",
      "x": 132.28,
      "y": -3.564
    },
    "block_82": {
      "angle": 89.966,
      "id": "WOOD_BLOCK_2X2",
      "x": 86.697,
      "y": -11.004
    },
    "block_83": {
      "angle": 0,
      "id": "TERRAIN_TEXTURED_HILLS_5X2",
      "x": 97.939,
      "y": -2.84
    },
    "block_84": {
      "angle": 89.966,
      "id": "WOOD_BLOCK_2X2",
      "x": 99.027,
      "y": -12.957
    },
    "block_85": {
      "angle": 0,
      "id": "TERRAIN_TEXTURED_HILLS_5X2",
      "x": 97.938,
      "y": -4.273
    },
    "block_86": {
      "angle": 269.999,
      "id": "WOOD_BLOCK_4X2",
      "x": 125.132,
      "y": -8.297
    },
    "block_87": {
      "angle": 0,
      "id": "TERRAIN_TEXTURED_HILLS_5X2",
      "x": 116.174,
      "y": -4.165
    },
    "block_88": {
      "angle": 269.999,
      "id": "WOOD_BLOCK_4X2",
      "x": 123.069,
      "y": -8.338
    },
    "block_89": {
      "angle": 0,
      "id": "TERRAIN_TEXTURED_HILLS_5X2",
      "x": 103.47,
      "y": -4.11
    },
    "block_9": {
      "angle": 180,
      "id": "STONE_BLOCK_4X2",
      "x": 138.656,
      "y": -7.309
    },
    "block_90": {
      "angle": 0,
      "id": "TERRAIN_TEXTURED_HILLS_5X2",
      "x": 138.333,
      "y": -5.41
    },
    "block_91": {
      "angle": 0,
      "id": "TERRAIN_TEXTURED_HILLS_5X2",
      "x": 124.572,
      "y": -3.565
    },
    "block_92": {
      "angle": 0,
      "id": "B_CHINESE_TEAPOT",
      "x": 133.46,
      "y": -21.491
    },
    "block_93": {
      "angle": 0.002,
      "id": "B_CHINESE_LANTERN_3",
      "x": 110.347,
      "y": -16.26
    },
    "block_94": {
      "angle": 359.999,
      "id": "PIG_BASIC_MEDIUM",
      "x": 136.605,
      "y": -15.046
    },
    "block_95": {
      "angle": 359.793,
      "id": "STONE_BLOCK_2X2",
      "x": 90.764,
      "y": -13.055
    },
    "block_96": {
      "angle": 315,
      "id": "WOOD_BLOCK_10X1",
      "x": 91.344,
      "y": -24.689
    },
    "block_97": {
      "angle": 0.168,
      "id": "STONE_BLOCK_2X2",
      "x": 92.826,
      "y": -9.091
    },
    "block_98": {
      "angle": 359.927,
      "id": "STONE_BLOCK_2X2",
      "x": 84.52,
      "y": -7.037
    },
    "block_99": {
      "angle": 225,
      "id": "WOOD_BLOCK_10X1",
      "x": 104.853,
      "y": -24.608
    },
    "joint_1": {
      "collideConnected": false,
      "index1": 76,
      "index2": 50,
      "type": 2,
      "x1": 0,
      "x2": 0,
      "y1": 0,
      "y2": 0
    },
    "joint_10": {
      "collideConnected": false,
      "index1": 93,
      "index2": 44,
      "type": 2,
      "x1": 0,
      "x2": 0,
      "y1": 0,
      "y2": 0
    },
    "joint_11": {
      "collideConnected": false,
      "index1": 13,
      "index2": 16,
      "type": 2,
      "x1": 0,
      "x2": 0,
      "y1": 0,
      "y2": 0
    },
    "joint_12": {
      "collideConnected": false,
      "index1": 73,
      "index2": 4,
      "type": 2,
      "x1": 0,
      "x2": 0,
      "y1": 0,
      "y2": 0
    },
    "joint_13": {
      "collideConnected": false,
      "index1": 132,
      "index2": 99,
      "type": 2,
      "x1": 0,
      "x2": 0,
      "y1": 0,
      "y2": 0
    },
    "joint_2": {
      "collideConnected": false,
      "index1": 72,
      "index2": 6,
      "type": 2,
      "x1": 0,
      "x2": 0,
      "y1": 0,
      "y2": 0
    },
    "joint_3": {
      "collideConnected": false,
      "index1": 16,
      "index2": 98,
      "type": 2,
      "x1": 0,
      "x2": 0,
      "y1": 0,
      "y2": 0
    },
    "joint_4": {
      "collideConnected": false,
      "index1": 23,
      "index2": 21,
      "type": 2,
      "x1": 0,
      "x2": 0,
      "y1": 0,
      "y2": 0
    },
    "joint_5": {
      "collideConnected": false,
      "index1": 75,
      "index2": 33,
      "type": 2,
      "x1": 0,
      "x2": 0,
      "y1": 0,
      "y2": 0
    },
    "joint_6": {
      "collideConnected": false,
      "index1": 13,
      "index2": 95,
      "type": 2,
      "x1": 0,
      "x2": 0,
      "y1": 0,
      "y2": 0
    },
    "joint_7": {
      "collideConnected": false,
      "index1": 115,
      "index2": 18,
      "type": 2,
      "x1": 0,
      "x2": 0,
      "y1": 0,
      "y2": 0
    },
    "joint_8": {
      "collideConnected": false,
      "index1": 117,
      "index2": 23,
      "type": 2,
      "x1": 0,
      "x2": 0,
      "y1": 0,
      "y2": 0
    },
    "joint_9": {
      "collideConnected": false,
      "index1": 92,
      "index2": 20,
      "type": 2,
      "x1": 0,
      "x2": 0,
      "y1": 0,
      "y2": 0
    }
  }
}
