{"camera":[{"id":"Slingshot","x":30.734,"y":-25.06,"left":-17.364666666666665,"right":78.83266666666667,"bottom":11.014,"top":-61.134},{"id":"Castle","x":82.774,"y":-25.081,"left":34.6755,"right":130.8725,"bottom":10.992874999999994,"top":-61.15487499999999}],"counts":{"birds":4,"blocks":170,"joints":18},"id":"m2-11","theme":"BACKGROUND_MOONFESTIVAL","world":{"bird_1":{"id":"BIRD_YELLOW","x":1.725,"y":-19.864,"angle":0},"bird_2":{"id":"BIRD_RED","x":7.056,"y":-15.391,"angle":0},"bird_3":{"id":"BIRD_WHITE","x":9.586,"y":-16.102,"angle":0},"bird_4":{"id":"BIRD_YELLOW","x":15.36,"y":-9.301,"angle":0},"block_1":{"id":"B_CHINESE_GRASS","x":26.345,"y":-0.532,"angle":0.0009999999999763531},"block_2":{"id":"STONE_BLOCK_4X1","x":111.897,"y":-20.401,"angle":90},"block_3":{"id":"STONE_BLOCK_2X1","x":57.503,"y":-11.614,"angle":180},"block_4":{"id":"STONE_BLOCK_2X1","x":60.686,"y":-1.095,"angle":90},"block_5":{"id":"STONE_BLOCK_8X1","x":74.941,"y":-6.552,"angle":359.999},"block_6":{"id":"STONE_BLOCK_2X1","x":56.921,"y":-2.519,"angle":0.0009999999999763531},"block_7":{"id":"WOOD_BLOCK_4X2","x":103.908,"y":-25.297,"angle":359.999},"block_8":{"id":"WOOD_BLOCK_4X1","x":62.465,"y":-4.201,"angle":269.999},"block_9":{"id":"WOOD_BLOCK_4X1","x":103.276,"y":-22.291,"angle":89.99799999999999},"block_10":{"id":"WOOD_BLOCK_4X2","x":73.38,"y":-29.647,"angle":359.999},"block_11":{"id":"WOOD_BLOCK_2X2","x":85.176,"y":-31.861,"angle":90},"block_12":{"id":"WOOD_BLOCK_4X2","x":118.777,"y":-9.479,"angle":89.99900000000002},"block_13":{"id":"WOOD_BLOCK_4X1","x":54.935,"y":-4.251,"angle":269.999},"block_14":{"id":"WOOD_BLOCK_2X2","x":91.271,"y":-26.071,"angle":90},"block_15":{"id":"WOOD_BLOCK_4X2","x":86.051,"y":-25.992,"angle":180},"block_16":{"id":"WOOD_BLOCK_4X1","x":100.033,"y":-25.75,"angle":0.0009999999999763531},"block_17":{"id":"STONE_BLOCK_4X2","x":78.062,"y":-8.925,"angle":269.998},"block_18":{"id":"WOOD_BLOCK_4X2","x":113.549,"y":-17.267,"angle":180},"block_19":{"id":"WOOD_BLOCK_4X1","x":94.151,"y":-30.308,"angle":0.0009999999999763531},"block_20":{"id":"STONE_BLOCK_4X2","x":55.921,"y":-1.174,"angle":359.999},"block_21":{"id":"WOOD_BLOCK_4X1","x":69.059,"y":-15.78,"angle":90},"block_22":{"id":"STONE_BLOCK_4X2","x":62.013,"y":-8.171,"angle":269.999},"block_23":{"id":"WOOD_BLOCK_8X1","x":73.38,"y":-17.833,"angle":90},"block_24":{"id":"STONE_BLOCK_4X1","x":104.857,"y":-14.778,"angle":360},"block_25":{"id":"STONE_BLOCK_2X2","x":62.09,"y":-1.174,"angle":269.999},"block_26":{"id":"WOOD_BLOCK_8X1","x":66.182,"y":-17.833,"angle":90},"block_27":{"id":"STONE_BLOCK_4X1","x":71.223,"y":-9.025,"angle":269.998},"block_28":{"id":"WOOD_BLOCK_8X1","x":88.09,"y":-30.342,"angle":180},"block_29":{"id":"STONE_BLOCK_4X1","x":91.808,"y":-22.133,"angle":90.00099999999998},"block_30":{"id":"WOOD_BLOCK_8X1","x":76.622,"y":-17.862,"angle":90},"block_31":{"id":"STONE_BLOCK_4X1","x":111.185,"y":-14.778,"angle":360},"block_32":{"id":"WOOD_BLOCK_2X2","x":68.555,"y":-24.793,"angle":179.999},"block_33":{"id":"WOOD_BLOCK_2X2","x":73.933,"y":-24.822,"angle":179.999},"block_34":{"id":"STONE_BLOCK_4X1","x":69.015,"y":-19.92,"angle":90},"block_35":{"id":"WOOD_BLOCK_4X1","x":104.383,"y":-22.37,"angle":89.99799999999999},"block_36":{"id":"WOOD_BLOCK_2X2","x":66.499,"y":-33.601,"angle":359.999},"block_37":{"id":"STONE_BLOCK_2X2","x":55.525,"y":-12.068,"angle":90},"block_38":{"id":"WOOD_BLOCK_8X1","x":58.768,"y":-10.665,"angle":179.999},"block_39":{"id":"WOOD_BLOCK_2X2","x":72.351,"y":-31.545,"angle":359.999},"block_40":{"id":"STONE_BLOCK_2X2","x":59.207,"y":-1.095,"angle":359.999},"block_41":{"id":"MISC_EXPLOSIVE_TNT","x":100.112,"y":-2.993,"angle":0.0009999999999763531},"block_42":{"id":"WOOD_BLOCK_4X2","x":55.446,"y":-8.213,"angle":269.999},"block_43":{"id":"WOOD_BLOCK_4X2","x":74.803,"y":-9.004,"angle":270.001},"block_44":{"id":"WOOD_BLOCK_4X2","x":72.826,"y":-11.951,"angle":180},"block_45":{"id":"WOOD_BLOCK_4X2","x":85.243,"y":-22.133,"angle":270.001},"block_46":{"id":"STONE_BLOCK_4X2","x":92.994,"y":-14.245,"angle":270},"block_47":{"id":"TERRAIN_TEXTURED_HILLS_5X5","x":8.191,"y":-12.329,"angle":0.0009999999999763531},"block_48":{"id":"STONE_BLOCK_4X2","x":82.001,"y":-17.23,"angle":360},"block_49":{"id":"TERRAIN_TEXTURED_HILLS_5X5","x":8.191,"y":-7.82,"angle":0.0009999999999763531},"block_50":{"id":"TERRAIN_TEXTURED_HILLS_5X2","x":80.276,"y":-5.607,"angle":337.5009999999999},"block_51":{"id":"STONE_BLOCK_4X2","x":114.585,"y":-14.303,"angle":270},"block_52":{"id":"TERRAIN_TEXTURED_HILLS_5X2","x":81.462,"y":-6.398,"angle":315.001},"block_53":{"id":"STONE_BLOCK_4X2","x":67.527,"y":-22.895,"angle":179.999},"block_54":{"id":"TERRAIN_TEXTURED_HILLS_5X5","x":10.721,"y":-0.544,"angle":45.000999999999976},"block_55":{"id":"STONE_BLOCK_4X2","x":67.527,"y":-26.612,"angle":179.999},"block_56":{"id":"TERRAIN_TEXTURED_HILLS_5X5","x":0.791,"y":0.8,"angle":22.500999999999976},"block_57":{"id":"STONE_BLOCK_4X2","x":75.041,"y":-22.924,"angle":179.999},"block_58":{"id":"TERRAIN_TEXTURED_HILLS_5X5","x":8.191,"y":-3.233,"angle":0.0009999999999763531},"block_59":{"id":"STONE_BLOCK_4X2","x":75.041,"y":-26.641,"angle":179.999},"block_60":{"id":"TERRAIN_TEXTURED_HILLS_5X5","x":9.14,"y":-2.442,"angle":67.50099999999998},"block_61":{"id":"TERRAIN_TEXTURED_HILLS_10X10","x":86.904,"y":-4.733,"angle":89.99799999999999},"block_62":{"id":"TERRAIN_TEXTURED_HILLS_10X10","x":77.176,"y":-1.253,"angle":89.99799999999999},"block_63":{"id":"STONE_BLOCK_4X2","x":77.097,"y":-11.951,"angle":359.999},"block_64":{"id":"TERRAIN_TEXTURED_HILLS_10X10","x":86.904,"y":-9.874,"angle":89.99799999999999},"block_65":{"id":"TERRAIN_TEXTURED_HILLS_10X10","x":92.455,"y":-7.341,"angle":89.99799999999999},"block_66":{"id":"TERRAIN_TEXTURED_HILLS_10X10","x":115.297,"y":-2.569,"angle":89.99799999999999},"block_67":{"id":"WOOD_BLOCK_2X1","x":83.187,"y":-20.701,"angle":360},"block_68":{"id":"WOOD_BLOCK_1X1","x":101.938,"y":-8.828,"angle":67.5},"block_69":{"id":"TERRAIN_TEXTURED_HILLS_10X10","x":92.44,"y":-1.016,"angle":89.99799999999999},"block_70":{"id":"WOOD_BLOCK_1X1","x":98.557,"y":-9.016,"angle":22.5},"block_71":{"id":"TERRAIN_TEXTURED_HILLS_10X10","x":69.03,"y":-1.253,"angle":89.99799999999999},"block_72":{"id":"WOOD_BLOCK_2X1","x":112.292,"y":-27.669,"angle":179.999},"block_73":{"id":"WOOD_BLOCK_2X1","x":66.024,"y":-24.714,"angle":269.999},"block_74":{"id":"TERRAIN_TEXTURED_HILLS_10X2","x":103.983,"y":-7.422,"angle":270},"block_75":{"id":"TERRAIN_TEXTURED_HILLS_5X5","x":14.834,"y":-6.08,"angle":90.00099999999998},"block_76":{"id":"WOOD_BLOCK_2X1","x":76.464,"y":-24.743,"angle":269.999},"block_77":{"id":"TERRAIN_TEXTURED_HILLS_5X5","x":0,"y":0.642,"angle":45.000999999999976},"block_78":{"id":"WOOD_BLOCK_2X1","x":81.051,"y":-18.724,"angle":360},"block_79":{"id":"TERRAIN_TEXTURED_HILLS_10X2","x":86.746,"y":-15.230999998509883,"angle":360},"block_80":{"id":"TERRAIN_TEXTURED_HILLS_5X5","x":7.162,"y":-0.623,"angle":22.500999999999976},"block_81":{"id":"STONE_BLOCK_4X4_HOLLOW","x":67.527,"y":-7.976,"angle":359.999},"block_82":{"id":"TERRAIN_TEXTURED_HILLS_5X2","x":98.949,"y":-0.305,"angle":22.5},"block_83":{"id":"STONE_BLOCK_4X4_HOLLOW","x":113.378,"y":-9.5,"angle":359.999},"block_84":{"id":"TERRAIN_TEXTURED_HILLS_5X2","x":101.638,"y":-0.384,"angle":337.5000000000001},"block_85":{"id":"TERRAIN_TEXTURED_HILLS_5X2","x":100.609,"y":0.012,"angle":360},"block_86":{"id":"TERRAIN_TEXTURED_HILLS_5X2","x":103.061,"y":-1.808,"angle":292.501},"block_87":{"id":"TERRAIN_TEXTURED_HILLS_5X2","x":102.27,"y":-0.938,"angle":315.001},"block_88":{"id":"TERRAIN_TEXTURED_HILLS_5X2","x":120.046,"y":-1.3,"angle":67.5},"block_89":{"id":"STONE_BLOCK_4X4_HOLLOW","x":67.606,"y":-11.851,"angle":359.999},"block_90":{"id":"TERRAIN_TEXTURED_HILLS_5X2","x":107.705,"y":-0.146,"angle":360},"block_91":{"id":"TERRAIN_TEXTURED_HILLS_5X2","x":103.983,"y":-1.253,"angle":270},"block_92":{"id":"B_BUNNY_STATUE","x":117.261,"y":-14.128,"angle":0.0009999999999763531},"block_93":{"id":"TERRAIN_TEXTURED_HILLS_5X2","x":109.64,"y":-0.463,"angle":337.5000000000001},"block_94":{"id":"TERRAIN_TEXTURED_HILLS_5X2","x":120.916,"y":-0.667,"angle":45},"block_95":{"id":"TERRAIN_TEXTURED_HILLS_5X2","x":109.956,"y":-0.542,"angle":315},"block_96":{"id":"TERRAIN_TEXTURED_HILLS_5X2","x":121.707,"y":-0.193,"angle":22.5},"block_97":{"id":"TERRAIN_TEXTURED_HILLS_5X2","x":98.158,"y":-0.7,"angle":45},"block_98":{"id":"TERRAIN_TEXTURED_HILLS_5X2","x":81.937,"y":-7.347,"angle":292.501},"block_99":{"id":"TERRAIN_TEXTURED_HILLS_5X2","x":97.209,"y":-1.808,"angle":67.50099999999998},"block_100":{"id":"STONE_CIRCLE_4X4","x":87.865,"y":-32.61,"angle":359.999},"block_101":{"id":"TERRAIN_TEXTURED_HILLS_5X2","x":106.002,"y":-0.779,"angle":45},"block_102":{"id":"TERRAIN_TEXTURED_HILLS_5X2","x":104.894,"y":-1.491,"angle":67.50099999999998},"block_103":{"id":"TERRAIN_TEXTURED_HILLS_5X2","x":110.589,"y":-1.412,"angle":292.50000000000006},"block_104":{"id":"WOOD_BLOCK_2X2","x":104.225,"y":-28.115,"angle":89.99799999999999},"block_105":{"id":"TERRAIN_TEXTURED_HILLS_5X2","x":106.792,"y":-0.226,"angle":22.5},"block_106":{"id":"TERRAIN_TEXTURED_HILLS_5X5","x":14.043,"y":-3.708,"angle":112.501},"block_107":{"id":"TERRAIN_TEXTURED_HILLS_5X5","x":15.783,"y":-1.968,"angle":157.502},"block_108":{"id":"STONE_BLOCK_2X2","x":85.314,"y":-19.128,"angle":360},"block_109":{"id":"TERRAIN_TEXTURED_HILLS_5X5","x":18.965,"y":0.959,"angle":117.50200000000001},"block_110":{"id":"TERRAIN_TEXTURED_HILLS_5X5","x":16.495,"y":-1.098,"angle":135.001},"block_111":{"id":"TERRAIN_TEXTURED_HILLS_5X5","x":1.863,"y":-12.566,"angle":0.0009999999999763531},"block_112":{"id":"TERRAIN_TEXTURED_HILLS_5X5","x":1.863,"y":-16.837,"angle":0.0009999999999763531},"block_113":{"id":"TERRAIN_TEXTURED_HILLS_5X5","x":1.863,"y":-3.866,"angle":0.0009999999999763531},"block_114":{"id":"TERRAIN_TEXTURED_HILLS_5X5","x":1.863,"y":-8.295,"angle":0.0009999999999763531},"block_115":{"id":"STONE_BLOCK_1X1","x":106.202,"y":-5.524,"angle":112.501},"block_116":{"id":"STONE_BLOCK_1X1","x":109.445,"y":-5.366,"angle":157.502},"block_117":{"id":"B_CHINESE_LANTERN_1","x":116.628,"y":-8.829,"angle":0.0009999999999763531},"block_118":{"id":"STONE_BLOCK_1X1","x":92.915,"y":-20.709,"angle":360},"block_119":{"id":"STONE_BLOCK_4X2","x":113.349,"y":-23.349,"angle":360},"block_120":{"id":"STONE_BLOCK_4X2","x":114.585,"y":-20.372,"angle":90},"block_121":{"id":"STONE_BLOCK_10X1","x":108.021,"y":-15.806,"angle":180},"block_122":{"id":"STONE_BLOCK_10X1","x":108.337,"y":-26.641,"angle":359.999},"block_123":{"id":"STONE_BLOCK_4X2","x":90.226,"y":-28.839,"angle":180},"block_124":{"id":"STONE_BLOCK_4X2","x":86.034,"y":-17.23,"angle":360},"block_125":{"id":"STONE_BLOCK_4X2","x":91.887,"y":-17.23,"angle":360},"block_126":{"id":"STONE_BLOCK_4X2","x":92.124,"y":-19.128,"angle":360},"block_127":{"id":"STONE_BLOCK_4X2","x":103.829,"y":-18.258,"angle":90},"block_128":{"id":"STONE_BLOCK_2X2","x":83.187,"y":-19.207,"angle":360},"block_129":{"id":"STONE_BLOCK_2X2","x":112.352,"y":-13.308,"angle":270},"block_130":{"id":"STONE_BLOCK_2X2","x":112.292,"y":-25.297,"angle":360},"block_131":{"id":"STONE_BLOCK_2X2","x":88.96,"y":-17.23,"angle":360},"block_132":{"id":"STONE_BLOCK_2X2","x":103.908,"y":-13.275,"angle":270},"block_133":{"id":"STONE_BLOCK_2X2","x":85.085,"y":-28.839,"angle":180},"block_134":{"id":"STONE_BLOCK_8X1","x":115.456,"y":-11.922,"angle":359.999},"block_135":{"id":"STONE_BLOCK_8X1","x":88.17,"y":-27.416,"angle":360},"block_136":{"id":"STONE_BLOCK_8X1","x":74.961,"y":-13.425,"angle":359.999},"block_137":{"id":"STONE_BLOCK_8X1","x":88.17,"y":-24.569,"angle":360},"block_138":{"id":"WOOD_BLOCK_10X1","x":70.532,"y":-28.144,"angle":359.999},"block_139":{"id":"WOOD_BLOCK_2X1","x":109.739,"y":-4.576,"angle":157.501},"block_140":{"id":"TERRAIN_TEXTURED_HILLS_5X5","x":13.964,"y":0.326,"angle":135.001},"block_141":{"id":"WOOD_BLOCK_2X1","x":107.762,"y":-4.259,"angle":180.001},"block_142":{"id":"TERRAIN_TEXTURED_HILLS_5X5","x":0.993,"y":-1.493,"angle":112.501},"block_143":{"id":"WOOD_BLOCK_2X1","x":102.304,"y":-7.977,"angle":157.501},"block_144":{"id":"TERRAIN_TEXTURED_HILLS_5X5","x":2.575,"y":-1.731,"angle":67.50099999999998},"block_145":{"id":"WOOD_BLOCK_2X1","x":100.327,"y":-7.66,"angle":180.001},"block_146":{"id":"WOOD_BLOCK_2X1","x":105.784,"y":-4.734,"angle":202.50100000000003},"block_147":{"id":"TERRAIN_TEXTURED_HILLS_5X5","x":31.645,"y":1.381,"angle":157.502},"block_148":{"id":"WOOD_BLOCK_4X4_HOLLOW","x":67.527,"y":-30.596,"angle":359.999},"block_149":{"id":"TERRAIN_TEXTURED_HILLS_5X5","x":33.4,"y":0.308,"angle":135.001},"block_150":{"id":"TERRAIN_TEXTURED_HILLS_5X5","x":34.472,"y":-0.472,"angle":112.501},"block_151":{"id":"TERRAIN_TEXTURED_HILLS_5X5","x":35.362,"y":-6.658,"angle":0.0009999999999763531},"block_152":{"id":"TERRAIN_TEXTURED_HILLS_5X5","x":35.362,"y":-2.071,"angle":0.0009999999999763531},"block_153":{"id":"TERRAIN_TEXTURED_HILLS_5X5","x":35.362,"y":-11.167,"angle":0.0009999999999763531},"block_154":{"id":"TERRAIN_TEXTURED_HILLS_5X5","x":36.311,"y":-1.28,"angle":67.50099999999998},"block_155":{"id":"WOOD_BLOCK_2X1","x":98.35,"y":-8.135,"angle":202.50100000000003},"block_156":{"id":"PIG_BASIC_SMALL","x":109.324,"y":-17.388,"angle":0.0009999999999763531},"block_157":{"id":"PIG_BASIC_SMALL","x":107.863,"y":-5.682,"angle":0.0009999999999763531},"block_158":{"id":"PIG_BASIC_SMALL","x":100.27,"y":-9.004,"angle":0.0009999999999763531},"block_159":{"id":"PIG_BASIC_SMALL","x":75.071,"y":-14.748,"angle":0.0009999999999763531},"block_160":{"id":"PIG_BASIC_MEDIUM","x":106.597,"y":-18.02,"angle":0.0009999999999763531},"block_161":{"id":"PIG_BASIC_MEDIUM","x":59.848,"y":-3.705,"angle":0.0009999999999763531},"block_162":{"id":"PIG_BASIC_MEDIUM","x":88.223,"y":-19.726,"angle":0.0009999999999763531},"block_163":{"id":"B_CHINESE_HAT_1","x":107.756,"y":-6.631,"angle":0.0009999999999763531},"block_164":{"id":"B_CHINESE_HAT_1","x":74.964,"y":-15.697,"angle":0.0009999999999763531},"block_165":{"id":"B_CHINESE_FAN_1","x":66.485,"y":-35.82,"angle":360},"block_166":{"id":"B_CHINESE_FAN_1","x":104.377,"y":-30.412,"angle":360},"block_167":{"id":"B_CHINESE_FAN_2","x":55.62,"y":-13.891,"angle":360},"block_168":{"id":"B_CHINESE_FAN_4","x":110.373,"y":-18.985,"angle":3.0009999999999764},"block_169":{"id":"B_CHINESE_HAT_2","x":106.57,"y":-19.681,"angle":0.0009999999999763531},"block_170":{"id":"B_CHINESE_HAT_2","x":59.848,"y":-5.366,"angle":0.0009999999999763531},"joint_1":{"type":2,"collideConnected":false,"index1":15,"index2":6,"x1":0,"x2":0,"y1":0,"y2":0},"joint_2":{"type":3,"collideConnected":false,"index1":145,"index2":140,"x1":-0.7484220266342163,"x2":0.7118080258369446,"y1":0.053199898451566696,"y2":0.07907859981060028,"motor":false},"joint_3":{"type":2,"collideConnected":false,"index1":18,"index2":27,"x1":0,"x2":0,"y1":0,"y2":0},"joint_4":{"type":3,"collideConnected":false,"index1":140,"index2":138,"x1":-0.7908920049667358,"x2":0.7181599736213684,"y1":0.07909990102052689,"y2":0.12624500691890717,"motor":false},"joint_5":{"type":3,"collideConnected":false,"index1":142,"index2":73,"x1":-0.6022830009460449,"x2":1.02878999710083,"y1":0.007351709995418787,"y2":-0.5715609788894653,"motor":false},"joint_6":{"type":3,"collideConnected":false,"index1":154,"index2":144,"x1":-0.7484220266342163,"x2":0.7118080258369446,"y1":0.053199898451566696,"y2":0.07907859981060028,"motor":false},"joint_7":{"type":2,"collideConnected":false,"index1":165,"index2":103,"x1":0,"x2":0,"y1":0,"y2":0},"joint_8":{"type":3,"collideConnected":false,"index1":138,"index2":65,"x1":-0.6022859811782837,"x2":-2.6106998920440674,"y1":0.007349370047450066,"y2":4.4510498046875,"motor":false},"joint_9":{"type":2,"collideConnected":false,"index1":169,"index2":160,"x1":0,"x2":0,"y1":0,"y2":0},"joint_10":{"type":2,"collideConnected":false,"index1":156,"index2":162,"x1":0,"x2":0,"y1":0,"y2":0},"joint_11":{"type":2,"collideConnected":false,"index1":158,"index2":163,"x1":0,"x2":0,"y1":0,"y2":0},"joint_12":{"type":2,"collideConnected":false,"index1":167,"index2":155,"x1":0,"x2":0,"y1":0,"y2":0},"joint_13":{"type":3,"collideConnected":false,"index1":73,"index2":145,"x1":-2.134809970855713,"x2":0.7056199908256531,"y1":0.7729700207710266,"y2":0.05013599991798401,"motor":false},"joint_14":{"type":3,"collideConnected":false,"index1":144,"index2":142,"x1":-0.7908920049667358,"x2":0.7181599736213684,"y1":0.07909990102052689,"y2":0.12624500691890717,"motor":false},"joint_15":{"type":2,"collideConnected":false,"index1":168,"index2":159,"x1":0,"x2":0,"y1":0,"y2":0},"joint_16":{"type":2,"collideConnected":false,"index1":166,"index2":36,"x1":0,"x2":0,"y1":0,"y2":0},"joint_17":{"type":3,"collideConnected":false,"index1":64,"index2":154,"x1":-1.3316700458526611,"x2":0.7786930203437805,"y1":-4.745429992675781,"y2":0.019867900758981705,"motor":false},"joint_18":{"type":2,"collideConnected":false,"index1":164,"index2":35,"x1":0,"x2":0,"y1":0,"y2":0}},"maxScore":208570}