{
  "camera": [
    {
      "bottom": 11.076,
      "id": "Slingshot",
      "left": -18.353,
      "right": 85.675,
      "top": -66.945,
      "x": 45.547,
      "y": -27.934
    },
    {
      "bottom": 10.169,
      "id": "Castle",
      "left": 12.21,
      "right": 116.239,
      "top": -67.853,
      "x": 76.111,
      "y": -28.842
    }
  ],
  "counts": {
    "birds": 3,
    "blocks": 141,
    "joints": 1
  },
  "id": "packChristmas/LevelP1_639.lua",
  "theme": "BACKGROUND_XMAS",
  "world": {
    "bird_1": {
      "angle": 0,
      "id": "BIRD_RED",
      "x": 14.697,
      "y": -6.815
    },
    "bird_2": {
      "angle": 0,
      "id": "BIRD_YELLOW",
      "x": 7.089,
      "y": -6.316
    },
    "bird_3": {
      "angle": 0,
      "id": "BIRD_YELLOW",
      "x": 4.367,
      "y": -5.107
    },
    "block_1": {
      "angle": 0.003,
      "id": "SNOW_BLOCK_4X4",
      "x": 77.656,
      "y": -16.29
    },
    "block_10": {
      "angle": 90.003,
      "id": "SNOW_BLOCK_4X4",
      "x": 60.323,
      "y": -28.086
    },
    "block_100": {
      "angle": 0.004,
      "id": "MISC_GIFT_7X4",
      "x": 60.477,
      "y": -32.423
    },
    "block_101": {
      "angle": 0.004,
      "id": "MISC_GIFT_7X4",
      "x": 109.634,
      "y": -2.473
    },
    "block_102": {
      "angle": 0.004,
      "id": "MISC_GIFT_4X5",
      "x": 114.668,
      "y": -4.425
    },
    "block_103": {
      "angle": 0.004,
      "id": "MISC_GIFT_4X5",
      "x": 108.298,
      "y": -6.172
    },
    "block_104": {
      "angle": 180.003,
      "id": "SNOW_TRIANGLE_4X4",
      "x": 73.947,
      "y": -10.588
    },
    "block_105": {
      "angle": 0.002,
      "id": "STONE_CIRCLE_4X4",
      "x": 81.53,
      "y": -16.28
    },
    "block_106": {
      "angle": 90.001,
      "id": "STONE_CIRCLE_4X4",
      "x": 67.837,
      "y": -14.113
    },
    "block_107": {
      "angle": 0.002,
      "id": "STONE_CIRCLE_4X4",
      "x": 60.336,
      "y": -24.288
    },
    "block_108": {
      "angle": 180.002,
      "id": "STONE_CIRCLE_4X4",
      "x": 91.377,
      "y": -18.212
    },
    "block_109": {
      "angle": 180.002,
      "id": "STONE_CIRCLE_4X4",
      "x": 91.416,
      "y": -39.682
    },
    "block_11": {
      "angle": 180.002,
      "id": "SNOW_BLOCK_4X4",
      "x": 67.946,
      "y": -29.959
    },
    "block_110": {
      "angle": 180.002,
      "id": "STONE_CIRCLE_4X4",
      "x": 83.47,
      "y": -43.926
    },
    "block_111": {
      "angle": 180.002,
      "id": "STONE_CIRCLE_4X4",
      "x": 73.902,
      "y": -47.579
    },
    "block_112": {
      "angle": 0.071,
      "id": "MISC_HAT_ELF_6X3",
      "x": 73.307,
      "y": -24.881
    },
    "block_113": {
      "angle": 90,
      "id": "TERRAIN_TEXTURED_HILLS_10X10",
      "x": 13.407,
      "y": 3.189
    },
    "block_114": {
      "angle": 90,
      "id": "TERRAIN_TEXTURED_HILLS_10X10",
      "x": 5.66,
      "y": 3.453
    },
    "block_115": {
      "angle": 90,
      "id": "TERRAIN_TEXTURED_HILLS_10X10",
      "x": 20.803,
      "y": 3.321
    },
    "block_116": {
      "angle": 90.002,
      "id": "TERRAIN_TEXTURED_HILLS_10X10",
      "x": 56.555,
      "y": 2.12
    },
    "block_117": {
      "angle": 135.002,
      "id": "TERRAIN_TEXTURED_HILLS_10X10",
      "x": 51.757,
      "y": 4.234
    },
    "block_118": {
      "angle": 135.002,
      "id": "TERRAIN_TEXTURED_HILLS_10X10",
      "x": 64.225,
      "y": -1.519
    },
    "block_119": {
      "angle": 180.002,
      "id": "TERRAIN_TEXTURED_HILLS_10X10",
      "x": 68.973,
      "y": -3.477
    },
    "block_12": {
      "angle": 90.003,
      "id": "SNOW_BLOCK_4X4",
      "x": 89.659,
      "y": -23.875
    },
    "block_120": {
      "angle": 225.002,
      "id": "TERRAIN_TEXTURED_HILLS_10X10",
      "x": 76.218,
      "y": -5.725
    },
    "block_121": {
      "angle": 270.002,
      "id": "TERRAIN_TEXTURED_HILLS_10X10",
      "x": 81.066,
      "y": -7.664
    },
    "block_122": {
      "angle": 270.002,
      "id": "TERRAIN_TEXTURED_HILLS_10X10",
      "x": 76.674,
      "y": -0.477
    },
    "block_123": {
      "angle": 270.002,
      "id": "TERRAIN_TEXTURED_HILLS_10X10",
      "x": 81.066,
      "y": -0.592
    },
    "block_124": {
      "angle": 270.002,
      "id": "TERRAIN_TEXTURED_HILLS_10X10",
      "x": 90.175,
      "y": -0.537
    },
    "block_125": {
      "angle": 270.002,
      "id": "TERRAIN_TEXTURED_HILLS_10X10",
      "x": 90.175,
      "y": -7.61
    },
    "block_126": {
      "angle": 270.002,
      "id": "TERRAIN_TEXTURED_HILLS_10X10",
      "x": 94.401,
      "y": -0.4
    },
    "block_127": {
      "angle": 225.002,
      "id": "TERRAIN_TEXTURED_HILLS_10X10",
      "x": 94.858,
      "y": -5.647
    },
    "block_128": {
      "angle": 225.002,
      "id": "TERRAIN_TEXTURED_HILLS_10X10",
      "x": 101.172,
      "y": 0.631
    },
    "block_129": {
      "angle": 28,
      "id": "TERRAIN_TEXTURED_HILLS_5X5",
      "x": 21.32,
      "y": -2.432
    },
    "block_13": {
      "angle": 270.002,
      "id": "SNOW_BLOCK_4X4",
      "x": 91.389,
      "y": -14.414
    },
    "block_130": {
      "angle": 45,
      "id": "TERRAIN_TEXTURED_HILLS_5X5",
      "x": 2.564,
      "y": 0.149
    },
    "block_131": {
      "angle": 50,
      "id": "TERRAIN_TEXTURED_HILLS_5X5",
      "x": 24.239,
      "y": -0.049
    },
    "block_132": {
      "angle": 90,
      "id": "TERRAIN_TEXTURED_HILLS_5X5",
      "x": 13.314,
      "y": -3.888
    },
    "block_133": {
      "angle": 32,
      "id": "TERRAIN_TEXTURED_HILLS_5X5",
      "x": 0,
      "y": 3.403
    },
    "block_134": {
      "angle": 81,
      "id": "TERRAIN_TEXTURED_HILLS_5X5",
      "x": 9.174,
      "y": -3.566
    },
    "block_135": {
      "angle": 7,
      "id": "TERRAIN_TEXTURED_HILLS_5X5",
      "x": 17.684,
      "y": -3.598
    },
    "block_136": {
      "angle": 60,
      "id": "TERRAIN_TEXTURED_HILLS_5X5",
      "x": 5.72,
      "y": -2.321
    },
    "block_137": {
      "angle": 0.072,
      "id": "PIG_BASIC_BIG",
      "x": 74.601,
      "y": -22.604
    },
    "block_138": {
      "angle": 0.072,
      "id": "PIG_BASIC_BIG",
      "x": 60.991,
      "y": -12.697
    },
    "block_139": {
      "angle": 0.072,
      "id": "PIG_BASIC_BIG",
      "x": 90.721,
      "y": -29.803
    },
    "block_14": {
      "angle": 270.002,
      "id": "SNOW_BLOCK_4X4",
      "x": 91.429,
      "y": -35.884
    },
    "block_140": {
      "angle": 0.072,
      "id": "PIG_BASIC_BIG",
      "x": 74.642,
      "y": -38.082
    },
    "block_141": {
      "angle": 0.104,
      "id": "PIG_BASIC_BIG",
      "x": 53.696,
      "y": -4.941
    },
    "block_15": {
      "angle": 180.002,
      "id": "SNOW_BLOCK_4X4",
      "x": 85.436,
      "y": -24.269
    },
    "block_16": {
      "angle": 90.003,
      "id": "SNOW_BLOCK_4X4",
      "x": 81.697,
      "y": -28.173
    },
    "block_17": {
      "angle": 270.002,
      "id": "SNOW_BLOCK_4X4",
      "x": 83.483,
      "y": -40.128
    },
    "block_18": {
      "angle": 270.002,
      "id": "SNOW_BLOCK_4X4",
      "x": 73.914,
      "y": -43.781
    },
    "block_19": {
      "angle": 270.002,
      "id": "SNOW_BLOCK_4X4",
      "x": 68.088,
      "y": -33.912
    },
    "block_2": {
      "angle": 0.003,
      "id": "SNOW_BLOCK_4X4",
      "x": 85.509,
      "y": -16.269
    },
    "block_20": {
      "angle": 90.003,
      "id": "SNOW_BLOCK_4X4",
      "x": 81.719,
      "y": -34.244
    },
    "block_21": {
      "angle": 90.003,
      "id": "SNOW_BLOCK_4X4",
      "x": 73.72,
      "y": -29.97
    },
    "block_22": {
      "angle": 180.003,
      "id": "SNOW_BLOCK_2X2",
      "x": 70.888,
      "y": -34.781
    },
    "block_23": {
      "angle": 180.003,
      "id": "SNOW_BLOCK_2X2",
      "x": 57.449,
      "y": -29.137
    },
    "block_24": {
      "angle": 0.003,
      "id": "SNOW_BLOCK_2X2",
      "x": 88.445,
      "y": -13.433
    },
    "block_25": {
      "angle": 0.003,
      "id": "SNOW_BLOCK_2X2",
      "x": 94.263,
      "y": -13.363
    },
    "block_26": {
      "angle": 0.003,
      "id": "SNOW_BLOCK_2X2",
      "x": 88.485,
      "y": -34.903
    },
    "block_27": {
      "angle": 180.003,
      "id": "SNOW_BLOCK_2X2",
      "x": 78.556,
      "y": -36.798
    },
    "block_28": {
      "angle": 0.003,
      "id": "SNOW_BLOCK_2X2",
      "x": 86.357,
      "y": -39.076
    },
    "block_29": {
      "angle": 0.003,
      "id": "SNOW_BLOCK_2X2",
      "x": 76.788,
      "y": -42.73
    },
    "block_3": {
      "angle": 90.003,
      "id": "SNOW_BLOCK_4X4",
      "x": 67.847,
      "y": -18.137
    },
    "block_30": {
      "angle": 180.003,
      "id": "SNOW_BLOCK_2X2",
      "x": 60.852,
      "y": -7.576
    },
    "block_31": {
      "angle": 180.003,
      "id": "SNOW_BLOCK_2X2",
      "x": 60.897,
      "y": -5.643
    },
    "block_32": {
      "angle": 180.003,
      "id": "SNOW_BLOCK_4X2",
      "x": 73.69,
      "y": -19.222
    },
    "block_33": {
      "angle": 180.003,
      "id": "SNOW_BLOCK_4X2",
      "x": 68.049,
      "y": -25.03
    },
    "block_34": {
      "angle": 270.003,
      "id": "SNOW_BLOCK_4X2",
      "x": 70.831,
      "y": -28.154
    },
    "block_35": {
      "angle": 270.003,
      "id": "SNOW_BLOCK_4X2",
      "x": 76.609,
      "y": -29.851
    },
    "block_36": {
      "angle": 270.003,
      "id": "SNOW_BLOCK_4X2",
      "x": 70.817,
      "y": -31.942
    },
    "block_37": {
      "angle": 270.003,
      "id": "SNOW_BLOCK_4X2",
      "x": 76.6,
      "y": -33.672
    },
    "block_38": {
      "angle": 180.003,
      "id": "SNOW_BLOCK_4X2",
      "x": 79.425,
      "y": -25.078
    },
    "block_39": {
      "angle": 270.003,
      "id": "SNOW_BLOCK_4X2",
      "x": 78.492,
      "y": -27.993
    },
    "block_4": {
      "angle": 90.003,
      "id": "SNOW_BLOCK_4X4",
      "x": 67.827,
      "y": -10.284
    },
    "block_40": {
      "angle": 270.003,
      "id": "SNOW_BLOCK_4X2",
      "x": 59.147,
      "y": -18.547
    },
    "block_41": {
      "angle": 0.003,
      "id": "SNOW_BLOCK_4X2",
      "x": 60.296,
      "y": -21.543
    },
    "block_42": {
      "angle": 270.003,
      "id": "SNOW_BLOCK_4X2",
      "x": 63.171,
      "y": -22.457
    },
    "block_43": {
      "angle": 270.003,
      "id": "SNOW_BLOCK_4X2",
      "x": 63.162,
      "y": -26.228
    },
    "block_44": {
      "angle": 270.003,
      "id": "SNOW_BLOCK_4X2",
      "x": 57.379,
      "y": -26.298
    },
    "block_45": {
      "angle": 270.003,
      "id": "SNOW_BLOCK_4X2",
      "x": 57.393,
      "y": -22.511
    },
    "block_46": {
      "angle": 90.003,
      "id": "SNOW_BLOCK_4X2",
      "x": 65.189,
      "y": -29.957
    },
    "block_47": {
      "angle": 90.004,
      "id": "SNOW_BLOCK_4X2",
      "x": 88.542,
      "y": -20.043
    },
    "block_48": {
      "angle": 90.004,
      "id": "SNOW_BLOCK_4X2",
      "x": 94.333,
      "y": -16.202
    },
    "block_49": {
      "angle": 90.004,
      "id": "SNOW_BLOCK_4X2",
      "x": 92.566,
      "y": -23.953
    },
    "block_5": {
      "angle": 0.003,
      "id": "SNOW_BLOCK_4X4",
      "x": 73.647,
      "y": -14.581
    },
    "block_50": {
      "angle": 180.003,
      "id": "SNOW_BLOCK_4X2",
      "x": 91.416,
      "y": -20.957
    },
    "block_51": {
      "angle": 90.004,
      "id": "SNOW_BLOCK_4X2",
      "x": 94.319,
      "y": -19.99
    },
    "block_52": {
      "angle": 90.004,
      "id": "SNOW_BLOCK_4X2",
      "x": 88.59,
      "y": -37.741
    },
    "block_53": {
      "angle": 90.004,
      "id": "SNOW_BLOCK_4X2",
      "x": 94.373,
      "y": -37.671
    },
    "block_54": {
      "angle": 180.003,
      "id": "SNOW_BLOCK_4X2",
      "x": 91.456,
      "y": -42.427
    },
    "block_55": {
      "angle": 90.004,
      "id": "SNOW_BLOCK_4X2",
      "x": 88.582,
      "y": -41.513
    },
    "block_56": {
      "angle": 90.004,
      "id": "SNOW_BLOCK_4X2",
      "x": 94.359,
      "y": -41.459
    },
    "block_57": {
      "angle": 90.003,
      "id": "SNOW_BLOCK_4X2",
      "x": 82.679,
      "y": -24.267
    },
    "block_58": {
      "angle": 270.003,
      "id": "SNOW_BLOCK_4X2",
      "x": 78.582,
      "y": -39.688
    },
    "block_59": {
      "angle": 90.004,
      "id": "SNOW_BLOCK_4X2",
      "x": 80.635,
      "y": -45.807
    },
    "block_6": {
      "angle": 270.002,
      "id": "SNOW_BLOCK_4X4",
      "x": 68.051,
      "y": -22.272
    },
    "block_60": {
      "angle": 90.004,
      "id": "SNOW_BLOCK_4X2",
      "x": 80.644,
      "y": -41.985
    },
    "block_61": {
      "angle": 90.004,
      "id": "SNOW_BLOCK_4X2",
      "x": 86.427,
      "y": -41.915
    },
    "block_62": {
      "angle": 180.003,
      "id": "SNOW_BLOCK_4X2",
      "x": 83.51,
      "y": -46.671
    },
    "block_63": {
      "angle": 90.004,
      "id": "SNOW_BLOCK_4X2",
      "x": 86.413,
      "y": -45.703
    },
    "block_64": {
      "angle": 90.004,
      "id": "SNOW_BLOCK_4X2",
      "x": 71.067,
      "y": -49.46
    },
    "block_65": {
      "angle": 90.004,
      "id": "SNOW_BLOCK_4X2",
      "x": 71.075,
      "y": -45.639
    },
    "block_66": {
      "angle": 180.003,
      "id": "SNOW_BLOCK_4X2",
      "x": 73.941,
      "y": -50.324
    },
    "block_67": {
      "angle": 90.004,
      "id": "SNOW_BLOCK_4X2",
      "x": 76.858,
      "y": -45.569
    },
    "block_68": {
      "angle": 90.004,
      "id": "SNOW_BLOCK_4X2",
      "x": 76.844,
      "y": -49.356
    },
    "block_69": {
      "angle": 180.003,
      "id": "SNOW_BLOCK_4X2",
      "x": 68.086,
      "y": -36.669
    },
    "block_7": {
      "angle": 90.003,
      "id": "SNOW_BLOCK_4X4",
      "x": 73.761,
      "y": -33.729
    },
    "block_70": {
      "angle": 270.003,
      "id": "SNOW_BLOCK_4X2",
      "x": 68.982,
      "y": -39.585
    },
    "block_71": {
      "angle": 180.003,
      "id": "SNOW_BLOCK_4X2",
      "x": 85.298,
      "y": -48.461
    },
    "block_72": {
      "angle": 0.003,
      "id": "SNOW_BLOCK_4X2",
      "x": 72.052,
      "y": -52.212
    },
    "block_73": {
      "angle": 270.003,
      "id": "SNOW_BLOCK_4X2",
      "x": 84.491,
      "y": -34.122
    },
    "block_74": {
      "angle": 0.002,
      "id": "SNOW_BLOCK_6X2",
      "x": 84.513,
      "y": -13.466
    },
    "block_75": {
      "angle": 0.002,
      "id": "SNOW_BLOCK_6X2",
      "x": 78.546,
      "y": -13.468
    },
    "block_76": {
      "angle": 0.002,
      "id": "SNOW_BLOCK_6X2",
      "x": 84.475,
      "y": -19.256
    },
    "block_77": {
      "angle": 0.002,
      "id": "SNOW_BLOCK_6X2",
      "x": 78.508,
      "y": -19.259
    },
    "block_78": {
      "angle": 90.001,
      "id": "SNOW_BLOCK_6X2",
      "x": 65.023,
      "y": -11.28
    },
    "block_79": {
      "angle": 90.001,
      "id": "SNOW_BLOCK_6X2",
      "x": 70.816,
      "y": -17.285
    },
    "block_8": {
      "angle": 0.003,
      "id": "SNOW_BLOCK_4X4",
      "x": 79.386,
      "y": -22.101
    },
    "block_80": {
      "angle": 90.001,
      "id": "SNOW_BLOCK_6X2",
      "x": 70.814,
      "y": -11.318
    },
    "block_81": {
      "angle": 90.001,
      "id": "SNOW_BLOCK_6X2",
      "x": 65.026,
      "y": -17.247
    },
    "block_82": {
      "angle": 270.001,
      "id": "SNOW_BLOCK_6X2",
      "x": 65.082,
      "y": -23.125
    },
    "block_83": {
      "angle": 270.001,
      "id": "SNOW_BLOCK_6X2",
      "x": 78.537,
      "y": -32.808
    },
    "block_84": {
      "angle": 180.002,
      "id": "SNOW_BLOCK_6X2",
      "x": 61.147,
      "y": -9.453
    },
    "block_85": {
      "angle": 270.001,
      "id": "SNOW_BLOCK_6X2",
      "x": 57.276,
      "y": -11.671
    },
    "block_86": {
      "angle": 0.001,
      "id": "SNOW_BLOCK_6X2",
      "x": 61.171,
      "y": -15.744
    },
    "block_87": {
      "angle": 90.001,
      "id": "SNOW_BLOCK_6X2",
      "x": 57.354,
      "y": -17.64
    },
    "block_88": {
      "angle": 180.001,
      "id": "SNOW_BLOCK_6X2",
      "x": 67.094,
      "y": -26.99
    },
    "block_89": {
      "angle": 270.001,
      "id": "SNOW_BLOCK_6X2",
      "x": 94.358,
      "y": -24.71
    },
    "block_9": {
      "angle": 270.002,
      "id": "SNOW_BLOCK_4X4",
      "x": 62.053,
      "y": -18.625
    },
    "block_90": {
      "angle": 180.002,
      "id": "SNOW_BLOCK_6X2",
      "x": 90.541,
      "y": -26.756
    },
    "block_91": {
      "angle": 0.002,
      "id": "SNOW_BLOCK_6X2",
      "x": 90.566,
      "y": -33.048
    },
    "block_92": {
      "angle": 180.001,
      "id": "SNOW_BLOCK_6X2",
      "x": 84.584,
      "y": -21.3
    },
    "block_93": {
      "angle": 270.001,
      "id": "SNOW_BLOCK_6X2",
      "x": 70.77,
      "y": -38.731
    },
    "block_94": {
      "angle": 270.001,
      "id": "SNOW_BLOCK_6X2",
      "x": 78.627,
      "y": -44.652
    },
    "block_95": {
      "angle": 270.001,
      "id": "SNOW_BLOCK_6X2",
      "x": 86.396,
      "y": -29.158
    },
    "block_96": {
      "angle": 180.002,
      "id": "SNOW_BLOCK_6X2",
      "x": 82.58,
      "y": -31.054
    },
    "block_97": {
      "angle": 0.002,
      "id": "SNOW_BLOCK_6X2",
      "x": 82.604,
      "y": -37.345
    },
    "block_98": {
      "angle": 270.001,
      "id": "SNOW_BLOCK_6X2",
      "x": 65.119,
      "y": -34.764
    },
    "block_99": {
      "angle": 0.004,
      "id": "MISC_GIFT_6X3",
      "x": 115.695,
      "y": -1.857
    },
    "joint_1": {
      "collideConnected": false,
      "index1": 111,
      "index2": 136,
      "type": 2,
      "x1": 0,
      "x2": 0,
      "y1": 0,
      "y2": 0
    }
  }
}
