{
  "camera": [
    {
      "bottom": 13.828,
      "id": "Slingshot",
      "left": -67.63,
      "right": 25.461,
      "top": -55.99,
      "x": 31.121,
      "y": -21.081
    },
    {
      "bottom": 13.828,
      "id": "Castle",
      "left": -12.202,
      "right": 80.889,
      "top": -55.99,
      "x": 86.548,
      "y": -21.081
    }
  ],
  "counts": {
    "birds": 3,
    "blocks": 150
  },
  "id": "pack40/Level831.lua",
  "scoreEagle": 150000,
  "scoreGold": 93000,
  "scoreSilver": 86000,
  "theme":"BACKGROUND_CHROME",
  "world": {
    "bird_1": {
      "angle": 0,
      "id": "BIRD_BLACK",
      "x": 8.118,
      "y": -30.298
    },
    "bird_2": {
      "angle": 0,
      "id": "BIRD_WHITE",
      "x": 14.569,
      "y": -26.161
    },
    "bird_3": {
      "angle": 0,
      "id": "BIRD_WHITE",
      "x": 18.271,
      "y": -26.166
    },
    "block_1": {
      "angle": 0.006,
      "id": "CHROME_STONE_FORWARD_4X4",
      "x": 56.252,
      "y": -24.887
    },
    "block_10": {
      "angle": 0.006,
      "id": "CHROME_STONE_WRENCH_4X4",
      "x": 82.835,
      "y": -5.887
    },
    "block_100": {
      "angle": 360,
      "id": "TERRAIN_TEXTURED_HILLS_10X10",
      "x": 8.727,
      "y": -4.341
    },
    "block_101": {
      "angle": 360,
      "id": "TERRAIN_TEXTURED_HILLS_10X10",
      "x": 15.636,
      "y": -2.341
    },
    "block_102": {
      "angle": 90,
      "id": "WOOD_BLOCK_2X2",
      "x": 118.917,
      "y": -25.342
    },
    "block_103": {
      "angle": 90,
      "id": "WOOD_BLOCK_2X2",
      "x": 125.174,
      "y": -25.342
    },
    "block_104": {
      "angle": 90,
      "id": "WOOD_BLOCK_2X2",
      "x": 99.84,
      "y": -18.623
    },
    "block_105": {
      "angle": 90,
      "id": "WOOD_BLOCK_2X2",
      "x": 108.405,
      "y": -26.488
    },
    "block_106": {
      "angle": 90,
      "id": "WOOD_BLOCK_2X2",
      "x": 112.363,
      "y": -30.467
    },
    "block_107": {
      "angle": 0.004,
      "id": "WOOD_BLOCK_2X2",
      "x": 51.135,
      "y": -20.87
    },
    "block_108": {
      "angle": 0.004,
      "id": "WOOD_BLOCK_2X2",
      "x": 54.286,
      "y": -14.937
    },
    "block_109": {
      "angle": 90.005,
      "id": "WOOD_BLOCK_2X2",
      "x": 58.169,
      "y": -20.787
    },
    "block_11": {
      "angle": 0.006,
      "id": "CHROME_STONE_WRENCH_4X4",
      "x": 91.269,
      "y": -5.803
    },
    "block_110": {
      "angle": 180.007,
      "id": "WOOD_BLOCK_2X2",
      "x": 57.335,
      "y": -27.887
    },
    "block_111": {
      "angle": 180.001,
      "id": "WOOD_BLOCK_2X1",
      "x": 109.967,
      "y": -18.107
    },
    "block_112": {
      "angle": 180.003,
      "id": "WOOD_BLOCK_2X1",
      "x": 66.84,
      "y": -13.392
    },
    "block_113": {
      "angle": 90.004,
      "id": "WOOD_BLOCK_2X1",
      "x": 54.836,
      "y": -12.803
    },
    "block_114": {
      "angle": 90.004,
      "id": "WOOD_BLOCK_2X1",
      "x": 52.703,
      "y": -14.937
    },
    "block_115": {
      "angle": 270.007,
      "id": "WOOD_BLOCK_2X1",
      "x": 57.669,
      "y": -29.887
    },
    "block_116": {
      "angle": 270.007,
      "id": "WOOD_BLOCK_2X1",
      "x": 112.169,
      "y": -32.386
    },
    "block_117": {
      "angle": 270.002,
      "id": "WOOD_BLOCK_1X1",
      "x": 95.763,
      "y": -14.238
    },
    "block_118": {
      "angle": 0.006,
      "id": "WOOD_BLOCK_1X1",
      "x": 110.285,
      "y": -19.12
    },
    "block_119": {
      "angle": 0.006,
      "id": "WOOD_BLOCK_1X1",
      "x": 105.885,
      "y": -19.137
    },
    "block_12": {
      "angle": 0.006,
      "id": "CHROME_STONE_STAR_4X4",
      "x": 96.919,
      "y": -11.72
    },
    "block_120": {
      "angle": 0.006,
      "id": "WOOD_BLOCK_1X1",
      "x": 76.752,
      "y": -18.37
    },
    "block_121": {
      "angle": 0.006,
      "id": "WOOD_BLOCK_1X1",
      "x": 81.585,
      "y": -18.353
    },
    "block_122": {
      "angle": 0.006,
      "id": "WOOD_BLOCK_1X1",
      "x": 88.835,
      "y": -18.387
    },
    "block_123": {
      "angle": 180.007,
      "id": "WOOD_BLOCK_1X1",
      "x": 104.835,
      "y": -25.887
    },
    "block_124": {
      "angle": 90.008,
      "id": "TERRAIN_TEXTURED_HILLS_5X2",
      "x": 20.029,
      "y": -15.566
    },
    "block_125": {
      "angle": 90.008,
      "id": "TERRAIN_TEXTURED_HILLS_5X2",
      "x": 20.009,
      "y": -19.678
    },
    "block_126": {
      "angle": 180.008,
      "id": "TERRAIN_TEXTURED_HILLS_5X2",
      "x": 17.109,
      "y": -21.273
    },
    "block_127": {
      "angle": 180.008,
      "id": "TERRAIN_TEXTURED_HILLS_5X2",
      "x": 12.786,
      "y": -21.273
    },
    "block_128": {
      "angle": 90.008,
      "id": "TERRAIN_TEXTURED_HILLS_5X2",
      "x": 8.548,
      "y": -26.348
    },
    "block_129": {
      "angle": 180.008,
      "id": "TERRAIN_TEXTURED_HILLS_5X2",
      "x": 7.002,
      "y": -28.348
    },
    "block_13": {
      "angle": 90,
      "id": "STONE_TRIANGLE_4X4",
      "x": 104.79,
      "y": -15.419
    },
    "block_130": {
      "angle": 45,
      "id": "WOOD_BLOCK_8X1",
      "x": 124.021,
      "y": -33.907
    },
    "block_131": {
      "angle": 135,
      "id": "WOOD_BLOCK_8X1",
      "x": 101.763,
      "y": -31.292
    },
    "block_132": {
      "angle": 202.502,
      "id": "WOOD_BLOCK_8X1",
      "x": 94.994,
      "y": -15.776
    },
    "block_133": {
      "angle": 0.002,
      "id": "WOOD_BLOCK_8X1",
      "x": 86.917,
      "y": -17.392
    },
    "block_134": {
      "angle": 90.002,
      "id": "WOOD_BLOCK_8X1",
      "x": 91.07,
      "y": -12.7
    },
    "block_135": {
      "angle": 90.002,
      "id": "WOOD_BLOCK_8X1",
      "x": 82.763,
      "y": -12.853
    },
    "block_136": {
      "angle": 0.002,
      "id": "WOOD_BLOCK_8X1",
      "x": 78.61,
      "y": -17.315
    },
    "block_137": {
      "angle": 157.502,
      "id": "WOOD_BLOCK_8X1",
      "x": 70.488,
      "y": -15.796
    },
    "block_138": {
      "angle": 90.002,
      "id": "WOOD_BLOCK_8X1",
      "x": 74.49,
      "y": -12.871
    },
    "block_139": {
      "angle": 180.002,
      "id": "WOOD_BLOCK_8X1",
      "x": 54.335,
      "y": -22.387
    },
    "block_14": {
      "angle": 90,
      "id": "STONE_TRIANGLE_4X4",
      "x": 100.79,
      "y": -11.542
    },
    "block_140": {
      "angle": 0.006,
      "id": "PIG_BASIC_BIG",
      "x": 54.873,
      "y": -18.22
    },
    "block_141": {
      "angle": 270,
      "id": "WOOD_BLOCK_4X2",
      "x": 118.917,
      "y": -28.238
    },
    "block_142": {
      "angle": 270,
      "id": "WOOD_BLOCK_4X2",
      "x": 125.147,
      "y": -28.288
    },
    "block_143": {
      "angle": 90,
      "id": "WOOD_BLOCK_4X2",
      "x": 111.967,
      "y": -22.534
    },
    "block_144": {
      "angle": 180,
      "id": "WOOD_BLOCK_4X2",
      "x": 102.917,
      "y": -18.446
    },
    "block_145": {
      "angle": 270,
      "id": "WOOD_BLOCK_4X2",
      "x": 99.84,
      "y": -15.546
    },
    "block_146": {
      "angle": 270,
      "id": "WOOD_BLOCK_4X2",
      "x": 99.84,
      "y": -21.469
    },
    "block_147": {
      "angle": 90.003,
      "id": "WOOD_BLOCK_4X2",
      "x": 66.84,
      "y": -10.93
    },
    "block_148": {
      "angle": 90.005,
      "id": "WOOD_BLOCK_4X2",
      "x": 58.202,
      "y": -17.803
    },
    "block_149": {
      "angle": 90.001,
      "id": "WOOD_BLOCK_4X1",
      "x": 101.79,
      "y": -15.573
    },
    "block_15": {
      "angle": 90,
      "id": "STONE_TRIANGLE_4X4",
      "x": 97.059,
      "y": -7.776
    },
    "block_150": {
      "angle": 180.001,
      "id": "WOOD_BLOCK_4X1",
      "x": 106.994,
      "y": -18.107
    },
    "block_16": {
      "angle": 90,
      "id": "STONE_TRIANGLE_4X4",
      "x": 91.455,
      "y": -2.007
    },
    "block_17": {
      "angle": 180,
      "id": "STONE_TRIANGLE_4X4",
      "x": 66.778,
      "y": -1.928
    },
    "block_18": {
      "angle": 0.006,
      "id": "CHROME_STONE_BACK_4X4",
      "x": 111.419,
      "y": -27.47
    },
    "block_19": {
      "angle": 0.006,
      "id": "PIG_BASIC_SMALL",
      "x": 106.269,
      "y": -26.42
    },
    "block_2": {
      "angle": 0.006,
      "id": "CHROME_STONE_FORWARD_4X4",
      "x": 61.302,
      "y": -17.72
    },
    "block_20": {
      "angle": 0.006,
      "id": "PIG_BASIC_SMALL",
      "x": 85.335,
      "y": -18.887
    },
    "block_21": {
      "angle": 0.006,
      "id": "PIG_BASIC_SMALL",
      "x": 87.502,
      "y": -18.887
    },
    "block_22": {
      "angle": 0.006,
      "id": "PIG_BASIC_SMALL",
      "x": 83.085,
      "y": -18.803
    },
    "block_23": {
      "angle": 180,
      "id": "STONE_BLOCK_10X1",
      "x": 116.071,
      "y": -18.053
    },
    "block_24": {
      "angle": 180.001,
      "id": "WOOD_BLOCK_10X1",
      "x": 108.517,
      "y": -24.953
    },
    "block_25": {
      "angle": 0.006,
      "id": "PIG_HELMET",
      "x": 107.919,
      "y": -20.553
    },
    "block_26": {
      "angle": 0.006,
      "id": "ICE_CIRCLE_2X2",
      "x": 70.502,
      "y": -0.97
    },
    "block_27": {
      "angle": 0.006,
      "id": "ICE_CIRCLE_2X2",
      "x": 72.502,
      "y": -1.053
    },
    "block_28": {
      "angle": 0.006,
      "id": "ICE_CIRCLE_2X2",
      "x": 69.419,
      "y": -2.553
    },
    "block_29": {
      "angle": 0.006,
      "id": "ICE_CIRCLE_2X2",
      "x": 76.419,
      "y": -1.137
    },
    "block_3": {
      "angle": 0.007,
      "id": "CHROME_BOMB",
      "x": 115.821,
      "y": -19.99
    },
    "block_30": {
      "angle": 0.006,
      "id": "ICE_CIRCLE_2X2",
      "x": 78.502,
      "y": -1.053
    },
    "block_31": {
      "angle": 0.006,
      "id": "ICE_CIRCLE_2X2",
      "x": 80.585,
      "y": -1.137
    },
    "block_32": {
      "angle": 0.006,
      "id": "ICE_CIRCLE_2X2",
      "x": 84.419,
      "y": -0.928
    },
    "block_33": {
      "angle": 0.006,
      "id": "ICE_CIRCLE_2X2",
      "x": 88.585,
      "y": -0.928
    },
    "block_34": {
      "angle": 0.006,
      "id": "ICE_CIRCLE_2X2",
      "x": 86.502,
      "y": -0.845
    },
    "block_35": {
      "angle": 0.006,
      "id": "ICE_CIRCLE_2X2",
      "x": 34.152,
      "y": -1.114
    },
    "block_36": {
      "angle": 0.006,
      "id": "ICE_CIRCLE_2X2",
      "x": 38.137,
      "y": -1.114
    },
    "block_37": {
      "angle": 0.006,
      "id": "ICE_CIRCLE_2X2",
      "x": 36.236,
      "y": -1.031
    },
    "block_38": {
      "angle": 0.006,
      "id": "PIG_BASIC_MEDIUM",
      "x": 122.419,
      "y": -26.22
    },
    "block_39": {
      "angle": 0.006,
      "id": "PIG_BASIC_MEDIUM",
      "x": 121.752,
      "y": -21.303
    },
    "block_4": {
      "angle": 0.007,
      "id": "CHROME_STONE_CIRCLE_4X4",
      "x": 61.362,
      "y": -21.534
    },
    "block_40": {
      "angle": 0.006,
      "id": "PIG_MUSTACHE",
      "x": 79.169,
      "y": -19.987
    },
    "block_41": {
      "angle": 0.007,
      "id": "MISC_ESTRADE_9X3",
      "x": 16.595,
      "y": -23.235
    },
    "block_42": {
      "angle": 359.999,
      "id": "WOOD_TRIANGLE_4X4",
      "x": 124.044,
      "y": -33.161
    },
    "block_43": {
      "angle": 270.001,
      "id": "WOOD_TRIANGLE_4X4",
      "x": 101.532,
      "y": -30.369
    },
    "block_44": {
      "angle": 270.004,
      "id": "WOOD_TRIANGLE_4X4",
      "x": 52.252,
      "y": -24.803
    },
    "block_45": {
      "angle": 180,
      "id": "STONE_BLOCK_4X2",
      "x": 123.424,
      "y": -18.496
    },
    "block_46": {
      "angle": 270.001,
      "id": "STONE_BLOCK_4X2",
      "x": 124.578,
      "y": -21.392
    },
    "block_47": {
      "angle": 270.001,
      "id": "STONE_BLOCK_4X2",
      "x": 118.84,
      "y": -21.469
    },
    "block_48": {
      "angle": 270.002,
      "id": "STONE_BLOCK_4X2",
      "x": 82.609,
      "y": -1.853
    },
    "block_49": {
      "angle": 270.002,
      "id": "STONE_BLOCK_4X2",
      "x": 74.336,
      "y": -1.871
    },
    "block_5": {
      "angle": 0.007,
      "id": "CHROME_STONE_CIRCLE_4X4",
      "x": 68.548,
      "y": -17.535
    },
    "block_50": {
      "angle": 180.003,
      "id": "STONE_BLOCK_4X2",
      "x": 63.699,
      "y": -12.852
    },
    "block_51": {
      "angle": 180.003,
      "id": "STONE_BLOCK_4X2",
      "x": 59.545,
      "y": -12.852
    },
    "block_52": {
      "angle": 180.003,
      "id": "STONE_BLOCK_4X2",
      "x": 52.252,
      "y": -12.887
    },
    "block_53": {
      "angle": 180.003,
      "id": "STONE_BLOCK_4X2",
      "x": 57.402,
      "y": -14.853
    },
    "block_54": {
      "angle": 270.003,
      "id": "STONE_BLOCK_4X2",
      "x": 51.184,
      "y": -17.899
    },
    "block_55": {
      "angle": 0,
      "id": "STONE_BLOCK_8X1",
      "x": 122.071,
      "y": -23.907
    },
    "block_56": {
      "angle": 0,
      "id": "STONE_BLOCK_8X1",
      "x": 122.071,
      "y": -30.753
    },
    "block_57": {
      "angle": 67.506,
      "id": "STONE_BLOCK_1X1",
      "x": 66.919,
      "y": -15.47
    },
    "block_58": {
      "angle": 67.506,
      "id": "STONE_BLOCK_1X1",
      "x": 73.335,
      "y": -17.953
    },
    "block_59": {
      "angle": 112.507,
      "id": "STONE_BLOCK_1X1",
      "x": 92.085,
      "y": -18.053
    },
    "block_6": {
      "angle": 0.006,
      "id": "CHROME_STONE_RELOAD_4X4",
      "x": 101.419,
      "y": -26.453
    },
    "block_60": {
      "angle": 112.507,
      "id": "STONE_BLOCK_1X1",
      "x": 98.252,
      "y": -15.47
    },
    "block_61": {
      "angle": 0,
      "id": "STONE_BLOCK_2X1",
      "x": 103.94,
      "y": -23.93
    },
    "block_62": {
      "angle": 0,
      "id": "STONE_BLOCK_2X1",
      "x": 118.79,
      "y": -19.03
    },
    "block_63": {
      "angle": 0,
      "id": "STONE_BLOCK_2X1",
      "x": 99.836,
      "y": -24.007
    },
    "block_64": {
      "angle": 0.002,
      "id": "STONE_BLOCK_2X1",
      "x": 90.994,
      "y": -8.315
    },
    "block_65": {
      "angle": 0.002,
      "id": "STONE_BLOCK_2X1",
      "x": 82.686,
      "y": -8.326
    },
    "block_66": {
      "angle": 0.002,
      "id": "STONE_BLOCK_2X1",
      "x": 74.413,
      "y": -8.343
    },
    "block_67": {
      "angle": 0.002,
      "id": "STONE_BLOCK_2X1",
      "x": 66.763,
      "y": -8.369
    },
    "block_68": {
      "angle": 359.999,
      "id": "STONE_BLOCK_2X2",
      "x": 111.917,
      "y": -19.492
    },
    "block_69": {
      "angle": 180.003,
      "id": "STONE_BLOCK_2X2",
      "x": 56.391,
      "y": -12.852
    },
    "block_7": {
      "angle": 0.006,
      "id": "CHROME_STONE_INCOGNITO_4X4",
      "x": 102.919,
      "y": -21.387
    },
    "block_70": {
      "angle": 180.003,
      "id": "STONE_BLOCK_2X2",
      "x": 51.169,
      "y": -14.887
    },
    "block_71": {
      "angle": 180.003,
      "id": "STONE_BLOCK_2X2",
      "x": 60.419,
      "y": -14.803
    },
    "block_72": {
      "angle": 180.003,
      "id": "STONE_BLOCK_2X2",
      "x": 62.335,
      "y": -14.803
    },
    "block_73": {
      "angle": 45,
      "id": "TERRAIN_TEXTURED_HILLS_10X10",
      "x": 94.609,
      "y": 1.762
    },
    "block_74": {
      "angle": 45,
      "id": "TERRAIN_TEXTURED_HILLS_10X10",
      "x": 100.763,
      "y": -4.392
    },
    "block_75": {
      "angle": 45,
      "id": "TERRAIN_TEXTURED_HILLS_10X10",
      "x": 106.994,
      "y": -10.623
    },
    "block_76": {
      "angle": 90,
      "id": "TERRAIN_TEXTURED_HILLS_10X10",
      "x": 111.917,
      "y": -12.623
    },
    "block_77": {
      "angle": 90,
      "id": "TERRAIN_TEXTURED_HILLS_10X10",
      "x": 120.532,
      "y": -12.596
    },
    "block_78": {
      "angle": 135,
      "id": "TERRAIN_TEXTURED_HILLS_10X10",
      "x": 62.026,
      "y": 0.384
    },
    "block_79": {
      "angle": 180,
      "id": "TERRAIN_TEXTURED_HILLS_10X10",
      "x": 59.872,
      "y": -6.924
    },
    "block_8": {
      "angle": 0.006,
      "id": "CHROME_STONE_WRENCH_4X4",
      "x": 66.585,
      "y": -5.887
    },
    "block_80": {
      "angle": 180,
      "id": "TERRAIN_TEXTURED_HILLS_10X10",
      "x": 54.949,
      "y": -6.847
    },
    "block_81": {
      "angle": 180,
      "id": "TERRAIN_TEXTURED_HILLS_10X10",
      "x": 55.103,
      "y": -2.616
    },
    "block_82": {
      "angle": 135,
      "id": "TERRAIN_TEXTURED_HILLS_10X10",
      "x": 108.169,
      "y": -1.303
    },
    "block_83": {
      "angle": 180,
      "id": "TERRAIN_TEXTURED_HILLS_10X10",
      "x": 114.502,
      "y": -4.053
    },
    "block_84": {
      "angle": 180,
      "id": "TERRAIN_TEXTURED_HILLS_10X10",
      "x": 120.619,
      "y": -4.053
    },
    "block_85": {
      "angle": 135,
      "id": "TERRAIN_TEXTURED_HILLS_10X10",
      "x": 125.45,
      "y": -10.47
    },
    "block_86": {
      "angle": 135,
      "id": "TERRAIN_TEXTURED_HILLS_10X10",
      "x": 132.252,
      "y": -3.72
    },
    "block_87": {
      "angle": 135,
      "id": "TERRAIN_TEXTURED_HILLS_10X10",
      "x": 129.002,
      "y": -0.637
    },
    "block_88": {
      "angle": 135,
      "id": "TERRAIN_TEXTURED_HILLS_10X10",
      "x": 138.619,
      "y": 2.614
    },
    "block_89": {
      "angle": 135,
      "id": "TERRAIN_TEXTURED_HILLS_10X10",
      "x": 50.28,
      "y": -4.829
    },
    "block_9": {
      "angle": 0.006,
      "id": "CHROME_STONE_WRENCH_4X4",
      "x": 74.335,
      "y": -5.803
    },
    "block_90": {
      "angle": 135,
      "id": "TERRAIN_TEXTURED_HILLS_10X10",
      "x": 43.863,
      "y": 1.588
    },
    "block_91": {
      "angle": 225,
      "id": "TERRAIN_TEXTURED_HILLS_10X10",
      "x": 28.545,
      "y": 1.568
    },
    "block_92": {
      "angle": 225,
      "id": "TERRAIN_TEXTURED_HILLS_10X10",
      "x": 21.909,
      "y": -5.069
    },
    "block_93": {
      "angle": 225,
      "id": "TERRAIN_TEXTURED_HILLS_10X10",
      "x": 15.273,
      "y": -11.705
    },
    "block_94": {
      "angle": 225,
      "id": "TERRAIN_TEXTURED_HILLS_10X10",
      "x": 8.545,
      "y": -18.432
    },
    "block_95": {
      "angle": 225,
      "id": "TERRAIN_TEXTURED_HILLS_10X10",
      "x": 1.909,
      "y": -25.069
    },
    "block_96": {
      "angle": 269.999,
      "id": "TERRAIN_TEXTURED_HILLS_10X10",
      "x": 0,
      "y": -20.16
    },
    "block_97": {
      "angle": 269.999,
      "id": "TERRAIN_TEXTURED_HILLS_10X10",
      "x": 0,
      "y": -11.614
    },
    "block_98": {
      "angle": 269.999,
      "id": "TERRAIN_TEXTURED_HILLS_10X10",
      "x": 0,
      "y": -2.887
    },
    "block_99": {
      "angle": 315,
      "id": "TERRAIN_TEXTURED_HILLS_10X10",
      "x": 4.818,
      "y": -9.432
    }
  }
}
