{
  "camera": [
    {
      "bottom": 10.482,
      "id": "Slingshot",
      "left": -46.716,
      "right": 51.363,
      "top": -63.077,
      "x": 40.821,
      "y": -26.297
    },
    {
      "bottom": 11.535,
      "id": "Castle",
      "left": -10.298,
      "right": 87.781,
      "top": -62.023,
      "x": 77.239,
      "y": -25.244
    }
  ],
  "counts": {
    "birds": 3,
    "blocks": 106
  },
  "id": "packChristmas/LevelP1_634.lua",
  "theme": "BACKGROUND_XMAS",
  "world": {
    "bird_1": {
      "angle": 0,
      "id": "BIRD_YELLOW",
      "x": 10.368,
      "y": -0.877
    },
    "bird_2": {
      "angle": 0,
      "id": "BIRD_YELLOW",
      "x": 2.169,
      "y": -1.038
    },
    "bird_3": {
      "angle": 0,
      "id": "BIRD_YELLOW",
      "x": 0,
      "y": -1.006
    },
    "block_1": {
      "angle": 0,
      "id": "SNOW_BLOCK_4X4",
      "x": 53.544,
      "y": -1.882
    },
    "block_10": {
      "angle": 0,
      "id": "SNOW_BLOCK_4X4",
      "x": 69.544,
      "y": -3.859
    },
    "block_100": {
      "angle": 89.661,
      "id": "WOOD_BLOCK_4X1",
      "x": 79.402,
      "y": -22.163
    },
    "block_101": {
      "angle": 89.669,
      "id": "WOOD_BLOCK_4X1",
      "x": 88.369,
      "y": -7.07
    },
    "block_102": {
      "angle": 90.547,
      "id": "WOOD_BLOCK_4X1",
      "x": 61.058,
      "y": -12.049
    },
    "block_103": {
      "angle": 90.413,
      "id": "WOOD_BLOCK_4X1",
      "x": 54.248,
      "y": -12.113
    },
    "block_104": {
      "angle": 90.337,
      "id": "WOOD_BLOCK_4X1",
      "x": 72.598,
      "y": -5.43
    },
    "block_105": {
      "angle": 89.997,
      "id": "WOOD_BLOCK_4X1",
      "x": 78.633,
      "y": -5.453
    },
    "block_106": {
      "angle": 179.998,
      "id": "WOOD_BLOCK_4X1",
      "x": 75.561,
      "y": -3.967
    },
    "block_11": {
      "angle": 0,
      "id": "SNOW_BLOCK_4X4",
      "x": 65.673,
      "y": 0.097
    },
    "block_12": {
      "angle": 0,
      "id": "SNOW_BLOCK_4X4",
      "x": 69.563,
      "y": 0.118
    },
    "block_13": {
      "angle": 0,
      "id": "SNOW_BLOCK_4X4",
      "x": 85.44,
      "y": -7.988
    },
    "block_14": {
      "angle": 0,
      "id": "SNOW_BLOCK_4X4",
      "x": 81.541,
      "y": 0.051
    },
    "block_15": {
      "angle": 0,
      "id": "SNOW_BLOCK_4X4",
      "x": 77.582,
      "y": -11.896
    },
    "block_16": {
      "angle": 0,
      "id": "SNOW_BLOCK_4X4",
      "x": 85.45,
      "y": -3.947
    },
    "block_17": {
      "angle": 0,
      "id": "SNOW_BLOCK_4X4",
      "x": 85.431,
      "y": 0.03
    },
    "block_18": {
      "angle": 0,
      "id": "SNOW_BLOCK_4X4",
      "x": 85.459,
      "y": -11.966
    },
    "block_19": {
      "angle": 0,
      "id": "SNOW_BLOCK_4X4",
      "x": 89.682,
      "y": -1.88
    },
    "block_2": {
      "angle": 0,
      "id": "SNOW_BLOCK_4X4",
      "x": 61.421,
      "y": -1.813
    },
    "block_20": {
      "angle": 0,
      "id": "SNOW_BLOCK_4X4",
      "x": 81.56,
      "y": -3.926
    },
    "block_21": {
      "angle": 0,
      "id": "SNOW_BLOCK_4X4",
      "x": 93.67,
      "y": -1.928
    },
    "block_22": {
      "angle": 0,
      "id": "SNOW_BLOCK_4X4",
      "x": 81.569,
      "y": -11.945
    },
    "block_23": {
      "angle": 0,
      "id": "SNOW_BLOCK_4X4",
      "x": 97.56,
      "y": -1.949
    },
    "block_24": {
      "angle": 0,
      "id": "SNOW_BLOCK_4X4",
      "x": 81.651,
      "y": -7.967
    },
    "block_25": {
      "angle": 348.166,
      "id": "PIG_BASIC_SMALL",
      "x": 85.517,
      "y": -16.218
    },
    "block_26": {
      "angle": 12.231,
      "id": "PIG_BASIC_SMALL",
      "x": 68.77,
      "y": -21.146
    },
    "block_27": {
      "angle": 354.765,
      "id": "PIG_BASIC_SMALL",
      "x": 78.743,
      "y": -26.187
    },
    "block_28": {
      "angle": 344.078,
      "id": "PIG_BASIC_SMALL",
      "x": 97.899,
      "y": -11.236
    },
    "block_29": {
      "angle": 0.424,
      "id": "MISC_GIFT_6X3",
      "x": 115.113,
      "y": -1.503
    },
    "block_3": {
      "angle": 0,
      "id": "SNOW_BLOCK_4X4",
      "x": 57.434,
      "y": -1.861
    },
    "block_30": {
      "angle": 359.991,
      "id": "MISC_GIFT_6X3",
      "x": 92.231,
      "y": -6.594
    },
    "block_31": {
      "angle": 358.894,
      "id": "MISC_GIFT_6X3",
      "x": 83.107,
      "y": -21.665
    },
    "block_32": {
      "angle": 0,
      "id": "MISC_GIFT_7X4",
      "x": 105.387,
      "y": -2.197
    },
    "block_33": {
      "angle": 359.954,
      "id": "MISC_GIFT_4X5",
      "x": 103.725,
      "y": -5.628
    },
    "block_34": {
      "angle": 0.687,
      "id": "MISC_GIFT_4X5",
      "x": 114.578,
      "y": -4.124
    },
    "block_35": {
      "angle": 89.957,
      "id": "MISC_GIFT_4X5",
      "x": 108.269,
      "y": -5.1
    },
    "block_36": {
      "angle": 359.845,
      "id": "STONE_BLOCK_4X2",
      "x": 68.642,
      "y": -33.224
    },
    "block_37": {
      "angle": 359.847,
      "id": "STONE_BLOCK_4X2",
      "x": 68.56,
      "y": -31.19
    },
    "block_38": {
      "angle": 352.587,
      "id": "STONE_CIRCLE_4X4",
      "x": 85.321,
      "y": -26.966
    },
    "block_39": {
      "angle": 1.339,
      "id": "MISC_EXPLOSIVE_TNT",
      "x": 110.49,
      "y": -1.774
    },
    "block_4": {
      "angle": 0,
      "id": "SNOW_BLOCK_4X4",
      "x": 73.522,
      "y": -11.829
    },
    "block_40": {
      "angle": 0.136,
      "id": "MISC_EXPLOSIVE_TNT",
      "x": 97.986,
      "y": -6.81
    },
    "block_41": {
      "angle": 359.934,
      "id": "MISC_EXPLOSIVE_TNT",
      "x": 73.577,
      "y": -1.762
    },
    "block_42": {
      "angle": 0.017,
      "id": "MISC_EXPLOSIVE_TNT",
      "x": 77.292,
      "y": -1.762
    },
    "block_43": {
      "angle": 0.417,
      "id": "WOOD_BLOCK_10X1",
      "x": 54.356,
      "y": -4.555
    },
    "block_44": {
      "angle": 0.066,
      "id": "WOOD_BLOCK_10X1",
      "x": 66.455,
      "y": -14.554
    },
    "block_45": {
      "angle": 0.015,
      "id": "WOOD_BLOCK_10X1",
      "x": 96.747,
      "y": -4.609
    },
    "block_46": {
      "angle": 359.765,
      "id": "WOOD_BLOCK_10X1",
      "x": 84.647,
      "y": -14.63
    },
    "block_47": {
      "angle": 11.731,
      "id": "PIG_BASIC_MEDIUM",
      "x": 58.993,
      "y": -6.892
    },
    "block_48": {
      "angle": 9.844,
      "id": "PIG_BASIC_MEDIUM",
      "x": 71.03,
      "y": -16.913
    },
    "block_49": {
      "angle": 0.614,
      "id": "MISC_XMAS_BALL_4X4",
      "x": 75.57,
      "y": -6.287
    },
    "block_5": {
      "angle": 0,
      "id": "SNOW_BLOCK_4X4",
      "x": 65.645,
      "y": -11.899
    },
    "block_50": {
      "angle": 180,
      "id": "WOOD_BLOCK_2X1",
      "x": 72.634,
      "y": -7.945
    },
    "block_51": {
      "angle": 180,
      "id": "WOOD_BLOCK_2X1",
      "x": 78.6,
      "y": -7.995
    },
    "block_52": {
      "angle": 45,
      "id": "TERRAIN_TEXTURED_HILLS_10X10",
      "x": 128.207,
      "y": 0.082
    },
    "block_53": {
      "angle": 90,
      "id": "TERRAIN_TEXTURED_HILLS_10X10",
      "x": 133.116,
      "y": -1.918
    },
    "block_54": {
      "angle": 135,
      "id": "TERRAIN_TEXTURED_HILLS_10X10",
      "x": 138.086,
      "y": 0.082
    },
    "block_55": {
      "angle": 180.415,
      "id": "WOOD_BLOCK_8X1",
      "x": 51.047,
      "y": -9.617
    },
    "block_56": {
      "angle": 180.549,
      "id": "WOOD_BLOCK_8X1",
      "x": 59.178,
      "y": -9.549
    },
    "block_57": {
      "angle": 180.163,
      "id": "WOOD_BLOCK_8X1",
      "x": 63.134,
      "y": -19.595
    },
    "block_58": {
      "angle": 180.412,
      "id": "WOOD_BLOCK_8X1",
      "x": 71.249,
      "y": -19.548
    },
    "block_59": {
      "angle": 0.55,
      "id": "WOOD_BLOCK_8X1",
      "x": 57.601,
      "y": -14.601
    },
    "block_6": {
      "angle": 0,
      "id": "SNOW_BLOCK_4X4",
      "x": 69.535,
      "y": -11.878
    },
    "block_60": {
      "angle": 179.132,
      "id": "WOOD_BLOCK_8X1",
      "x": 79.796,
      "y": -19.646
    },
    "block_61": {
      "angle": 179.508,
      "id": "WOOD_BLOCK_8X1",
      "x": 91.93,
      "y": -9.621
    },
    "block_62": {
      "angle": 179.77,
      "id": "WOOD_BLOCK_8X1",
      "x": 87.95,
      "y": -19.681
    },
    "block_63": {
      "angle": 359.417,
      "id": "WOOD_BLOCK_8X1",
      "x": 93.506,
      "y": -14.681
    },
    "block_64": {
      "angle": 179.916,
      "id": "WOOD_BLOCK_8X1",
      "x": 100.057,
      "y": -9.653
    },
    "block_65": {
      "angle": 179.759,
      "id": "WOOD_BLOCK_8X1",
      "x": 83.024,
      "y": -24.698
    },
    "block_66": {
      "angle": 179.523,
      "id": "WOOD_BLOCK_8X1",
      "x": 74.384,
      "y": -24.616
    },
    "block_67": {
      "angle": 180.422,
      "id": "WOOD_BLOCK_8X1",
      "x": 66.356,
      "y": -24.618
    },
    "block_68": {
      "angle": 179.889,
      "id": "WOOD_BLOCK_8X1",
      "x": 70.634,
      "y": -29.646
    },
    "block_69": {
      "angle": 179.464,
      "id": "WOOD_BLOCK_8X1",
      "x": 79.166,
      "y": -29.735
    },
    "block_7": {
      "angle": 0,
      "id": "SNOW_BLOCK_4X4",
      "x": 65.664,
      "y": -7.921
    },
    "block_70": {
      "angle": 0,
      "id": "WOOD_BLOCK_8X1",
      "x": 75.481,
      "y": -8.959
    },
    "block_71": {
      "angle": 90.415,
      "id": "WOOD_BLOCK_4X2",
      "x": 50.363,
      "y": -7.103
    },
    "block_72": {
      "angle": 90.15,
      "id": "WOOD_BLOCK_4X2",
      "x": 50.309,
      "y": -2.061
    },
    "block_73": {
      "angle": 90.165,
      "id": "WOOD_BLOCK_4X2",
      "x": 62.463,
      "y": -17.079
    },
    "block_74": {
      "angle": 90.146,
      "id": "WOOD_BLOCK_4X2",
      "x": 100.693,
      "y": -7.13
    },
    "block_75": {
      "angle": 89.375,
      "id": "WOOD_BLOCK_4X2",
      "x": 95.772,
      "y": -12.179
    },
    "block_76": {
      "angle": 89.994,
      "id": "WOOD_BLOCK_4X2",
      "x": 100.702,
      "y": -2.083
    },
    "block_77": {
      "angle": 89.191,
      "id": "WOOD_BLOCK_4X2",
      "x": 77.245,
      "y": -17.09
    },
    "block_78": {
      "angle": 89.769,
      "id": "WOOD_BLOCK_4X2",
      "x": 88.635,
      "y": -17.165
    },
    "block_79": {
      "angle": 89.224,
      "id": "WOOD_BLOCK_4X2",
      "x": 76.973,
      "y": -22.12
    },
    "block_8": {
      "angle": 0,
      "id": "SNOW_BLOCK_4X4",
      "x": 69.353,
      "y": -7.9
    },
    "block_80": {
      "angle": 90.294,
      "id": "WOOD_BLOCK_4X2",
      "x": 65.658,
      "y": -22.104
    },
    "block_81": {
      "angle": 90.311,
      "id": "WOOD_BLOCK_4X2",
      "x": 68.066,
      "y": -27.122
    },
    "block_82": {
      "angle": 89.496,
      "id": "WOOD_BLOCK_4X2",
      "x": 76.627,
      "y": -27.153
    },
    "block_83": {
      "angle": 89.443,
      "id": "WOOD_BLOCK_4X2",
      "x": 89.397,
      "y": -12.119
    },
    "block_84": {
      "angle": 89.144,
      "id": "WOOD_BLOCK_4X2",
      "x": 79.321,
      "y": -17.12
    },
    "block_85": {
      "angle": 0.752,
      "id": "WOOD_BLOCK_4X1",
      "x": 61.298,
      "y": -4.497
    },
    "block_86": {
      "angle": 90.431,
      "id": "WOOD_BLOCK_4X1",
      "x": 55.127,
      "y": -7.068
    },
    "block_87": {
      "angle": 90.451,
      "id": "WOOD_BLOCK_4X1",
      "x": 67.208,
      "y": -17.066
    },
    "block_88": {
      "angle": 0.814,
      "id": "WOOD_BLOCK_4X1",
      "x": 73.403,
      "y": -14.511
    },
    "block_89": {
      "angle": 90.113,
      "id": "WOOD_BLOCK_4X1",
      "x": 95.765,
      "y": -7.13
    },
    "block_9": {
      "angle": 0,
      "id": "SNOW_BLOCK_4X4",
      "x": 65.654,
      "y": -3.88
    },
    "block_90": {
      "angle": 89.795,
      "id": "WOOD_BLOCK_4X1",
      "x": 83.88,
      "y": -17.146
    },
    "block_91": {
      "angle": 359.273,
      "id": "WOOD_BLOCK_4X1",
      "x": 89.8,
      "y": -4.565
    },
    "block_92": {
      "angle": 359.24,
      "id": "WOOD_BLOCK_4X1",
      "x": 77.703,
      "y": -14.579
    },
    "block_93": {
      "angle": 89.761,
      "id": "WOOD_BLOCK_4X1",
      "x": 86.803,
      "y": -22.195
    },
    "block_94": {
      "angle": 90.377,
      "id": "WOOD_BLOCK_4X1",
      "x": 70.409,
      "y": -22.07
    },
    "block_95": {
      "angle": 89.821,
      "id": "WOOD_BLOCK_4X1",
      "x": 74.378,
      "y": -27.135
    },
    "block_96": {
      "angle": 88.986,
      "id": "WOOD_BLOCK_4X1",
      "x": 83.006,
      "y": -27.244
    },
    "block_97": {
      "angle": 90.609,
      "id": "WOOD_BLOCK_4X1",
      "x": 62.871,
      "y": -12.033
    },
    "block_98": {
      "angle": 90.674,
      "id": "WOOD_BLOCK_4X1",
      "x": 62.858,
      "y": -6.995
    },
    "block_99": {
      "angle": 90.724,
      "id": "WOOD_BLOCK_4X1",
      "x": 74.856,
      "y": -17.006
    }
  }
}
