{
  "camera": [
    {
      "bottom": 15.719,
      "id": "Slingshot",
      "left": -6.165,
      "right": 94.81,
      "top": -60.012,
      "x": 53.283,
      "y": -22.147
    },
    {
      "bottom": 13.714,
      "id": "Castle",
      "left": 29.848,
      "right": 121.761,
      "top": -55.22,
      "x": 84.765,
      "y": -20.753
    }
  ],
  "counts": {
    "birds": 3,
    "blocks": 86
  },
  "id": "pack-big-setup/LevelP4_454.lua",
  "scoreEagle": 79000,
  "scoreGold": 70000,
  "scoreSilver": 63000,
  "theme": "BACKGROUND_BIG_SETUP_BUSHES",
  "world": {
    "bird_1": {
      "angle": 0,
      "id": "BIRD_REDBIG",
      "x": 23.205,
      "y": -14.654
    },
    "bird_2": {
      "angle": 0,
      "id": "BIRD_REDBIG",
      "x": 10.051,
      "y": -10.973
    },
    "bird_3": {
      "angle": 0,
      "id": "BIRD_REDBIG",
      "x": 7.175,
      "y": -10.973
    },
    "block_1": {
      "angle": 359.113,
      "id": "ICE_BLOCK_2X2",
      "x": 115.426,
      "y": -12.142
    },
    "block_10": {
      "angle": 89.976,
      "id": "STONE_BLOCK_4X1",
      "x": 108.405,
      "y": -11.963
    },
    "block_11": {
      "angle": 90,
      "id": "TERRAIN_TEXTURED_HILLS_10X10",
      "x": 106.324,
      "y": -5.053
    },
    "block_12": {
      "angle": 269.699,
      "id": "ICE_BLOCK_8X1",
      "x": 105.996,
      "y": -13.915
    },
    "block_13": {
      "angle": 90.068,
      "id": "STONE_BLOCK_4X1",
      "x": 107.226,
      "y": -11.963
    },
    "block_14": {
      "angle": 0,
      "id": "TERRAIN_TEXTURED_HILLS_10X10",
      "x": 9.345,
      "y": -4.281
    },
    "block_15": {
      "angle": 67.241,
      "id": "ICE_BLOCK_8X1",
      "x": 87.485,
      "y": -5.708
    },
    "block_16": {
      "angle": 0.099,
      "id": "ICE_BLOCK_8X1",
      "x": 102.263,
      "y": -18.38
    },
    "block_17": {
      "angle": 270.034,
      "id": "ICE_BLOCK_8X1",
      "x": 98.76,
      "y": -13.917
    },
    "block_18": {
      "angle": 90.025,
      "id": "ICE_BLOCK_4X4_HOLLOW",
      "x": 102.388,
      "y": -15.863
    },
    "block_19": {
      "angle": 89.977,
      "id": "ICE_BLOCK_4X4_HOLLOW",
      "x": 59.732,
      "y": -3.83
    },
    "block_2": {
      "angle": 90.201,
      "id": "WOOD_BLOCK_8X1",
      "x": 70.697,
      "y": -5.831
    },
    "block_20": {
      "angle": 270.327,
      "id": "ICE_BLOCK_8X1",
      "x": 85.321,
      "y": -14.763
    },
    "block_21": {
      "angle": 90.007,
      "id": "ICE_BLOCK_4X4_HOLLOW",
      "x": 82.206,
      "y": -3.852
    },
    "block_22": {
      "angle": 359.018,
      "id": "WOOD_BLOCK_8X1",
      "x": 113.648,
      "y": -10.57
    },
    "block_23": {
      "angle": 89.994,
      "id": "ICE_BLOCK_4X4_HOLLOW",
      "x": 102.425,
      "y": -11.94
    },
    "block_24": {
      "angle": 270.054,
      "id": "ICE_BLOCK_8X1",
      "x": 78.829,
      "y": -5.83
    },
    "block_25": {
      "angle": 108.923,
      "id": "WOOD_BLOCK_8X1",
      "x": 68.412,
      "y": -5.811
    },
    "block_26": {
      "angle": 269.955,
      "id": "ICE_BLOCK_8X1",
      "x": 84.956,
      "y": -5.828
    },
    "block_27": {
      "angle": 180.002,
      "id": "WOOD_BLOCK_8X1",
      "x": 73.503,
      "y": -10.302
    },
    "block_28": {
      "angle": 89.98,
      "id": "WOOD_BLOCK_8X1",
      "x": 76.391,
      "y": -5.83
    },
    "block_29": {
      "angle": 0.02,
      "id": "STONE_BLOCK_2X2",
      "x": 107.794,
      "y": -14.965
    },
    "block_3": {
      "angle": 89.99,
      "id": "WOOD_BLOCK_8X1",
      "x": 96.149,
      "y": -13.931
    },
    "block_30": {
      "angle": 62.232,
      "id": "ICE_BLOCK_2X1",
      "x": 115.245,
      "y": -14.274
    },
    "block_31": {
      "angle": 270.287,
      "id": "ICE_BLOCK_8X1",
      "x": 79.213,
      "y": -14.77
    },
    "block_32": {
      "angle": 0.029,
      "id": "ICE_BLOCK_8X1",
      "x": 81.935,
      "y": -10.298
    },
    "block_33": {
      "angle": 359.697,
      "id": "WOOD_TRIANGLE_4X4_HOLLOW",
      "x": 64.594,
      "y": -8.875
    },
    "block_34": {
      "angle": 359.779,
      "id": "WOOD_TRIANGLE_4X4_HOLLOW",
      "x": 91.681,
      "y": -20.913
    },
    "block_35": {
      "angle": 180.333,
      "id": "ICE_BLOCK_4X1",
      "x": 104.364,
      "y": -29.487
    },
    "block_36": {
      "angle": 180.237,
      "id": "WOOD_BLOCK_10X1",
      "x": 102.557,
      "y": -23.401
    },
    "block_37": {
      "angle": 90.444,
      "id": "ICE_BLOCK_4X1",
      "x": 101.527,
      "y": -30.957
    },
    "block_38": {
      "angle": 180.308,
      "id": "WOOD_BLOCK_10X1",
      "x": 102.78,
      "y": -28.431
    },
    "block_39": {
      "angle": 30,
      "id": "TERRAIN_TEXTURED_HILLS_5X5",
      "x": 5.402,
      "y": -5.858
    },
    "block_4": {
      "angle": 179.891,
      "id": "WOOD_BLOCK_8X1",
      "x": 93.084,
      "y": -18.4
    },
    "block_40": {
      "angle": 180.041,
      "id": "ICE_BLOCK_4X1",
      "x": 72.482,
      "y": -11.366
    },
    "block_41": {
      "angle": 313.007,
      "id": "TERRAIN_TEXTURED_HILLS_10X10",
      "x": 15.09,
      "y": -5.938
    },
    "block_42": {
      "angle": 90.004,
      "id": "ICE_BLOCK_4X1",
      "x": 75.056,
      "y": -12.821
    },
    "block_43": {
      "angle": 0.007,
      "id": "TERRAIN_TEXTURED_HILLS_10X10",
      "x": 19.535,
      "y": -7.905
    },
    "block_44": {
      "angle": 90.192,
      "id": "ICE_BLOCK_4X1",
      "x": 73.051,
      "y": -13.883
    },
    "block_45": {
      "angle": 90.354,
      "id": "WOOD_BLOCK_4X1",
      "x": 99.845,
      "y": -25.93
    },
    "block_46": {
      "angle": 90.096,
      "id": "WOOD_BLOCK_1X1",
      "x": 84.495,
      "y": -20.302
    },
    "block_47": {
      "angle": 90.04,
      "id": "WOOD_BLOCK_4X1",
      "x": 116.712,
      "y": -2.055
    },
    "block_48": {
      "angle": 90.052,
      "id": "WOOD_BLOCK_1X1",
      "x": 80.154,
      "y": -20.308
    },
    "block_49": {
      "angle": 158,
      "id": "TERRAIN_TEXTURED_HILLS_5X2",
      "x": 0,
      "y": 0.283
    },
    "block_5": {
      "angle": 1.61,
      "id": "PIG_BASIC_SMALL",
      "x": 82.001,
      "y": -12.52
    },
    "block_50": {
      "angle": 358.917,
      "id": "ICE_BLOCK_4X1",
      "x": 112.598,
      "y": -15.542
    },
    "block_51": {
      "angle": 90.374,
      "id": "WOOD_BLOCK_4X1",
      "x": 105.435,
      "y": -25.9
    },
    "block_52": {
      "angle": 104,
      "id": "TERRAIN_TEXTURED_HILLS_5X5",
      "x": 3.971,
      "y": -2.164
    },
    "block_53": {
      "angle": 89.872,
      "id": "ICE_BLOCK_4X1",
      "x": 94.744,
      "y": -20.922
    },
    "block_54": {
      "angle": 89.978,
      "id": "WOOD_BLOCK_4X1",
      "x": 54.415,
      "y": -2.086
    },
    "block_55": {
      "angle": 89.196,
      "id": "WOOD_BLOCK_1X1",
      "x": 116.801,
      "y": -9.568
    },
    "block_56": {
      "angle": 90.04,
      "id": "WOOD_BLOCK_4X1",
      "x": 48.111,
      "y": -2.082
    },
    "block_57": {
      "angle": 359.844,
      "id": "WOOD_BLOCK_8X1",
      "x": 119.825,
      "y": -4.569
    },
    "block_58": {
      "angle": 89.374,
      "id": "WOOD_BLOCK_4X1",
      "x": 116.771,
      "y": -7.062
    },
    "block_59": {
      "angle": 359.844,
      "id": "WOOD_BLOCK_8X1",
      "x": 51.225,
      "y": -4.595
    },
    "block_6": {
      "angle": 89.957,
      "id": "WOOD_BLOCK_8X1",
      "x": 90.292,
      "y": -13.92
    },
    "block_60": {
      "angle": 89.978,
      "id": "WOOD_BLOCK_4X1",
      "x": 123.015,
      "y": -2.059
    },
    "block_61": {
      "angle": 0.068,
      "id": "ICE_BLOCK_8X1",
      "x": 82.484,
      "y": -19.237
    },
    "block_62": {
      "angle": 89.901,
      "id": "WOOD_BLOCK_4X1",
      "x": 63.071,
      "y": -3.859
    },
    "block_63": {
      "angle": 89.919,
      "id": "WOOD_BLOCK_4X1",
      "x": 66.026,
      "y": -3.876
    },
    "block_64": {
      "angle": 90.197,
      "id": "WOOD_BLOCK_4X1",
      "x": 99.593,
      "y": -20.898
    },
    "block_65": {
      "angle": 0,
      "id": "TERRAIN_TEXTURED_HILLS_5X5",
      "x": 21.994,
      "y": -1.015
    },
    "block_66": {
      "angle": 90.306,
      "id": "WOOD_BLOCK_4X1",
      "x": 105.228,
      "y": -20.879
    },
    "block_67": {
      "angle": 0,
      "id": "TERRAIN_TEXTURED_HILLS_5X5",
      "x": 17.264,
      "y": -1.015
    },
    "block_68": {
      "angle": 359.493,
      "id": "PIG_BASIC_MEDIUM",
      "x": 93.291,
      "y": -11.804
    },
    "block_69": {
      "angle": 0,
      "id": "TERRAIN_TEXTURED_HILLS_10X2",
      "x": 61.239,
      "y": -0.961
    },
    "block_7": {
      "angle": 0.627,
      "id": "PIG_BASIC_SMALL",
      "x": 102.61,
      "y": -25.612
    },
    "block_70": {
      "angle": 0.36,
      "id": "PIG_BASIC_MEDIUM",
      "x": 73.483,
      "y": -3.717
    },
    "block_71": {
      "angle": 359.817,
      "id": "PIG_BASIC_MEDIUM",
      "x": 82.327,
      "y": -21.594
    },
    "block_72": {
      "angle": 90.075,
      "id": "WOOD_BLOCK_4X4_HOLLOW",
      "x": 102.406,
      "y": -20.875
    },
    "block_73": {
      "angle": 179.865,
      "id": "MISC_HELMET_SMALL",
      "x": 102.607,
      "y": -24.527
    },
    "block_74": {
      "angle": 0.092,
      "id": "MISC_HELMET_SMALL",
      "x": 82.302,
      "y": -23.389
    },
    "block_75": {
      "angle": 180.085,
      "id": "MISC_HELMET_SMALL",
      "x": 81.98,
      "y": -11.387
    },
    "block_76": {
      "angle": 356.864,
      "id": "MISC_HELMET_SMALL",
      "x": 93.213,
      "y": -13.737
    },
    "block_77": {
      "angle": 45.443,
      "id": "ICE_BLOCK_4X1",
      "x": 121.759,
      "y": -6.906
    },
    "block_78": {
      "angle": 358.941,
      "id": "ICE_BLOCK_4X1",
      "x": 112.754,
      "y": -16.612
    },
    "block_79": {
      "angle": 45.443,
      "id": "ICE_BLOCK_4X1",
      "x": 53.159,
      "y": -6.933
    },
    "block_8": {
      "angle": 89.016,
      "id": "ICE_BLOCK_4X4_HOLLOW",
      "x": 112.344,
      "y": -13.041
    },
    "block_80": {
      "angle": 359.977,
      "id": "ICE_TRIANGLE_4X4_HOLLOW",
      "x": 59.674,
      "y": -7.752
    },
    "block_81": {
      "angle": 90,
      "id": "TERRAIN_TEXTURED_HILLS_10X10",
      "x": 102.587,
      "y": -5.048
    },
    "block_82": {
      "angle": 359.27,
      "id": "ICE_TRIANGLE_4X4_HOLLOW",
      "x": 119.421,
      "y": -7.077
    },
    "block_83": {
      "angle": 359.27,
      "id": "ICE_TRIANGLE_4X4_HOLLOW",
      "x": 50.821,
      "y": -7.104
    },
    "block_84": {
      "angle": 0.007,
      "id": "TERRAIN_TEXTURED_HILLS_32X2",
      "x": 81.611,
      "y": -0.991
    },
    "block_85": {
      "angle": 90,
      "id": "TERRAIN_TEXTURED_HILLS_10X10",
      "x": 94.467,
      "y": -5.054
    },
    "block_86": {
      "angle": 359.692,
      "id": "WOOD_BLOCK_4X1",
      "x": 64.495,
      "y": -6.384
    },
    "block_9": {
      "angle": 0.543,
      "id": "MISC_HELMET_BIG",
      "x": 73.483,
      "y": -5.654
    }
  }
}
