{"camera":[{"id":"Slingshot","x":49.083,"y":-24.62,"left":-2.1715970588235365,"right":100.33759705882353,"bottom":13.764500000000002,"top":-63.00450000000001},{"id":"Castle","x":88.784,"y":-22.894,"left":42.18757647058824,"right":135.38042352941176,"bottom":12.002000000000002,"top":-57.79}],"counts":{"birds":4,"blocks":69,"joints":12},"id":"easter-1","theme":"BACKGROUND_EASTER","world":{"bird_1":{"id":"BIRD_WHITE","x":16.192,"y":-6.823,"angle":0},"bird_2":{"id":"BIRD_BLACK","x":22.878,"y":-6.253,"angle":0},"bird_3":{"id":"BIRD_BLACK","x":25.387,"y":-4.998,"angle":0},"bird_4":{"id":"BIRD_BLACK","x":27.973,"y":-3.695,"angle":0},"block_1":{"id":"TERRAIN_TEXTURED_HILLS_5X5","x":115.017,"y":-1.994,"angle":135},"block_2":{"id":"TERRAIN_TEXTURED_HILLS_5X5","x":118.143,"y":1.073,"angle":135},"block_3":{"id":"ICE_BLOCK_4X4_HOLLOW","x":109.351,"y":-8.433,"angle":45.01400000000001},"block_4":{"id":"WOOD_BLOCK_4X4_HOLLOW","x":97.945,"y":-19.468,"angle":225.00600000000003},"block_5":{"id":"ICE_BLOCK_4X4_HOLLOW","x":100.675,"y":-11.168,"angle":226.11200000000002},"block_6":{"id":"WOOD_BLOCK_4X4_HOLLOW","x":92.164,"y":-19.527,"angle":225.00600000000003},"block_7":{"id":"WOOD_BLOCK_4X4_HOLLOW","x":103.604,"y":-13.916,"angle":224.70699999999997},"block_8":{"id":"WOOD_BLOCK_4X4_HOLLOW","x":103.777,"y":-8.467,"angle":225.152},"block_9":{"id":"ICE_BLOCK_4X4_HOLLOW","x":100.707,"y":-16.686,"angle":45.83600000000001},"block_10":{"id":"WOOD_BLOCK_4X4_HOLLOW","x":92.215,"y":-2.817,"angle":44.992999999999995},"block_11":{"id":"WOOD_BLOCK_4X4_HOLLOW","x":92.253,"y":-8.352,"angle":225.052},"block_12":{"id":"ICE_BLOCK_4X4_HOLLOW","x":89.355,"y":-5.603,"angle":224.994},"block_13":{"id":"ICE_BLOCK_4X4_HOLLOW","x":89.391,"y":-16.677,"angle":45.15699999999998},"block_14":{"id":"MISC_EXPLOSIVE_TNT","x":106.524,"y":-11.226,"angle":314.999},"block_15":{"id":"ICE_BLOCK_4X4_HOLLOW","x":89.441,"y":-11.096,"angle":224.936},"block_16":{"id":"TERRAIN_TEXTURED_HILLS_5X5","x":109.243,"y":-1.976,"angle":135},"block_17":{"id":"TERRAIN_TEXTURED_HILLS_5X5","x":112.566,"y":1.356,"angle":135},"block_18":{"id":"TERRAIN_TEXTURED_HILLS_5X5","x":115.952,"y":3.302,"angle":135},"block_19":{"id":"TERRAIN_TEXTURED_HILLS_5X5","x":107.626,"y":0.819,"angle":135},"block_20":{"id":"ICE_BLOCK_4X4_HOLLOW","x":80.839,"y":-8.395,"angle":45.057000000000016},"block_21":{"id":"ICE_BLOCK_4X4_HOLLOW","x":95.098,"y":-5.644,"angle":44.884000000000015},"block_22":{"id":"WOOD_BLOCK_4X4_HOLLOW","x":97.773,"y":-14.003,"angle":225.00600000000003},"block_23":{"id":"WOOD_BLOCK_4X1","x":105.581,"y":-4.684,"angle":44.999000000000024},"block_24":{"id":"TERRAIN_TEXTURED_HILLS_10X10","x":8.551,"y":-2.139,"angle":45},"block_25":{"id":"TERRAIN_TEXTURED_HILLS_10X10","x":0,"y":0.6,"angle":45},"block_26":{"id":"WOOD_BLOCK_4X1","x":96.876,"y":-7.37,"angle":44.999000000000024},"block_27":{"id":"TERRAIN_TEXTURED_HILLS_10X10","x":100.812,"y":-1.617,"angle":45},"block_28":{"id":"WOOD_BLOCK_4X1","x":107.625,"y":-6.728,"angle":44.999000000000024},"block_29":{"id":"TERRAIN_TEXTURED_HILLS_10X10","x":30.197,"y":5.138,"angle":135},"block_30":{"id":"TERRAIN_TEXTURED_HILLS_10X10","x":23.82,"y":0.906,"angle":112.5},"block_31":{"id":"TERRAIN_TEXTURED_HILLS_10X10","x":16.337,"y":-0.658,"angle":90},"block_32":{"id":"WOOD_BLOCK_4X1","x":85.514,"y":-7.37,"angle":44.999000000000024},"block_33":{"id":"WOOD_BLOCK_4X1","x":98.92,"y":-9.413,"angle":44.999000000000024},"block_34":{"id":"WOOD_BLOCK_4X1","x":87.557,"y":-9.313,"angle":44.999000000000024},"block_35":{"id":"STONE_BLOCK_4X4_HOLLOW","x":86.614,"y":-13.867,"angle":44.52800000000002},"block_36":{"id":"STONE_BLOCK_4X4_HOLLOW","x":106.5,"y":-11.154,"angle":225.42700000000002},"block_37":{"id":"STONE_BLOCK_4X4_HOLLOW","x":112.089,"y":-5.437,"angle":45},"block_38":{"id":"STONE_BLOCK_4X4_HOLLOW","x":78.059,"y":-5.609,"angle":45},"block_39":{"id":"STONE_BLOCK_4X4_HOLLOW","x":95.114,"y":-22.181,"angle":45.43099999999998},"block_40":{"id":"STONE_BLOCK_4X4_HOLLOW","x":95.043,"y":-11.136,"angle":224.87400000000002},"block_41":{"id":"WOOD_BLOCK_4X4_HOLLOW","x":83.801,"y":-11.028,"angle":45.759000000000015},"block_42":{"id":"WOOD_BLOCK_4X1","x":93.22,"y":-14.979,"angle":44.999000000000024},"block_43":{"id":"WOOD_BLOCK_4X1","x":91.176,"y":-12.936,"angle":44.999000000000024},"block_44":{"id":"TERRAIN_TEXTURED_HILLS_10X10","x":83.669,"y":-1.48,"angle":45},"block_45":{"id":"TERRAIN_TEXTURED_HILLS_10X10","x":75.117,"y":1.258,"angle":45},"block_46":{"id":"TERRAIN_TEXTURED_HILLS_10X10","x":96.323,"y":2.862,"angle":45},"block_47":{"id":"TERRAIN_TEXTURED_HILLS_10X10","x":87.422,"y":2.293,"angle":45},"block_48":{"id":"PIG_BASIC_SMALL","x":95.184,"y":-22.096,"angle":356.53600000000006},"block_49":{"id":"PIG_BASIC_SMALL","x":100.935,"y":-16.546,"angle":356.53600000000006},"block_50":{"id":"PIG_BASIC_SMALL","x":89.449,"y":-5.696,"angle":356.53600000000006},"block_51":{"id":"PIG_BASIC_SMALL","x":95.05,"y":-11.196,"angle":356.53600000000006},"block_52":{"id":"PIG_BASIC_SMALL","x":103.81,"y":-8.521,"angle":356.53600000000006},"block_53":{"id":"PIG_BASIC_SMALL","x":86.691,"y":-13.804,"angle":356.53600000000006},"block_54":{"id":"PIG_BASIC_MEDIUM","x":95.152,"y":-16.411,"angle":6},"block_55":{"id":"B_EASTER_GRASS_2","x":44.988,"y":-0.1428431272322645,"angle":360},"block_56":{"id":"B_EASTER_GRASS_2","x":128.34,"y":-0.38192156361612656,"angle":359.934},"block_57":{"id":"B_EASTER_GRASS_2","x":34.756,"y":-0.17984312723226453,"angle":359.934},"block_58":{"id":"B_EASTER_GRASS_2","x":62.737,"y":-0.1508431272322645,"angle":360},"block_59":{"id":"B_EASTER_GRASS_2","x":72.634,"y":-4.275,"angle":315},"block_60":{"id":"B_EASTER_GRASS_1","x":67.551,"y":-0.54,"angle":360},"block_61":{"id":"B_EASTER_GRASS_2","x":122.6033647043249,"y":0.11044706972570983,"angle":360},"block_62":{"id":"B_EASTER_GRASS_2","x":52.505,"y":-0.18784312723226454,"angle":359.934},"block_63":{"id":"B_EASTER_GRASS_1","x":117.201,"y":-4.0869215636161265,"angle":45},"block_64":{"id":"B_EASTER_GRASS_1","x":57.521,"y":-0.504,"angle":360},"block_65":{"id":"B_EASTER_GRASS_1","x":39.772,"y":-0.496,"angle":360},"block_66":{"id":"B_EASTER_GRASS_1","x":133.356,"y":-0.549,"angle":360},"block_67":{"id":"B_WHITE_BUNNY_EAR_1","x":94.115,"y":-24.985,"angle":10.5},"block_68":{"id":"B_WHITE_BUNNY_EAR_2","x":96.754,"y":-25.026,"angle":22.5},"block_69":{"id":"B_PINK_BUNNY_HAT_2","x":95.402,"y":-18.507,"angle":19.5},"joint_1":{"type":2,"collideConnected":false,"index1":38,"index2":67,"x1":0,"x2":0,"y1":0,"y2":0},"joint_2":{"type":2,"collideConnected":false,"index1":50,"index2":39,"x1":0,"x2":0,"y1":0,"y2":0},"joint_3":{"type":2,"collideConnected":false,"index1":47,"index2":38,"x1":0,"x2":0,"y1":0,"y2":0},"joint_4":{"type":2,"collideConnected":false,"index1":62,"index2":0,"x1":0,"x2":0,"y1":0,"y2":0},"joint_5":{"type":2,"collideConnected":false,"index1":7,"index2":51,"x1":0,"x2":0,"y1":0,"y2":0},"joint_6":{"type":2,"collideConnected":false,"index1":66,"index2":38,"x1":0,"x2":0,"y1":0,"y2":0},"joint_7":{"type":2,"collideConnected":false,"index1":68,"index2":53,"x1":0,"x2":0,"y1":0,"y2":0},"joint_8":{"type":2,"collideConnected":false,"index1":48,"index2":8,"x1":0,"x2":0,"y1":0,"y2":0},"joint_9":{"type":2,"collideConnected":false,"index1":58,"index2":44,"x1":0,"x2":0,"y1":0,"y2":0},"joint_10":{"type":2,"collideConnected":false,"index1":35,"index2":13,"x1":0,"x2":0,"y1":0,"y2":0},"joint_11":{"type":2,"collideConnected":false,"index1":11,"index2":49,"x1":0,"x2":0,"y1":0,"y2":0},"joint_12":{"type":2,"collideConnected":false,"index1":34,"index2":52,"x1":0,"x2":0,"y1":0,"y2":0}}}