{"camera":[{"id":"Slingshot","x":48.769,"y":-29.267,"left":-8.495755882352945,"right":106.03375588235295,"bottom":13.618500000000001,"top":-72.1525},{"id":"Castle","x":79.2,"y":-26.044,"left":27.687691176470594,"right":130.7123088235294,"bottom":12.5335,"top":-64.6215}],"counts":{"birds":4,"blocks":155,"joints":40},"id":"easter-2","theme":"BACKGROUND_EASTER","world":{"bird_1":{"id":"BIRD_BLUE","x":12.875,"y":-20.706,"angle":0},"bird_2":{"id":"BIRD_RED","x":6.831,"y":-20.739,"angle":0},"bird_3":{"id":"BIRD_REDBIG","x":3.516,"y":-21.543,"angle":0},"bird_4":{"id":"BIRD_YELLOW","x":0,"y":-20.94,"angle":0},"block_1":{"id":"TERRAIN_TEXTURED_HILLS_5X5","x":102.669,"y":-4.492,"angle":112.505},"block_2":{"id":"TERRAIN_TEXTURED_HILLS_5X5","x":102.239,"y":-0.531,"angle":157.506},"block_3":{"id":"TERRAIN_TEXTURED_HILLS_5X2","x":65.217,"y":0.478,"angle":180.004},"block_4":{"id":"TERRAIN_TEXTURED_HILLS_5X2","x":69.229,"y":-0.35,"angle":157.504},"block_5":{"id":"TERRAIN_TEXTURED_HILLS_5X5","x":105.723,"y":-2.44,"angle":135.005},"block_6":{"id":"TERRAIN_TEXTURED_HILLS_5X2","x":72.802,"y":-2.731,"angle":135.004},"block_7":{"id":"TERRAIN_TEXTURED_HILLS_5X5","x":107.823,"y":0.662,"angle":157.506},"block_8":{"id":"TERRAIN_TEXTURED_HILLS_5X2","x":75.81,"y":-10.316,"angle":90.00400000000002},"block_9":{"id":"TERRAIN_TEXTURED_HILLS_5X2","x":75.058,"y":-6.241,"angle":112.50400000000002},"block_10":{"id":"TERRAIN_TEXTURED_HILLS_5X2","x":72.676,"y":-17.775,"angle":45.00400000000002},"block_11":{"id":"TERRAIN_TEXTURED_HILLS_10X2","x":3.065,"y":-19.38,"angle":360},"block_12":{"id":"TERRAIN_TEXTURED_HILLS_5X2","x":74.995,"y":-14.327,"angle":67.50400000000002},"block_13":{"id":"TERRAIN_TEXTURED_HILLS_5X2","x":69.166,"y":-20.156,"angle":22.50400000000002},"block_14":{"id":"TERRAIN_TEXTURED_HILLS_10X2","x":10.243,"y":-19.394,"angle":360},"block_15":{"id":"ICE_BLOCK_4X1","x":85.262,"y":-29.005,"angle":90},"block_16":{"id":"ICE_BLOCK_4X1","x":83.321,"y":-31.411,"angle":180},"block_17":{"id":"ICE_BLOCK_4X1","x":89.196,"y":-15.872,"angle":90},"block_18":{"id":"ICE_BLOCK_4X1","x":90.332,"y":-15.806,"angle":90},"block_19":{"id":"ICE_BLOCK_4X2","x":98.758,"y":-14.869,"angle":90},"block_20":{"id":"WOOD_BLOCK_2X2","x":89.772,"y":-18.878,"angle":90},"block_21":{"id":"ICE_BLOCK_4X2","x":84.381,"y":-19.082,"angle":90},"block_22":{"id":"MISC_GOLDEN_EGG","x":21.709,"y":2.633,"angle":0},"block_23":{"id":"WOOD_BLOCK_8X1","x":80.586,"y":-37.549,"angle":360},"block_24":{"id":"TERRAIN_TEXTURED_HILLS_5X5","x":78.5,"y":-8.261,"angle":0.0049999999999954525},"block_25":{"id":"TERRAIN_TEXTURED_HILLS_5X5","x":78.325,"y":-12.356,"angle":78.005},"block_26":{"id":"TERRAIN_TEXTURED_HILLS_5X5","x":77.082,"y":-15.291,"angle":55.004999999999995},"block_27":{"id":"TERRAIN_TEXTURED_HILLS_5X5","x":81.295,"y":-8.231,"angle":45.004999999999995},"block_28":{"id":"TERRAIN_TEXTURED_HILLS_5X5","x":82.418,"y":-7.048,"angle":45.004999999999995},"block_29":{"id":"TERRAIN_TEXTURED_HILLS_10X10","x":96.649,"y":-2.754,"angle":0.0049999999999954525},"block_30":{"id":"TERRAIN_TEXTURED_HILLS_10X10","x":87.737,"y":-2.369,"angle":0.0049999999999954525},"block_31":{"id":"ICE_BLOCK_2X1","x":105.949,"y":-32.496,"angle":360},"block_32":{"id":"B_EASTEREGG_2","x":66.203,"y":-9.047,"angle":321.893},"block_33":{"id":"B_EASTEREGG_2","x":69.955,"y":-10.981,"angle":3.7339999999999804},"block_34":{"id":"WOOD_BLOCK_4X2","x":77.449,"y":-22.281,"angle":90},"block_35":{"id":"B_EASTEREGG_3","x":66.139,"y":-13.062,"angle":41.860000000000014},"block_36":{"id":"B_EASTEREGG_3","x":68.59,"y":-9.023,"angle":46.19999999999999},"block_37":{"id":"TERRAIN_TEXTURED_HILLS_5X2","x":69.707,"y":-21.024,"angle":180.004},"block_38":{"id":"WOOD_BLOCK_2X1","x":70.422,"y":-14.769,"angle":44.360000000000014},"block_39":{"id":"TERRAIN_TEXTURED_HILLS_5X2","x":72.915,"y":-19.49,"angle":22.504999999999995},"block_40":{"id":"WOOD_BLOCK_2X1","x":69.038,"y":-15.755,"angle":21.860000000000014},"block_41":{"id":"TERRAIN_TEXTURED_HILLS_5X2","x":75.499,"y":-18.392,"angle":22.504999999999995},"block_42":{"id":"WOOD_BLOCK_2X1","x":67.345,"y":-16.103,"angle":358.786},"block_43":{"id":"TERRAIN_TEXTURED_HILLS_5X2","x":85.889,"y":-7.849,"angle":202.504},"block_44":{"id":"TERRAIN_TEXTURED_HILLS_5X2","x":90.152,"y":-6.868,"angle":0.004000000000019099},"block_45":{"id":"TERRAIN_TEXTURED_HILLS_5X2","x":79.972,"y":-14.101,"angle":247.50400000000002},"block_46":{"id":"TERRAIN_TEXTURED_HILLS_5X2","x":82.31,"y":-10.379,"angle":45.00400000000002},"block_47":{"id":"TERRAIN_TEXTURED_HILLS_5X2","x":74.002,"y":-20.164,"angle":202.504},"block_48":{"id":"WOOD_BLOCK_2X1","x":71.34,"y":-13.303,"angle":66.73199999999997},"block_49":{"id":"TERRAIN_TEXTURED_HILLS_5X2","x":77.533,"y":-17.778,"angle":225.004},"block_50":{"id":"WOOD_BLOCK_4X2","x":100.18,"y":-9.805,"angle":90},"block_51":{"id":"TERRAIN_TEXTURED_HILLS_5X2","x":74.853,"y":-17.487,"angle":45.004999999999995},"block_52":{"id":"WOOD_BLOCK_8X1","x":113.867,"y":-11.803,"angle":179.999},"block_53":{"id":"WOOD_BLOCK_4X2","x":79.612,"y":-22.281,"angle":90},"block_54":{"id":"TERRAIN_TEXTURED_HILLS_5X2","x":73.471,"y":-20.963,"angle":180},"block_55":{"id":"TERRAIN_TEXTURED_HILLS_10X10","x":74.971,"y":1.628,"angle":45.004999999999995},"block_56":{"id":"TERRAIN_TEXTURED_HILLS_5X2","x":26.49,"y":1.084,"angle":360},"block_57":{"id":"TERRAIN_TEXTURED_HILLS_10X10","x":79.415,"y":-2.336,"angle":0.0049999999999954525},"block_58":{"id":"B_EASTEREGG_1","x":67.425,"y":-11.079,"angle":355.02700000000004},"block_59":{"id":"TERRAIN_TEXTURED_HILLS_10X10","x":10.309,"y":-13.901,"angle":360},"block_60":{"id":"TERRAIN_TEXTURED_HILLS_10X10","x":3.071,"y":-13.886,"angle":360},"block_61":{"id":"TERRAIN_TEXTURED_HILLS_10X10","x":10.28,"y":-4.391,"angle":360},"block_62":{"id":"B_EASTEREGG_1","x":64.922,"y":-11.034,"angle":5.363999999999976},"block_63":{"id":"TERRAIN_TEXTURED_HILLS_10X10","x":3.042,"y":-4.376,"angle":360},"block_64":{"id":"WOOD_BLOCK_4X2","x":90.606,"y":-8.789,"angle":360},"block_65":{"id":"WOOD_BLOCK_4X2","x":94.583,"y":-9.843,"angle":90},"block_66":{"id":"WOOD_BLOCK_8X1","x":70.977,"y":-27.945,"angle":90},"block_67":{"id":"WOOD_BLOCK_4X2","x":78.557,"y":-25.183,"angle":180},"block_68":{"id":"WOOD_BLOCK_4X2","x":84.262,"y":-14.972,"angle":90},"block_69":{"id":"ICE_BLOCK_4X2","x":77.502,"y":-28.137,"angle":90},"block_70":{"id":"WOOD_BLOCK_10X1","x":98.66,"y":-17.339,"angle":360},"block_71":{"id":"ICE_BLOCK_4X2","x":84.644,"y":-23.991,"angle":90},"block_72":{"id":"ICE_BLOCK_2X2","x":77.502,"y":-31.144,"angle":90},"block_73":{"id":"ICE_BLOCK_4X2","x":68.514,"y":-25.975,"angle":90},"block_74":{"id":"ICE_BLOCK_4X2","x":68.564,"y":-30.041,"angle":90},"block_75":{"id":"STONE_BLOCK_2X2","x":70.47,"y":-38.809,"angle":90},"block_76":{"id":"WOOD_BLOCK_10X1","x":88.376,"y":-21.462,"angle":360},"block_77":{"id":"ICE_BLOCK_4X2","x":82.087,"y":-29.005,"angle":90},"block_78":{"id":"WOOD_BLOCK_10X1","x":98.55,"y":-12.375,"angle":360},"block_79":{"id":"WOOD_BLOCK_4X1","x":102.412,"y":-32.109,"angle":315},"block_80":{"id":"WOOD_BLOCK_4X2","x":108.725,"y":-8.026,"angle":90},"block_81":{"id":"WOOD_BLOCK_4X1","x":94.75,"y":-26.456,"angle":180},"block_82":{"id":"WOOD_BLOCK_4X2","x":108.834,"y":-11.928,"angle":90},"block_83":{"id":"WOOD_BLOCK_4X1","x":101.2,"y":-28.888,"angle":270},"block_84":{"id":"WOOD_BLOCK_4X2","x":94.55,"y":-19.895,"angle":270},"block_85":{"id":"WOOD_BLOCK_4X1","x":80.77,"y":-35.042,"angle":270},"block_86":{"id":"WOOD_BLOCK_4X2","x":77.762,"y":-35.042,"angle":90},"block_87":{"id":"WOOD_BLOCK_4X1","x":83.889,"y":-35.098,"angle":270},"block_88":{"id":"WOOD_BLOCK_4X2","x":94.617,"y":-23.915,"angle":270},"block_89":{"id":"WOOD_BLOCK_4X1","x":89.772,"y":-20.44,"angle":180},"block_90":{"id":"WOOD_BLOCK_4X2","x":110.674,"y":-20.723,"angle":270},"block_91":{"id":"WOOD_BLOCK_4X1","x":103.12,"y":-14.783,"angle":270},"block_92":{"id":"WOOD_BLOCK_10X1","x":106.535,"y":-18.301,"angle":360},"block_93":{"id":"WOOD_BLOCK_4X2","x":108.834,"y":-15.898,"angle":90},"block_94":{"id":"WOOD_BLOCK_4X2","x":102.574,"y":-20.839,"angle":270},"block_95":{"id":"WOOD_BLOCK_4X2","x":94.5,"y":-14.784,"angle":90},"block_96":{"id":"STONE_TRIANGLE_4X4","x":83.228,"y":-11.032,"angle":180.70300000000003},"block_97":{"id":"STONE_TRIANGLE_4X4","x":78.441,"y":-18.255,"angle":180.70300000000003},"block_98":{"id":"STONE_TRIANGLE_4X4","x":107.748,"y":-4.099,"angle":179.979},"block_99":{"id":"STONE_BLOCK_4X2","x":69.467,"y":-36.863,"angle":360},"block_100":{"id":"STONE_BLOCK_4X2","x":68.464,"y":-39.812,"angle":90},"block_101":{"id":"STONE_BLOCK_4X2","x":69.604,"y":-22.924,"angle":179.999},"block_102":{"id":"WOOD_BLOCK_4X2","x":110.596,"y":-23.656,"angle":360},"block_103":{"id":"WOOD_BLOCK_2X1","x":116.456,"y":-12.787,"angle":179.999},"block_104":{"id":"WOOD_BLOCK_2X1","x":108.877,"y":-24.942,"angle":67.5},"block_105":{"id":"BLOCK_ROPE_THIN_SHORT","x":67.409,"y":-18.314,"angle":179.02600000000004},"block_106":{"id":"ICE_BLOCK_10X1","x":86.028,"y":-26.521,"angle":180},"block_107":{"id":"ICE_BLOCK_10X1","x":81.796,"y":-32.591,"angle":180},"block_108":{"id":"WOOD_BLOCK_2X1","x":64.463,"y":-8.314,"angle":224.241},"block_109":{"id":"WOOD_BLOCK_2X1","x":65.717,"y":-15.69,"angle":336.132},"block_110":{"id":"WOOD_BLOCK_2X1","x":96.653,"y":-27.04,"angle":292.50000000000006},"block_111":{"id":"WOOD_BLOCK_2X1","x":92.783,"y":-27.132,"angle":67.5},"block_112":{"id":"WOOD_BLOCK_2X1","x":112.313,"y":-24.942,"angle":292.50000000000006},"block_113":{"id":"WOOD_BLOCK_2X1","x":63.489,"y":-13.231,"angle":291.407},"block_114":{"id":"WOOD_BLOCK_2X1","x":63.546,"y":-9.779,"angle":246.753},"block_115":{"id":"WOOD_BLOCK_2X1","x":63.201,"y":-11.516,"angle":269.123},"block_116":{"id":"WOOD_BLOCK_2X1","x":67.536,"y":-7.004,"angle":178.965},"block_117":{"id":"WOOD_BLOCK_2X1","x":65.849,"y":-7.33,"angle":201.626},"block_118":{"id":"WOOD_BLOCK_2X1","x":64.418,"y":-14.696,"angle":313.699},"block_119":{"id":"WOOD_BLOCK_4X4_HOLLOW","x":90.661,"y":-11.685,"angle":90},"block_120":{"id":"WOOD_BLOCK_4X4_HOLLOW","x":89.951,"y":-24.041,"angle":360},"block_121":{"id":"WOOD_BLOCK_4X4_HOLLOW","x":102.474,"y":-24.785,"angle":360},"block_122":{"id":"WOOD_BLOCK_4X4_HOLLOW","x":69.475,"y":-33.93,"angle":360},"block_123":{"id":"WOOD_BLOCK_2X1","x":70.474,"y":-8.387,"angle":133.738},"block_124":{"id":"WOOD_BLOCK_2X1","x":69.173,"y":-7.396,"angle":156.275},"block_125":{"id":"WOOD_BLOCK_4X1","x":105.464,"y":-33.451,"angle":360},"block_126":{"id":"WOOD_BLOCK_2X1","x":71.688,"y":-11.567,"angle":89.00599999999997},"block_127":{"id":"WOOD_BLOCK_2X1","x":71.403,"y":-9.852,"angle":111.31900000000002},"block_128":{"id":"PIG_BASIC_SMALL","x":82.396,"y":-34.149,"angle":357.122},"block_129":{"id":"PIG_BASIC_SMALL","x":101.437,"y":-13.912,"angle":357.122},"block_130":{"id":"PIG_BASIC_SMALL","x":86.804,"y":-23.042,"angle":357.122},"block_131":{"id":"PIG_BASIC_SMALL","x":114.352,"y":-13.229,"angle":357.122},"block_132":{"id":"PIG_BASIC_SMALL","x":68.799,"y":-12.875,"angle":357.122},"block_133":{"id":"PIG_BASIC_SMALL","x":73.9,"y":-22.88,"angle":357.122},"block_134":{"id":"PIG_BASIC_SMALL","x":110.607,"y":-25.611,"angle":357.122},"block_135":{"id":"PIG_BASIC_SMALL","x":111.934,"y":-13.229,"angle":357.122},"block_136":{"id":"PIG_BASIC_MEDIUM","x":94.791,"y":-28.619,"angle":359.581},"block_137":{"id":"PIG_BASIC_MEDIUM","x":99.64,"y":-19.424,"angle":358.921},"block_138":{"id":"BLOCK_COMBINE","x":93.61,"y":-21.394,"angle":360},"block_139":{"id":"BLOCK_COMBINE","x":108.86,"y":-17.41,"angle":90},"block_140":{"id":"B_WHITE_BUNNY_EAR_1","x":97.845,"y":-20.953,"angle":358.922},"block_141":{"id":"B_WHITE_BUNNY_EAR_2","x":100.898,"y":-21.917,"angle":358.922},"block_142":{"id":"B_EASTER_GRASS_2","x":118.258,"y":0.04277939858294488,"angle":360},"block_143":{"id":"B_EASTER_GRASS_2","x":63.77253676690284,"y":-0.417147067611372,"angle":360},"block_144":{"id":"B_EASTER_GRASS_2","x":53.31553676690284,"y":-0.183147067611372,"angle":360},"block_145":{"id":"B_EASTER_GRASS_1","x":47.992,"y":-0.47,"angle":360},"block_146":{"id":"B_EASTER_GRASS_2","x":129.197,"y":0.033779398582944875,"angle":360},"block_147":{"id":"B_EASTER_GRASS_2","x":42.37653676690284,"y":-0.02414706761137192,"angle":360},"block_148":{"id":"B_EASTER_GRASS_1","x":37.052,"y":-0.311,"angle":360},"block_149":{"id":"B_EASTER_GRASS_1","x":58.699,"y":-0.47,"angle":360},"block_150":{"id":"B_EASTER_GRASS_1","x":123.76,"y":-0.48,"angle":360},"block_151":{"id":"B_EASTER_GRASS_1","x":112.82,"y":-0.471,"angle":360},"block_152":{"id":"B_EASTER_GRASS_1","x":26.266,"y":-0.5455367669028386,"angle":360},"block_153":{"id":"BLOCK_COMBINE","x":110.151,"y":-11.78,"angle":360},"block_154":{"id":"B_PINK_BUNNY_HAT_2","x":86.609,"y":-24.248,"angle":1.122000000000014},"block_155":{"id":"B_PINK_BUNNY_HAT_1","x":94.377,"y":-30.642,"angle":359.582},"joint_1":{"type":2,"collideConnected":false,"index1":39,"index2":41,"x1":0,"x2":0,"y1":0,"y2":0},"joint_2":{"type":2,"collideConnected":false,"index1":30,"index2":124,"x1":0,"x2":0,"y1":0,"y2":0},"joint_3":{"type":2,"collideConnected":false,"index1":39,"index2":37,"x1":0,"x2":0,"y1":0,"y2":0},"joint_4":{"type":2,"collideConnected":false,"index1":140,"index2":136,"x1":0,"x2":0,"y1":0,"y2":0},"joint_5":{"type":2,"collideConnected":false,"index1":51,"index2":81,"x1":0,"x2":0,"y1":0,"y2":0},"joint_6":{"type":2,"collideConnected":false,"index1":112,"index2":117,"x1":0,"x2":0,"y1":0,"y2":0},"joint_7":{"type":2,"collideConnected":false,"index1":123,"index2":115,"x1":0,"x2":0,"y1":0,"y2":0},"joint_8":{"type":2,"collideConnected":false,"index1":21,"index2":55,"x1":0,"x2":0,"y1":0,"y2":0},"joint_9":{"type":5,"collideConnected":false,"index1":151,"index2":55,"x1":0,"x2":0,"y1":0,"y2":0,"destroyTimer":0},"joint_10":{"type":2,"collideConnected":false,"index1":113,"index2":114,"x1":0,"x2":0,"y1":0,"y2":0},"joint_11":{"type":2,"collideConnected":false,"index1":126,"index2":122,"x1":0,"x2":0,"y1":0,"y2":0},"joint_12":{"type":2,"collideConnected":false,"index1":47,"index2":125,"x1":0,"x2":0,"y1":0,"y2":0},"joint_13":{"type":2,"collideConnected":false,"index1":116,"index2":107,"x1":0,"x2":0,"y1":0,"y2":0},"joint_14":{"type":2,"collideConnected":false,"index1":110,"index2":80,"x1":0,"x2":0,"y1":0,"y2":0},"joint_15":{"type":2,"collideConnected":false,"index1":125,"index2":126,"x1":0,"x2":0,"y1":0,"y2":0},"joint_16":{"type":2,"collideConnected":false,"index1":108,"index2":41,"x1":0,"x2":0,"y1":0,"y2":0},"joint_17":{"type":2,"collideConnected":false,"index1":137,"index2":75,"x1":0,"x2":0,"y1":0,"y2":0},"joint_18":{"type":2,"collideConnected":false,"index1":138,"index2":92,"x1":0,"x2":0,"y1":0,"y2":0},"joint_19":{"type":2,"collideConnected":false,"index1":138,"index2":91,"x1":0,"x2":0,"y1":0,"y2":0},"joint_20":{"type":2,"collideConnected":false,"index1":109,"index2":80,"x1":0,"x2":0,"y1":0,"y2":0},"joint_21":{"type":2,"collideConnected":false,"index1":122,"index2":123,"x1":0,"x2":0,"y1":0,"y2":0},"joint_22":{"type":2,"collideConnected":false,"index1":153,"index2":129,"x1":0,"x2":0,"y1":0,"y2":0},"joint_23":{"type":2,"collideConnected":false,"index1":111,"index2":101,"x1":0,"x2":0,"y1":0,"y2":0},"joint_24":{"type":2,"collideConnected":false,"index1":117,"index2":108,"x1":0,"x2":0,"y1":0,"y2":0},"joint_25":{"type":2,"collideConnected":false,"index1":107,"index2":113,"x1":0,"x2":0,"y1":0,"y2":0},"joint_26":{"type":2,"collideConnected":false,"index1":92,"index2":91,"x1":0,"x2":0,"y1":0,"y2":0},"joint_27":{"type":3,"collideConnected":false,"index1":12,"index2":104,"x1":-1.679010033607483,"x2":0.03466600179672241,"y1":0.6983320116996765,"y2":1.5241999626159668,"motor":false},"joint_28":{"type":2,"collideConnected":false,"index1":82,"index2":120,"x1":0,"x2":0,"y1":0,"y2":0},"joint_29":{"type":2,"collideConnected":false,"index1":82,"index2":78,"x1":0,"x2":0,"y1":0,"y2":0},"joint_30":{"type":2,"collideConnected":false,"index1":154,"index2":135,"x1":0,"x2":0,"y1":0,"y2":0},"joint_31":{"type":2,"collideConnected":false,"index1":51,"index2":152,"x1":0,"x2":0,"y1":0,"y2":0},"joint_32":{"type":2,"collideConnected":false,"index1":115,"index2":116,"x1":0,"x2":0,"y1":0,"y2":0},"joint_33":{"type":2,"collideConnected":false,"index1":137,"index2":83,"x1":0,"x2":0,"y1":0,"y2":0},"joint_34":{"type":3,"collideConnected":false,"index1":104,"index2":41,"x1":0.03424770012497902,"x2":0.06309589743614197,"y1":-1.6011199951171875,"y2":-0.2989389896392822,"motor":false},"joint_35":{"type":2,"collideConnected":false,"index1":114,"index2":112,"x1":0,"x2":0,"y1":0,"y2":0},"joint_36":{"type":2,"collideConnected":false,"index1":152,"index2":81,"x1":0,"x2":0,"y1":0,"y2":0},"joint_37":{"type":2,"collideConnected":false,"index1":103,"index2":101,"x1":0,"x2":0,"y1":0,"y2":0},"joint_38":{"type":2,"collideConnected":false,"index1":37,"index2":47,"x1":0,"x2":0,"y1":0,"y2":0},"joint_39":{"type":2,"collideConnected":false,"index1":78,"index2":124,"x1":0,"x2":0,"y1":0,"y2":0},"joint_40":{"type":2,"collideConnected":false,"index1":139,"index2":136,"x1":1.8330299854278564,"x2":0,"y1":0.25097501277923584,"y2":0}}}