{
  "camera": [
    {
      "bottom": 15.373,
      "id": "Slingshot",
      "left": -51.671,
      "right": 61.31,
      "top": -69.362,
      "x": 47.706,
      "y": -26.994
    },
    {
      "bottom": 14.829,
      "id": "Castle",
      "left": 10.162,
      "right": 123.144,
      "top": -69.907,
      "x": 109.539,
      "y": -27.539
    }
  ],
  "counts": {
    "birds": 3,
    "blocks": 115,
    "joints": 15
  },
  "id": "packChristmas/Level677.lua",
  "theme": "BACKGROUND_XMAS",
  "world": {
    "bird_1": {
      "angle": 0,
      "id": "BIRD_WHITE",
      "x": 13.949,
      "y": -7.725
    },
    "bird_2": {
      "angle": 0,
      "id": "BIRD_YELLOW",
      "x": 6.748,
      "y": -6.484
    },
    "bird_3": {
      "angle": 0,
      "id": "BIRD_YELLOW",
      "x": 3.766,
      "y": -5.273
    },
    "block_1": {
      "angle": 0.045,
      "id": "MISC_METAL_TIRE_2X2",
      "x": 118.209,
      "y": -1.273
    },
    "block_10": {
      "angle": 315,
      "id": "STONE_TRIANGLE_4X4",
      "x": 83.106,
      "y": -18.469
    },
    "block_100": {
      "angle": 89.604,
      "id": "WOOD_BLOCK_4X1",
      "x": 85.249,
      "y": -4.17
    },
    "block_101": {
      "angle": 180.084,
      "id": "WOOD_BLOCK_4X1",
      "x": 86.86,
      "y": -6.684
    },
    "block_102": {
      "angle": 0.056,
      "id": "WOOD_BLOCK_4X1",
      "x": 86.671,
      "y": -1.658
    },
    "block_103": {
      "angle": 0.056,
      "id": "WOOD_BLOCK_4X1",
      "x": 118.84,
      "y": -4.991
    },
    "block_104": {
      "angle": 90.056,
      "id": "WOOD_BLOCK_4X1",
      "x": 117.34,
      "y": -7.454
    },
    "block_105": {
      "angle": 90.056,
      "id": "WOOD_BLOCK_4X1",
      "x": 120.459,
      "y": -7.43
    },
    "block_106": {
      "angle": 180.056,
      "id": "WOOD_BLOCK_4X1",
      "x": 118.958,
      "y": -9.776
    },
    "block_107": {
      "angle": 90.056,
      "id": "WOOD_BLOCK_4X1",
      "x": 125.875,
      "y": -7.444
    },
    "block_108": {
      "angle": 0.056,
      "id": "WOOD_BLOCK_4X1",
      "x": 124.256,
      "y": -5.005
    },
    "block_109": {
      "angle": 90.056,
      "id": "WOOD_BLOCK_4X1",
      "x": 122.756,
      "y": -7.468
    },
    "block_11": {
      "angle": 315,
      "id": "STONE_TRIANGLE_4X4",
      "x": 88.694,
      "y": -18.469
    },
    "block_110": {
      "angle": 180.056,
      "id": "WOOD_BLOCK_4X1",
      "x": 124.374,
      "y": -9.789
    },
    "block_111": {
      "angle": 180.056,
      "id": "WOOD_BLOCK_4X1",
      "x": 130.764,
      "y": -9.777
    },
    "block_112": {
      "angle": 0.056,
      "id": "WOOD_BLOCK_4X1",
      "x": 130.646,
      "y": -4.992
    },
    "block_113": {
      "angle": 90.056,
      "id": "WOOD_BLOCK_4X1",
      "x": 132.265,
      "y": -7.432
    },
    "block_114": {
      "angle": 90.056,
      "id": "WOOD_BLOCK_4X1",
      "x": 129.146,
      "y": -7.455
    },
    "block_115": {
      "angle": 0.056,
      "id": "WOOD_BLOCK_4X1",
      "x": 145.705,
      "y": -12.761
    },
    "block_12": {
      "angle": 315,
      "id": "STONE_TRIANGLE_4X4",
      "x": 94.245,
      "y": -18.469
    },
    "block_13": {
      "angle": 0,
      "id": "STONE_TRIANGLE_4X4_HOLLOW",
      "x": 142.68,
      "y": -2.072
    },
    "block_14": {
      "angle": 0,
      "id": "STONE_TRIANGLE_4X4_HOLLOW",
      "x": 150.158,
      "y": -2.002
    },
    "block_15": {
      "angle": 0,
      "id": "ICE_BLOCK_2X1",
      "x": 83.377,
      "y": -21.997
    },
    "block_16": {
      "angle": 0.191,
      "id": "PIG_BASIC_SMALL",
      "x": 86.875,
      "y": -8.096
    },
    "block_17": {
      "angle": 0.191,
      "id": "PIG_BASIC_SMALL",
      "x": 118.895,
      "y": -6.477
    },
    "block_18": {
      "angle": 0.191,
      "id": "PIG_BASIC_SMALL",
      "x": 134.888,
      "y": -4.54
    },
    "block_19": {
      "angle": 0,
      "id": "STONE_BLOCK_10X1",
      "x": 121.63,
      "y": -2.907
    },
    "block_2": {
      "angle": 359.718,
      "id": "MISC_METAL_TIRE_2X2",
      "x": 124.704,
      "y": -1.28
    },
    "block_20": {
      "angle": 0,
      "id": "STONE_BLOCK_10X1",
      "x": 133.436,
      "y": -2.908
    },
    "block_21": {
      "angle": 0,
      "id": "STONE_BLOCK_10X1",
      "x": 133.452,
      "y": -10.948
    },
    "block_22": {
      "angle": 0,
      "id": "STONE_BLOCK_10X1",
      "x": 146.608,
      "y": -7.836
    },
    "block_23": {
      "angle": 0,
      "id": "STONE_BLOCK_10X1",
      "x": 146.273,
      "y": -4.568
    },
    "block_24": {
      "angle": 0,
      "id": "STONE_BLOCK_10X1",
      "x": 85.301,
      "y": -19.105
    },
    "block_25": {
      "angle": 45,
      "id": "STONE_BLOCK_10X1",
      "x": 102.283,
      "y": -15.758
    },
    "block_26": {
      "angle": 0.13,
      "id": "MISC_GIFT_7X4",
      "x": 94.365,
      "y": -7.223
    },
    "block_27": {
      "angle": 0,
      "id": "ICE_BLOCK_1X1",
      "x": 81.817,
      "y": -24.22
    },
    "block_28": {
      "angle": 0,
      "id": "ICE_BLOCK_1X1",
      "x": 80.696,
      "y": -20.092
    },
    "block_29": {
      "angle": 0.11,
      "id": "MISC_GIFT_4X5",
      "x": 112.843,
      "y": -5.671
    },
    "block_3": {
      "angle": 0.045,
      "id": "MISC_METAL_TIRE_2X2",
      "x": 130.015,
      "y": -1.274
    },
    "block_30": {
      "angle": 225,
      "id": "ICE_BLOCK_8X1",
      "x": 102.238,
      "y": -17.216
    },
    "block_31": {
      "angle": 315,
      "id": "ICE_BLOCK_8X1",
      "x": 76.84,
      "y": -16.876
    },
    "block_32": {
      "angle": 360,
      "id": "ICE_BLOCK_8X1",
      "x": 94.391,
      "y": -11.599
    },
    "block_33": {
      "angle": 0,
      "id": "SNOW_TRIANGLE_2X2",
      "x": 67.531,
      "y": -1.131
    },
    "block_34": {
      "angle": 180,
      "id": "ICE_BLOCK_4X1",
      "x": 96.682,
      "y": -20.164
    },
    "block_35": {
      "angle": 270,
      "id": "ICE_BLOCK_2X2",
      "x": 144.738,
      "y": -11.223
    },
    "block_36": {
      "angle": 270,
      "id": "ICE_BLOCK_2X2",
      "x": 146.764,
      "y": -11.188
    },
    "block_37": {
      "angle": 90,
      "id": "STONE_BLOCK_4X1",
      "x": 81.8,
      "y": -21.648
    },
    "block_38": {
      "angle": 180,
      "id": "STONE_BLOCK_4X1",
      "x": 108.386,
      "y": -2.605
    },
    "block_39": {
      "angle": 180,
      "id": "STONE_BLOCK_4X1",
      "x": 112.249,
      "y": -2.551
    },
    "block_4": {
      "angle": 359.718,
      "id": "MISC_METAL_TIRE_2X2",
      "x": 136.51,
      "y": -1.281
    },
    "block_40": {
      "angle": 0,
      "id": "STONE_BLOCK_4X2",
      "x": 145.674,
      "y": -9.314
    },
    "block_41": {
      "angle": 90,
      "id": "STONE_BLOCK_4X2",
      "x": 142.658,
      "y": -10.382
    },
    "block_42": {
      "angle": 0,
      "id": "STONE_BLOCK_4X2",
      "x": 74.819,
      "y": -1.092
    },
    "block_43": {
      "angle": 0,
      "id": "STONE_BLOCK_4X2",
      "x": 104.947,
      "y": -1.162
    },
    "block_44": {
      "angle": 0,
      "id": "STONE_BLOCK_4X2",
      "x": 70.751,
      "y": -1.059
    },
    "block_45": {
      "angle": 0,
      "id": "STONE_BLOCK_8X1",
      "x": 94.466,
      "y": -19.107
    },
    "block_46": {
      "angle": 0.114,
      "id": "STONE_BLOCK_1X1",
      "x": 79.522,
      "y": -0.604
    },
    "block_47": {
      "angle": 359.879,
      "id": "STONE_BLOCK_1X1",
      "x": 82.749,
      "y": -0.605
    },
    "block_48": {
      "angle": 0.156,
      "id": "STONE_BLOCK_1X1",
      "x": 85.084,
      "y": -0.604
    },
    "block_49": {
      "angle": 359.844,
      "id": "STONE_BLOCK_1X1",
      "x": 88.321,
      "y": -0.603
    },
    "block_5": {
      "angle": 359.718,
      "id": "MISC_METAL_TIRE_2X2",
      "x": 149.682,
      "y": -6.159
    },
    "block_50": {
      "angle": 0.156,
      "id": "STONE_BLOCK_1X1",
      "x": 117.253,
      "y": -3.937
    },
    "block_51": {
      "angle": 359.844,
      "id": "STONE_BLOCK_1X1",
      "x": 120.491,
      "y": -3.936
    },
    "block_52": {
      "angle": 0.156,
      "id": "STONE_BLOCK_1X1",
      "x": 122.669,
      "y": -3.95
    },
    "block_53": {
      "angle": 359.844,
      "id": "STONE_BLOCK_1X1",
      "x": 125.907,
      "y": -3.95
    },
    "block_54": {
      "angle": 0.156,
      "id": "STONE_BLOCK_1X1",
      "x": 129.06,
      "y": -3.938
    },
    "block_55": {
      "angle": 359.844,
      "id": "STONE_BLOCK_1X1",
      "x": 132.297,
      "y": -3.937
    },
    "block_56": {
      "angle": 90,
      "id": "STONE_BLOCK_2X1",
      "x": 110.138,
      "y": -1.052
    },
    "block_57": {
      "angle": 90,
      "id": "STONE_BLOCK_2X1",
      "x": 113.805,
      "y": -1.056
    },
    "block_58": {
      "angle": 90,
      "id": "STONE_BLOCK_2X1",
      "x": 106.828,
      "y": -4.096
    },
    "block_59": {
      "angle": 0.071,
      "id": "STONE_BLOCK_2X2",
      "x": 91.127,
      "y": -1.088
    },
    "block_6": {
      "angle": 0.045,
      "id": "MISC_METAL_TIRE_2X2",
      "x": 143.187,
      "y": -6.252
    },
    "block_60": {
      "angle": 359.949,
      "id": "STONE_BLOCK_2X2",
      "x": 97.571,
      "y": -1.086
    },
    "block_61": {
      "angle": 90,
      "id": "STONE_BLOCK_2X2",
      "x": 83.271,
      "y": -20.561
    },
    "block_62": {
      "angle": 0,
      "id": "BLOCK_ROPE_THIN",
      "x": 108.467,
      "y": -37.614
    },
    "block_63": {
      "angle": 315,
      "id": "STONE_CIRCLE_2X2",
      "x": 101.756,
      "y": -1.125
    },
    "block_64": {
      "angle": 315,
      "id": "STONE_CIRCLE_2X2",
      "x": 102.566,
      "y": -2.846
    },
    "block_65": {
      "angle": 315,
      "id": "STONE_CIRCLE_2X2",
      "x": 104.287,
      "y": -3.066
    },
    "block_66": {
      "angle": 315,
      "id": "STONE_CIRCLE_2X2",
      "x": 103.272,
      "y": -4.522
    },
    "block_67": {
      "angle": 0.191,
      "id": "MISC_HAT_ELF_3X2",
      "x": 87.086,
      "y": -9.176
    },
    "block_68": {
      "angle": 180,
      "id": "ICE_BLOCK_10X1",
      "x": 89.312,
      "y": -20.108
    },
    "block_69": {
      "angle": 0,
      "id": "MISC_EXPLOSIVE_TNT",
      "x": 108.506,
      "y": -32.884
    },
    "block_7": {
      "angle": 90,
      "id": "SNOW_BLOCK_2X2",
      "x": 99.872,
      "y": -0.975
    },
    "block_70": {
      "angle": 90,
      "id": "WOOD_BLOCK_10X1",
      "x": 73.459,
      "y": -7.059
    },
    "block_71": {
      "angle": 90,
      "id": "WOOD_BLOCK_10X1",
      "x": 105.748,
      "y": -7.158
    },
    "block_72": {
      "angle": 135,
      "id": "WOOD_BLOCK_10X1",
      "x": 76.889,
      "y": -15.601
    },
    "block_73": {
      "angle": 90,
      "id": "WOOD_BLOCK_2X2",
      "x": 137.67,
      "y": -8.316
    },
    "block_74": {
      "angle": 180,
      "id": "WOOD_BLOCK_2X1",
      "x": 137.67,
      "y": -9.762
    },
    "block_75": {
      "angle": 90,
      "id": "WOOD_BLOCK_2X1",
      "x": 91.8,
      "y": -4.054
    },
    "block_76": {
      "angle": 90,
      "id": "WOOD_BLOCK_2X1",
      "x": 96.848,
      "y": -4.054
    },
    "block_77": {
      "angle": 90,
      "id": "TERRAIN_TEXTURED_HILLS_10X10",
      "x": 13.407,
      "y": 3.189
    },
    "block_78": {
      "angle": 90,
      "id": "TERRAIN_TEXTURED_HILLS_10X10",
      "x": 5.66,
      "y": 3.453
    },
    "block_79": {
      "angle": 90,
      "id": "TERRAIN_TEXTURED_HILLS_10X10",
      "x": 20.803,
      "y": 3.321
    },
    "block_8": {
      "angle": 0,
      "id": "MISC_BALLOON_BLUE",
      "x": 108.453,
      "y": -42.468
    },
    "block_80": {
      "angle": 0.037,
      "id": "WOOD_BLOCK_8X1",
      "x": 94.372,
      "y": -2.627
    },
    "block_81": {
      "angle": 90.044,
      "id": "WOOD_BLOCK_8X1",
      "x": 90.669,
      "y": -7.101
    },
    "block_82": {
      "angle": 90.259,
      "id": "WOOD_BLOCK_8X1",
      "x": 98.235,
      "y": -7.093
    },
    "block_83": {
      "angle": 28,
      "id": "TERRAIN_TEXTURED_HILLS_5X5",
      "x": 21.32,
      "y": -2.432
    },
    "block_84": {
      "angle": 45,
      "id": "TERRAIN_TEXTURED_HILLS_5X5",
      "x": 2.564,
      "y": 0.149
    },
    "block_85": {
      "angle": 50,
      "id": "TERRAIN_TEXTURED_HILLS_5X5",
      "x": 24.239,
      "y": -0.049
    },
    "block_86": {
      "angle": 90,
      "id": "TERRAIN_TEXTURED_HILLS_5X5",
      "x": 13.314,
      "y": -3.888
    },
    "block_87": {
      "angle": 32,
      "id": "TERRAIN_TEXTURED_HILLS_5X5",
      "x": 0,
      "y": 3.403
    },
    "block_88": {
      "angle": 81,
      "id": "TERRAIN_TEXTURED_HILLS_5X5",
      "x": 9.174,
      "y": -3.566
    },
    "block_89": {
      "angle": 7,
      "id": "TERRAIN_TEXTURED_HILLS_5X5",
      "x": 17.684,
      "y": -3.598
    },
    "block_9": {
      "angle": 0,
      "id": "STONE_TRIANGLE_4X4",
      "x": 149.694,
      "y": -10.241
    },
    "block_90": {
      "angle": 60,
      "id": "TERRAIN_TEXTURED_HILLS_5X5",
      "x": 5.72,
      "y": -2.321
    },
    "block_91": {
      "angle": 270,
      "id": "MISC_PIG_WEIGHT",
      "x": 86.825,
      "y": -7.597
    },
    "block_92": {
      "angle": 359.985,
      "id": "PIG_BASIC_BIG",
      "x": 81.171,
      "y": -9.484
    },
    "block_93": {
      "angle": 90,
      "id": "WOOD_BLOCK_4X2",
      "x": 74.957,
      "y": -4.155
    },
    "block_94": {
      "angle": 90,
      "id": "WOOD_BLOCK_4X2",
      "x": 137.67,
      "y": -5.424
    },
    "block_95": {
      "angle": 359.98,
      "id": "WOOD_BLOCK_4X1",
      "x": 81.102,
      "y": -1.662
    },
    "block_96": {
      "angle": 90.045,
      "id": "WOOD_BLOCK_4X1",
      "x": 79.551,
      "y": -4.171
    },
    "block_97": {
      "angle": 89.809,
      "id": "WOOD_BLOCK_4X1",
      "x": 82.853,
      "y": -4.176
    },
    "block_98": {
      "angle": 179.894,
      "id": "WOOD_BLOCK_4X1",
      "x": 81.202,
      "y": -6.689
    },
    "block_99": {
      "angle": 91.77,
      "id": "WOOD_BLOCK_4X1",
      "x": 88.462,
      "y": -4.154
    },
    "joint_1": {
      "collideConnected": false,
      "index1": 90,
      "index2": 15,
      "type": 2,
      "x1": 0,
      "x2": 0,
      "y1": 0,
      "y2": 0
    },
    "joint_10": {
      "collideConnected": false,
      "index1": 7,
      "index2": 61,
      "type": 1,
      "x1": -0.016875000670552254,
      "x2": -0.031101299449801445,
      "y1": 1.5499000549316406,
      "y2": -3.351799964904785
    },
    "joint_11": {
      "collideConnected": false,
      "index1": 10,
      "index2": 11,
      "type": 2,
      "x1": 0,
      "x2": 0,
      "y1": 0,
      "y2": 0
    },
    "joint_12": {
      "collideConnected": false,
      "index1": 1,
      "index2": 0,
      "type": 1,
      "x1": 0,
      "x2": 0,
      "y1": 0,
      "y2": 0
    },
    "joint_13": {
      "collideConnected": false,
      "index1": 70,
      "index2": 24,
      "type": 2,
      "x1": 0,
      "x2": 0,
      "y1": 0,
      "y2": 0
    },
    "joint_14": {
      "collideConnected": false,
      "index1": 5,
      "index2": 4,
      "type": 1,
      "x1": 0,
      "x2": 0,
      "y1": 0,
      "y2": 0
    },
    "joint_15": {
      "collideConnected": false,
      "index1": 10,
      "index2": 23,
      "type": 2,
      "x1": 0,
      "x2": 0,
      "y1": 0,
      "y2": 0
    },
    "joint_2": {
      "collideConnected": false,
      "index1": 61,
      "index2": 68,
      "type": 1,
      "x1": -0.015752799808979034,
      "x2": -0.05491039901971817,
      "y1": 2.9906599521636963,
      "y2": -1.620919942855835
    },
    "joint_3": {
      "collideConnected": false,
      "index1": 71,
      "index2": 69,
      "type": 2,
      "x1": 0,
      "x2": 0,
      "y1": 0,
      "y2": 0
    },
    "joint_4": {
      "collideConnected": false,
      "index1": 66,
      "index2": 15,
      "type": 2,
      "x1": 0,
      "x2": 0,
      "y1": 0,
      "y2": 0
    },
    "joint_5": {
      "collideConnected": false,
      "index1": 23,
      "index2": 44,
      "type": 2,
      "x1": 0,
      "x2": 0,
      "y1": 0,
      "y2": 0
    },
    "joint_6": {
      "collideConnected": false,
      "index1": 44,
      "index2": 24,
      "type": 2,
      "x1": 0,
      "x2": 0,
      "y1": 0,
      "y2": 0
    },
    "joint_7": {
      "collideConnected": false,
      "index1": 2,
      "index2": 3,
      "type": 1,
      "x1": 0,
      "x2": 0,
      "y1": 0,
      "y2": 0
    },
    "joint_8": {
      "collideConnected": false,
      "index1": 71,
      "index2": 23,
      "type": 2,
      "x1": 0,
      "x2": 0,
      "y1": 0,
      "y2": 0
    },
    "joint_9": {
      "collideConnected": false,
      "index1": 10,
      "index2": 9,
      "type": 2,
      "x1": 0,
      "x2": 0,
      "y1": 0,
      "y2": 0
    }
  }
}
