{
  "camera": [
    {
      "bottom": 14.016,
      "id": "Slingshot",
      "left": -80.556,
      "right": 30.915,
      "top": -69.587,
      "x": 41.498,
      "y": -27.786
    },
    {
      "bottom": 11.862,
      "id": "Castle",
      "left": -22.581,
      "right": 68.96,
      "top": -56.794,
      "x": 89.508,
      "y": -22.466
    }
  ],
  "counts": {
    "birds": 5,
    "blocks": 108,
    "joints": 1
  },
  "id": "packHalloween2011_3/LevelP5_382.lua",
  "scoreEagle": 79000,
  "scoreGold": 70000,
  "scoreSilver": 63000,
  "theme": "BACKGROUND_HALLOWEEN_2011",
  "world": {
    "bird_1": {
      "angle": 0,
      "id": "BIRD_YELLOW",
      "x": 11.402,
      "y": -10.266
    },
    "bird_2": {
      "angle": 0,
      "id": "BIRD_YELLOW",
      "x": 6.045,
      "y": -5.274
    },
    "bird_3": {
      "angle": 0,
      "id": "BIRD_YELLOW",
      "x": 4.268,
      "y": -5.318
    },
    "bird_4": {
      "angle": 0,
      "id": "BIRD_WHITE",
      "x": 2.391,
      "y": -6.172
    },
    "bird_5": {
      "angle": 0,
      "id": "BIRD_YELLOW",
      "x": 0.729,
      "y": -5.353
    },
    "block_1": {
      "angle": 0,
      "id": "TERRAIN_TEXTURED_HILLS_5X2",
      "x": 118.946,
      "y": -0.295
    },
    "block_10": {
      "angle": 194.693,
      "id": "WOOD_BLOCK_8X1",
      "x": 119.685,
      "y": -12.154
    },
    "block_100": {
      "angle": 0.997,
      "id": "TERRAIN_TEXTURED_HILLS_5X2",
      "x": 97.409,
      "y": -35.257
    },
    "block_101": {
      "angle": 237.998,
      "id": "TERRAIN_TEXTURED_HILLS_5X2",
      "x": 115.023,
      "y": -41.018
    },
    "block_102": {
      "angle": 224.998,
      "id": "TERRAIN_TEXTURED_HILLS_5X2",
      "x": 109.734,
      "y": -40.585
    },
    "block_103": {
      "angle": 198.998,
      "id": "TERRAIN_TEXTURED_HILLS_5X2",
      "x": 112.09,
      "y": -39.912
    },
    "block_104": {
      "angle": 218.999,
      "id": "TERRAIN_TEXTURED_HILLS_5X2",
      "x": 103.629,
      "y": -37.652
    },
    "block_105": {
      "angle": 60.006,
      "id": "TERRAIN_TEXTURED_HILLS_5X5",
      "x": 68.474,
      "y": -7.864
    },
    "block_106": {
      "angle": 45.006,
      "id": "TERRAIN_TEXTURED_HILLS_5X5",
      "x": 60.745,
      "y": -7.809
    },
    "block_107": {
      "angle": 45.006,
      "id": "TERRAIN_TEXTURED_HILLS_5X5",
      "x": 54.639,
      "y": -8.819
    },
    "block_108": {
      "angle": 340.006,
      "id": "TERRAIN_TEXTURED_HILLS_5X5",
      "x": 43.448,
      "y": -0.323
    },
    "block_11": {
      "angle": 89.982,
      "id": "WOOD_BLOCK_8X1",
      "x": 104.958,
      "y": -4.013
    },
    "block_12": {
      "angle": 180.027,
      "id": "WOOD_BLOCK_8X1",
      "x": 102.2,
      "y": -8.484
    },
    "block_13": {
      "angle": 266.181,
      "id": "WOOD_BLOCK_8X1",
      "x": 110.035,
      "y": -5.269
    },
    "block_14": {
      "angle": 358.219,
      "id": "WOOD_BLOCK_8X1",
      "x": 107.45,
      "y": -9.665
    },
    "block_15": {
      "angle": 0.007,
      "id": "BLOCK_PUMPKIN_1",
      "x": 77.45,
      "y": -9.076
    },
    "block_16": {
      "angle": 0.006,
      "id": "PIG_BASIC_SMALL",
      "x": 102.499,
      "y": -1.968
    },
    "block_17": {
      "angle": 50.15,
      "id": "WOOD_BLOCK_8X1",
      "x": 98.009,
      "y": -29.735
    },
    "block_18": {
      "angle": 79.877,
      "id": "WOOD_BLOCK_8X1",
      "x": 102.103,
      "y": -21.864
    },
    "block_19": {
      "angle": 304.191,
      "id": "WOOD_BLOCK_8X1",
      "x": 100.208,
      "y": -12.567
    },
    "block_2": {
      "angle": 278.569,
      "id": "WOOD_BLOCK_8X1",
      "x": 108.938,
      "y": -14.195
    },
    "block_20": {
      "angle": 259.923,
      "id": "WOOD_BLOCK_8X1",
      "x": 112.711,
      "y": -24.822
    },
    "block_21": {
      "angle": 90.049,
      "id": "WOOD_BLOCK_8X1",
      "x": 99.917,
      "y": -4.013
    },
    "block_22": {
      "angle": 322.545,
      "id": "WOOD_BLOCK_8X1",
      "x": 102.759,
      "y": -27.721
    },
    "block_23": {
      "angle": 259.561,
      "id": "WOOD_BLOCK_8X1",
      "x": 107.025,
      "y": -23.96
    },
    "block_24": {
      "angle": 351.367,
      "id": "WOOD_BLOCK_8X1",
      "x": 108.852,
      "y": -28.771
    },
    "block_25": {
      "angle": 181,
      "id": "ICE_BLOCK_8X1",
      "x": 94.562,
      "y": -11.644
    },
    "block_26": {
      "angle": 348.679,
      "id": "WOOD_BLOCK_8X1",
      "x": 105.34,
      "y": -17.944
    },
    "block_27": {
      "angle": 351.598,
      "id": "WOOD_BLOCK_8X1",
      "x": 111.552,
      "y": -20.117
    },
    "block_28": {
      "angle": 274.513,
      "id": "WOOD_BLOCK_8X1",
      "x": 103.174,
      "y": -12.976
    },
    "block_29": {
      "angle": 225.006,
      "id": "TERRAIN_TEXTURED_HILLS_10X10",
      "x": 0,
      "y": 2.7
    },
    "block_3": {
      "angle": 356.006,
      "id": "TERRAIN_TEXTURED_HILLS_5X2",
      "x": 34.41,
      "y": 0.253
    },
    "block_30": {
      "angle": 180.006,
      "id": "TERRAIN_TEXTURED_HILLS_10X10",
      "x": 4.769,
      "y": 0.516
    },
    "block_31": {
      "angle": 135.006,
      "id": "TERRAIN_TEXTURED_HILLS_10X10",
      "x": 17.347,
      "y": -2.23
    },
    "block_32": {
      "angle": 180.006,
      "id": "TERRAIN_TEXTURED_HILLS_10X10",
      "x": 12.54,
      "y": -4.346
    },
    "block_33": {
      "angle": 359.997,
      "id": "TERRAIN_TEXTURED_HILLS_10X10",
      "x": 55.996,
      "y": -4.122
    },
    "block_34": {
      "angle": 320.997,
      "id": "TERRAIN_TEXTURED_HILLS_10X10",
      "x": 50.612,
      "y": -2.15
    },
    "block_35": {
      "angle": 359.997,
      "id": "TERRAIN_TEXTURED_HILLS_10X10",
      "x": 65.419,
      "y": -4.073
    },
    "block_36": {
      "angle": 283,
      "id": "TERRAIN_TEXTURED_HILLS_10X10",
      "x": 128.401,
      "y": -8.62
    },
    "block_37": {
      "angle": 31.832,
      "id": "WOOD_BLOCK_8X1",
      "x": 97.978,
      "y": -17.353
    },
    "block_38": {
      "angle": 97.673,
      "id": "WOOD_BLOCK_8X1",
      "x": 110.238,
      "y": -15.41
    },
    "block_39": {
      "angle": 270.964,
      "id": "STONE_BLOCK_4X4_HOLLOW",
      "x": 94.647,
      "y": -15.154
    },
    "block_4": {
      "angle": 87.592,
      "id": "WOOD_BLOCK_8X1",
      "x": 115.03,
      "y": -16.082
    },
    "block_40": {
      "angle": 315.009,
      "id": "STONE_BLOCK_4X4_HOLLOW",
      "x": 96.663,
      "y": -3.652
    },
    "block_41": {
      "angle": 357.807,
      "id": "PIG_BASIC_MEDIUM",
      "x": 112.49,
      "y": -4.543
    },
    "block_42": {
      "angle": 0.01,
      "id": "BLOCK_LANTERN",
      "x": 91.944,
      "y": -30.675
    },
    "block_43": {
      "angle": 357.711,
      "id": "PIG_BASIC_MEDIUM",
      "x": 109.789,
      "y": -22.241
    },
    "block_44": {
      "angle": 45.005,
      "id": "TERRAIN_TEXTURED_HILLS_5X5",
      "x": 93.823,
      "y": -0.174
    },
    "block_45": {
      "angle": 45.005,
      "id": "TERRAIN_TEXTURED_HILLS_5X5",
      "x": 124.047,
      "y": -3.958
    },
    "block_46": {
      "angle": 4.843,
      "id": "PIG_MUSTACHE",
      "x": 119.035,
      "y": -15.126
    },
    "block_47": {
      "angle": 355.214,
      "id": "PIG_HELMET",
      "x": 105.57,
      "y": -12.066
    },
    "block_48": {
      "angle": 0.009,
      "id": "BLOCK_PUMPKIN_2",
      "x": 119.023,
      "y": -17.473
    },
    "block_49": {
      "angle": 180.009,
      "id": "BLOCK_PUMPKIN_2",
      "x": 102.394,
      "y": -0.619
    },
    "block_5": {
      "angle": 345.006,
      "id": "TERRAIN_TEXTURED_HILLS_5X2",
      "x": 38.737,
      "y": -0.468
    },
    "block_50": {
      "angle": 320.871,
      "id": "WOOD_BLOCK_10X1",
      "x": 83.838,
      "y": -9.767
    },
    "block_51": {
      "angle": 0.009,
      "id": "BLOCK_PUMPKIN_2",
      "x": 112.394,
      "y": -6.518
    },
    "block_52": {
      "angle": 31,
      "id": "ICE_BLOCK_4X2",
      "x": 98.986,
      "y": -18.587
    },
    "block_53": {
      "angle": 131.89,
      "id": "WOOD_BLOCK_10X1",
      "x": 94.694,
      "y": -5.698
    },
    "block_54": {
      "angle": 314.665,
      "id": "WOOD_BLOCK_10X1",
      "x": 119.903,
      "y": -7.007
    },
    "block_55": {
      "angle": 151.062,
      "id": "WOOD_BLOCK_10X1",
      "x": 118.494,
      "y": -23.866
    },
    "block_56": {
      "angle": 131.199,
      "id": "WOOD_BLOCK_10X1",
      "x": 91.668,
      "y": -16.985
    },
    "block_57": {
      "angle": 100.685,
      "id": "WOOD_BLOCK_10X1",
      "x": 96.532,
      "y": -24.361
    },
    "block_58": {
      "angle": 314.997,
      "id": "WOOD_BLOCK_10X1",
      "x": 87.315,
      "y": -6.318
    },
    "block_59": {
      "angle": 43.913,
      "id": "WOOD_BLOCK_10X1",
      "x": 91.304,
      "y": -9.927
    },
    "block_6": {
      "angle": 37.999,
      "id": "TERRAIN_TEXTURED_HILLS_5X2",
      "x": 109.44,
      "y": -35.924
    },
    "block_60": {
      "angle": 180.962,
      "id": "WOOD_BLOCK_10X1",
      "x": 94.462,
      "y": -12.661
    },
    "block_61": {
      "angle": 270.018,
      "id": "STONE_TRIANGLE_4X4",
      "x": 100.423,
      "y": -10.933
    },
    "block_62": {
      "angle": 258.693,
      "id": "STONE_TRIANGLE_4X4",
      "x": 105.177,
      "y": -20.409
    },
    "block_63": {
      "angle": 237.997,
      "id": "TERRAIN_TEXTURED_HILLS_5X5",
      "x": 118.964,
      "y": -30.632
    },
    "block_64": {
      "angle": 224.998,
      "id": "TERRAIN_TEXTURED_HILLS_5X5",
      "x": 112.041,
      "y": -33.42
    },
    "block_65": {
      "angle": 202.997,
      "id": "TERRAIN_TEXTURED_HILLS_5X5",
      "x": 125.695,
      "y": -25.872
    },
    "block_66": {
      "angle": 128.997,
      "id": "TERRAIN_TEXTURED_HILLS_5X5",
      "x": 108.152,
      "y": 0.568
    },
    "block_67": {
      "angle": 212.997,
      "id": "TERRAIN_TEXTURED_HILLS_5X5",
      "x": 109.108,
      "y": -33.132
    },
    "block_68": {
      "angle": 232.997,
      "id": "TERRAIN_TEXTURED_HILLS_5X5",
      "x": 105.358,
      "y": -33.516
    },
    "block_69": {
      "angle": 261.001,
      "id": "TERRAIN_TEXTURED_HILLS_10X10",
      "x": 125.147,
      "y": -33.244
    },
    "block_7": {
      "angle": 85.302,
      "id": "WOOD_BLOCK_8X1",
      "x": 115.397,
      "y": -7.065
    },
    "block_70": {
      "angle": 259,
      "id": "TERRAIN_TEXTURED_HILLS_10X10",
      "x": 117.551,
      "y": -34.734
    },
    "block_71": {
      "angle": 83.997,
      "id": "TERRAIN_TEXTURED_HILLS_5X5",
      "x": 115.892,
      "y": -0.633
    },
    "block_72": {
      "angle": 280,
      "id": "TERRAIN_TEXTURED_HILLS_10X10",
      "x": 131.061,
      "y": -17.474
    },
    "block_73": {
      "angle": 73.997,
      "id": "TERRAIN_TEXTURED_HILLS_5X5",
      "x": 120.555,
      "y": -1.547
    },
    "block_74": {
      "angle": 261.001,
      "id": "TERRAIN_TEXTURED_HILLS_10X10",
      "x": 129.666,
      "y": -26.032
    },
    "block_75": {
      "angle": 44.997,
      "id": "TERRAIN_TEXTURED_HILLS_10X10",
      "x": 79.71,
      "y": -0.055
    },
    "block_76": {
      "angle": 359.997,
      "id": "TERRAIN_TEXTURED_HILLS_10X10",
      "x": 74.967,
      "y": -2.183
    },
    "block_77": {
      "angle": 251,
      "id": "TERRAIN_TEXTURED_HILLS_10X10",
      "x": 136.304,
      "y": -3.445
    },
    "block_78": {
      "angle": 134.997,
      "id": "TERRAIN_TEXTURED_HILLS_10X10",
      "x": 87.595,
      "y": 1.195
    },
    "block_79": {
      "angle": 175.997,
      "id": "TERRAIN_TEXTURED_HILLS_5X2",
      "x": 112.046,
      "y": -0.585
    },
    "block_8": {
      "angle": 172.496,
      "id": "WOOD_BLOCK_8X1",
      "x": 113.129,
      "y": -11.294
    },
    "block_80": {
      "angle": 309.997,
      "id": "TERRAIN_TEXTURED_HILLS_5X2",
      "x": 95.023,
      "y": -33.71
    },
    "block_81": {
      "angle": 0.997,
      "id": "TERRAIN_TEXTURED_HILLS_5X2",
      "x": 93.773,
      "y": -35.585
    },
    "block_82": {
      "angle": 315,
      "id": "ICE_TRIANGLE_4X4",
      "x": 95.097,
      "y": -9.863
    },
    "block_83": {
      "angle": 202.998,
      "id": "TERRAIN_TEXTURED_HILLS_5X2",
      "x": 89.927,
      "y": -36.451
    },
    "block_84": {
      "angle": 255.997,
      "id": "TERRAIN_TEXTURED_HILLS_5X2",
      "x": 87.667,
      "y": -39.239
    },
    "block_85": {
      "angle": 308.997,
      "id": "TERRAIN_TEXTURED_HILLS_5X2",
      "x": 88.581,
      "y": -42.7
    },
    "block_86": {
      "angle": 1.997,
      "id": "TERRAIN_TEXTURED_HILLS_5X2",
      "x": 91.898,
      "y": -44.143
    },
    "block_87": {
      "angle": 71.997,
      "id": "TERRAIN_TEXTURED_HILLS_5X2",
      "x": 94.35,
      "y": -42.268
    },
    "block_88": {
      "angle": 346.997,
      "id": "TERRAIN_TEXTURED_HILLS_5X2",
      "x": 93.292,
      "y": -40.152
    },
    "block_89": {
      "angle": 270.001,
      "id": "TERRAIN_TEXTURED_HILLS_5X5",
      "x": 129.886,
      "y": -1.678
    },
    "block_9": {
      "angle": 131.866,
      "id": "WOOD_BLOCK_8X1",
      "x": 123.143,
      "y": -15.649
    },
    "block_90": {
      "angle": 134.995,
      "id": "WOOD_BLOCK_4X4_HOLLOW",
      "x": 83.521,
      "y": -6.054
    },
    "block_91": {
      "angle": 270.001,
      "id": "TERRAIN_TEXTURED_HILLS_5X5",
      "x": 125.22,
      "y": -1.67
    },
    "block_92": {
      "angle": 163.997,
      "id": "TERRAIN_TEXTURED_HILLS_5X5",
      "x": 113.629,
      "y": -37.412
    },
    "block_93": {
      "angle": 166.998,
      "id": "TERRAIN_TEXTURED_HILLS_5X5",
      "x": 136.64,
      "y": -10.849
    },
    "block_94": {
      "angle": 148.998,
      "id": "TERRAIN_TEXTURED_HILLS_5X5",
      "x": 135.63,
      "y": -14.551
    },
    "block_95": {
      "angle": 278.998,
      "id": "TERRAIN_TEXTURED_HILLS_5X2",
      "x": 134.284,
      "y": -9.647
    },
    "block_96": {
      "angle": 3.997,
      "id": "TERRAIN_TEXTURED_HILLS_5X2",
      "x": 102.505,
      "y": -36.507
    },
    "block_97": {
      "angle": 345.998,
      "id": "TERRAIN_TEXTURED_HILLS_5X2",
      "x": 98.082,
      "y": -36.17
    },
    "block_98": {
      "angle": 3.997,
      "id": "TERRAIN_TEXTURED_HILLS_5X2",
      "x": 102.505,
      "y": -35.401
    },
    "block_99": {
      "angle": 24.997,
      "id": "TERRAIN_TEXTURED_HILLS_5X2",
      "x": 101.543,
      "y": -34.344
    },
    "joint_1": {
      "collideConnected": false,
      "index1": 41,
      "index2": 82,
      "type": 1,
      "x1": 0,
      "x2": 0,
      "y1": 0,
      "y2": 0
    }
  }
}
