{
  "camera": [
    {
      "bottom": 17.761,
      "id": "Slingshot",
      "left": -18.401,
      "right": 110.583,
      "top": -78.978,
      "x": 59.321,
      "y": -30.609
    },
    {
      "bottom": 18.415,
      "id": "Castle",
      "left": 127.555,
      "right": 256.54,
      "top": -78.323,
      "x": 205.278,
      "y": -29.954
    }
  ],
  "counts": {
    "birds": 5,
    "blocks": 112,
    "joints": 6
  },
  "id": "packMoonFestival2/LevelMCExtra_369.lua",
  "theme": "BACKGROUND_MOONFESTIVAL",
  "world": {
    "bird_1": {
      "angle": 0,
      "id": "BIRD_YELLOW",
      "x": 21.037,
      "y": -10.363
    },
    "bird_2": {
      "angle": 0,
      "id": "BIRD_YELLOW",
      "x": 16.266,
      "y": -10.276
    },
    "bird_3": {
      "angle": 0,
      "id": "BIRD_YELLOW",
      "x": 14.526,
      "y": -10.226
    },
    "bird_4": {
      "angle": 0,
      "id": "BIRD_YELLOW",
      "x": 11.341,
      "y": -8.463
    },
    "bird_5": {
      "angle": 0,
      "id": "BIRD_YELLOW",
      "x": 9.601,
      "y": -8.413
    },
    "block_1": {
      "angle": 0.002,
      "id": "B_CHINESE_GRASS",
      "x": 198.681,
      "y": -18.341
    },
    "block_10": {
      "angle": 270.002,
      "id": "WOOD_BLOCK_8X1",
      "x": 215.42,
      "y": -13.097
    },
    "block_100": {
      "angle": 270.002,
      "id": "WOOD_BLOCK_4X4_HOLLOW",
      "x": 214.879,
      "y": -20.032
    },
    "block_101": {
      "angle": 270.002,
      "id": "WOOD_BLOCK_4X4_HOLLOW",
      "x": 250.469,
      "y": -11.08
    },
    "block_102": {
      "angle": 67.499,
      "id": "TERRAIN_TEXTURED_HILLS_10X10",
      "x": 137.36,
      "y": -0.562
    },
    "block_103": {
      "angle": 89.999,
      "id": "TERRAIN_TEXTURED_HILLS_10X10",
      "x": 107.592,
      "y": -13.291
    },
    "block_104": {
      "angle": 22.499,
      "id": "TERRAIN_TEXTURED_HILLS_10X10",
      "x": 130.496,
      "y": -12.003
    },
    "block_105": {
      "angle": 67.499,
      "id": "TERRAIN_TEXTURED_HILLS_10X10",
      "x": 134.096,
      "y": -8.395
    },
    "block_106": {
      "angle": 89.999,
      "id": "TERRAIN_TEXTURED_HILLS_10X10",
      "x": 117.123,
      "y": -0.04
    },
    "block_107": {
      "angle": 89.999,
      "id": "TERRAIN_TEXTURED_HILLS_10X10",
      "x": 107.592,
      "y": -3.891
    },
    "block_108": {
      "angle": 89.999,
      "id": "TERRAIN_TEXTURED_HILLS_10X10",
      "x": 117.123,
      "y": -9.44
    },
    "block_109": {
      "angle": 22.499,
      "id": "TERRAIN_TEXTURED_HILLS_10X10",
      "x": 113.657,
      "y": -18.958
    },
    "block_11": {
      "angle": 270.002,
      "id": "WOOD_BLOCK_8X1",
      "x": 221.3,
      "y": -13.097
    },
    "block_110": {
      "angle": 22.499,
      "id": "TERRAIN_TEXTURED_HILLS_10X10",
      "x": 122.208,
      "y": -15.461
    },
    "block_111": {
      "angle": 0.002,
      "id": "B_CHINESE_HAT_2",
      "x": 209.506,
      "y": -31.533
    },
    "block_112": {
      "angle": 22.499,
      "id": "TERRAIN_TEXTURED_HILLS_10X10",
      "x": 105.37,
      "y": -22.416
    },
    "block_12": {
      "angle": 180.002,
      "id": "WOOD_BLOCK_8X1",
      "x": 209.303,
      "y": -27.507
    },
    "block_13": {
      "angle": 180.002,
      "id": "WOOD_BLOCK_8X1",
      "x": 232.343,
      "y": -17.613
    },
    "block_14": {
      "angle": 270.002,
      "id": "WOOD_BLOCK_4X1",
      "x": 211.637,
      "y": -20.023
    },
    "block_15": {
      "angle": 270.002,
      "id": "WOOD_BLOCK_4X1",
      "x": 207.561,
      "y": -20.061
    },
    "block_16": {
      "angle": 270.002,
      "id": "WOOD_BLOCK_4X1",
      "x": 211.997,
      "y": -24.951
    },
    "block_17": {
      "angle": 270.002,
      "id": "WOOD_BLOCK_4X1",
      "x": 217.44,
      "y": -20.023
    },
    "block_18": {
      "angle": 270.002,
      "id": "WOOD_BLOCK_4X1",
      "x": 234.632,
      "y": -20.076
    },
    "block_19": {
      "angle": 270.002,
      "id": "WOOD_BLOCK_4X1",
      "x": 206.885,
      "y": -25.02
    },
    "block_2": {
      "angle": 0.002,
      "id": "B_CHINESE_GRASS",
      "x": 252.377,
      "y": -18.341
    },
    "block_20": {
      "angle": 270.002,
      "id": "WOOD_BLOCK_4X1",
      "x": 239.068,
      "y": -24.966
    },
    "block_21": {
      "angle": 180.002,
      "id": "WOOD_BLOCK_8X1",
      "x": 200.16,
      "y": -17.667
    },
    "block_22": {
      "angle": 180.002,
      "id": "WOOD_BLOCK_8X1",
      "x": 204.867,
      "y": -22.617
    },
    "block_23": {
      "angle": 90.001,
      "id": "WOOD_BLOCK_8X1",
      "x": 197.675,
      "y": -13.318
    },
    "block_24": {
      "angle": 90.001,
      "id": "WOOD_BLOCK_8X1",
      "x": 202.343,
      "y": -13.341
    },
    "block_25": {
      "angle": 270.002,
      "id": "WOOD_BLOCK_8X1",
      "x": 211.568,
      "y": -13.084
    },
    "block_26": {
      "angle": 337.502,
      "id": "MISC_EXPLOSIVE_TNT",
      "x": 150.559,
      "y": -4.845
    },
    "block_27": {
      "angle": 180.002,
      "id": "WOOD_BLOCK_8X1",
      "x": 214.608,
      "y": -22.51
    },
    "block_28": {
      "angle": 336.895,
      "id": "MISC_EXPLOSIVE_TNT",
      "x": 146.093,
      "y": -6.609
    },
    "block_29": {
      "angle": 180.002,
      "id": "WOOD_BLOCK_8X1",
      "x": 208.528,
      "y": -17.574
    },
    "block_3": {
      "angle": 270.002,
      "id": "WOOD_BLOCK_8X1",
      "x": 253.483,
      "y": -13.043
    },
    "block_30": {
      "angle": 337.507,
      "id": "MISC_EXPLOSIVE_TNT",
      "x": 149.304,
      "y": -7.916
    },
    "block_31": {
      "angle": 270.002,
      "id": "WOOD_BLOCK_4X1",
      "x": 202.449,
      "y": -20.13
    },
    "block_32": {
      "angle": 270.002,
      "id": "WOOD_BLOCK_8X1",
      "x": 207.63,
      "y": -13.153
    },
    "block_33": {
      "angle": 336.975,
      "id": "MISC_EXPLOSIVE_TNT",
      "x": 147.377,
      "y": -3.547
    },
    "block_34": {
      "angle": 180.002,
      "id": "WOOD_BLOCK_8X1",
      "x": 218.22,
      "y": -17.577
    },
    "block_35": {
      "angle": 180.002,
      "id": "WOOD_BLOCK_8X1",
      "x": 237.05,
      "y": -22.563
    },
    "block_36": {
      "angle": 270.002,
      "id": "WOOD_BLOCK_8X1",
      "x": 239.813,
      "y": -13.099
    },
    "block_37": {
      "angle": 90.001,
      "id": "WOOD_BLOCK_8X1",
      "x": 229.858,
      "y": -13.264
    },
    "block_38": {
      "angle": 180.002,
      "id": "WOOD_BLOCK_8X1",
      "x": 246.791,
      "y": -22.456
    },
    "block_39": {
      "angle": 180.002,
      "id": "WOOD_BLOCK_8X1",
      "x": 241.486,
      "y": -27.453
    },
    "block_4": {
      "angle": 0.002,
      "id": "MISC_BALLOON_BLUE",
      "x": 224.599,
      "y": -37.938
    },
    "block_40": {
      "angle": 45,
      "id": "TERRAIN_TEXTURED_HILLS_5X5",
      "x": 144.914,
      "y": 0.356
    },
    "block_41": {
      "angle": 0.002,
      "id": "TERRAIN_TEXTURED_HILLS_5X5",
      "x": 10.015,
      "y": -5.137
    },
    "block_42": {
      "angle": 0.002,
      "id": "BLOCK_ROPE_THIN",
      "x": 225.767,
      "y": -31.153
    },
    "block_43": {
      "angle": 44.998,
      "id": "TERRAIN_TEXTURED_HILLS_10X10",
      "x": 13.585,
      "y": -1.852
    },
    "block_44": {
      "angle": 67.498,
      "id": "TERRAIN_TEXTURED_HILLS_10X10",
      "x": 7.555,
      "y": 1.081
    },
    "block_45": {
      "angle": 22.498,
      "id": "TERRAIN_TEXTURED_HILLS_10X10",
      "x": 25.354,
      "y": -0.226
    },
    "block_46": {
      "angle": 0.002,
      "id": "B_CHINESE_HAT_3",
      "x": 237.232,
      "y": -12.271
    },
    "block_47": {
      "angle": 0.002,
      "id": "B_CHINESE_HAT_3",
      "x": 218.262,
      "y": -12.198
    },
    "block_48": {
      "angle": 44.998,
      "id": "TERRAIN_TEXTURED_HILLS_10X10",
      "x": 31.602,
      "y": 3.915
    },
    "block_49": {
      "angle": 359.999,
      "id": "TERRAIN_TEXTURED_HILLS_10X10",
      "x": 18.307,
      "y": -4.613
    },
    "block_5": {
      "angle": 180.002,
      "id": "WOOD_BLOCK_8X1",
      "x": 250.403,
      "y": -17.523
    },
    "block_50": {
      "angle": 359.999,
      "id": "TERRAIN_TEXTURED_HILLS_10X10",
      "x": 98.154,
      "y": -23.854
    },
    "block_51": {
      "angle": 0.002,
      "id": "WOOD_BLOCK_2X1",
      "x": 206.538,
      "y": -28.42
    },
    "block_52": {
      "angle": 359.999,
      "id": "TERRAIN_TEXTURED_HILLS_10X10",
      "x": 98.147,
      "y": -14.382
    },
    "block_53": {
      "angle": 0.002,
      "id": "WOOD_BLOCK_2X1",
      "x": 212.228,
      "y": -28.314
    },
    "block_54": {
      "angle": 359.999,
      "id": "TERRAIN_TEXTURED_HILLS_10X10",
      "x": 98.103,
      "y": -4.783
    },
    "block_55": {
      "angle": 0.002,
      "id": "WOOD_BLOCK_2X1",
      "x": 244.259,
      "y": -28.286
    },
    "block_56": {
      "angle": 73.999,
      "id": "TERRAIN_TEXTURED_HILLS_10X10",
      "x": 0,
      "y": 3.624
    },
    "block_57": {
      "angle": 0.002,
      "id": "WOOD_BLOCK_2X1",
      "x": 238.569,
      "y": -28.392
    },
    "block_58": {
      "angle": 0.002,
      "id": "B_CHINESE_HAT_1",
      "x": 225.752,
      "y": -26.963
    },
    "block_59": {
      "angle": 0.002,
      "id": "PIG_BASIC_MEDIUM",
      "x": 204.954,
      "y": -14.75
    },
    "block_6": {
      "angle": 270.002,
      "id": "WOOD_BLOCK_8X1",
      "x": 247.603,
      "y": -13.043
    },
    "block_60": {
      "angle": 0.002,
      "id": "PIG_BASIC_MEDIUM",
      "x": 218.474,
      "y": -10.896
    },
    "block_61": {
      "angle": 0.002,
      "id": "PIG_BASIC_MEDIUM",
      "x": 250.653,
      "y": -14.934
    },
    "block_62": {
      "angle": 0.002,
      "id": "PIG_BASIC_MEDIUM",
      "x": 237.255,
      "y": -10.713
    },
    "block_63": {
      "angle": 0.002,
      "id": "PIG_BASIC_MEDIUM",
      "x": 225.825,
      "y": -25.212
    },
    "block_64": {
      "angle": 112.5,
      "id": "TERRAIN_TEXTURED_HILLS_5X2",
      "x": 102.213,
      "y": -26.425
    },
    "block_65": {
      "angle": 0.002,
      "id": "B_BUNNY_STATUE",
      "x": 232.241,
      "y": -10.913
    },
    "block_66": {
      "angle": 0.002,
      "id": "PIG_MUSTACHE",
      "x": 241.476,
      "y": -30.005
    },
    "block_67": {
      "angle": 0.002,
      "id": "PIG_MUSTACHE",
      "x": 209.445,
      "y": -30.033
    },
    "block_68": {
      "angle": 270.002,
      "id": "WOOD_BLOCK_4X1",
      "x": 239.744,
      "y": -20.007
    },
    "block_69": {
      "angle": 270.002,
      "id": "WOOD_BLOCK_4X1",
      "x": 249.623,
      "y": -19.969
    },
    "block_7": {
      "angle": 270.002,
      "id": "WOOD_BLOCK_8X1",
      "x": 243.751,
      "y": -13.03
    },
    "block_70": {
      "angle": 5.003,
      "id": "STONE_CIRCLE_4X4",
      "x": 101.803,
      "y": -30.716
    },
    "block_71": {
      "angle": 270.002,
      "id": "WOOD_BLOCK_4X1",
      "x": 244.18,
      "y": -24.897
    },
    "block_72": {
      "angle": 270.002,
      "id": "WOOD_BLOCK_4X1",
      "x": 243.82,
      "y": -19.969
    },
    "block_73": {
      "angle": 65.304,
      "id": "STONE_CIRCLE_4X4",
      "x": 100.259,
      "y": -33.847
    },
    "block_74": {
      "angle": 137.535,
      "id": "STONE_CIRCLE_4X4",
      "x": 98.207,
      "y": -31.035
    },
    "block_75": {
      "angle": 0.002,
      "id": "B_CHINESE_LANTERN_1",
      "x": 225.614,
      "y": -2.035
    },
    "block_76": {
      "angle": 0.002,
      "id": "B_CHINESE_LANTERN_1",
      "x": 199.755,
      "y": -10.824
    },
    "block_77": {
      "angle": 89.999,
      "id": "TERRAIN_TEXTURED_HILLS_10X10",
      "x": 241.541,
      "y": -4.266
    },
    "block_78": {
      "angle": 89.999,
      "id": "TERRAIN_TEXTURED_HILLS_10X10",
      "x": 250.973,
      "y": -4.295
    },
    "block_79": {
      "angle": 89.999,
      "id": "TERRAIN_TEXTURED_HILLS_10X10",
      "x": 232.429,
      "y": -4.266
    },
    "block_8": {
      "angle": 180.002,
      "id": "WOOD_BLOCK_8X1",
      "x": 240.711,
      "y": -17.52
    },
    "block_80": {
      "angle": 0.002,
      "id": "MISC_BALLOON_RED",
      "x": 226.934,
      "y": -37.918
    },
    "block_81": {
      "angle": 0.002,
      "id": "MISC_BALLOON_YELLOW",
      "x": 225.694,
      "y": -36.021
    },
    "block_82": {
      "angle": 72.999,
      "id": "TERRAIN_TEXTURED_HILLS_10X10",
      "x": 98.444,
      "y": -16.928
    },
    "block_83": {
      "angle": 67.499,
      "id": "TERRAIN_TEXTURED_HILLS_10X10",
      "x": 150.156,
      "y": 2.444
    },
    "block_84": {
      "angle": 67.499,
      "id": "TERRAIN_TEXTURED_HILLS_10X10",
      "x": 153.557,
      "y": 1.084
    },
    "block_85": {
      "angle": 89.999,
      "id": "TERRAIN_TEXTURED_HILLS_10X10",
      "x": 200.246,
      "y": -4.32
    },
    "block_86": {
      "angle": 89.999,
      "id": "TERRAIN_TEXTURED_HILLS_10X10",
      "x": 209.358,
      "y": -4.32
    },
    "block_87": {
      "angle": 89.999,
      "id": "TERRAIN_TEXTURED_HILLS_10X10",
      "x": 218.79,
      "y": -4.349
    },
    "block_88": {
      "angle": 0.002,
      "id": "B_BRIDGE",
      "x": 185.123,
      "y": -2.381
    },
    "block_89": {
      "angle": 0.002,
      "id": "B_BRIDGE",
      "x": 266.22,
      "y": -2.496
    },
    "block_9": {
      "angle": 90.001,
      "id": "WOOD_BLOCK_8X1",
      "x": 234.526,
      "y": -13.287
    },
    "block_90": {
      "angle": 89.999,
      "id": "TERRAIN_TEXTURED_HILLS_10X10",
      "x": 126.393,
      "y": -6.502
    },
    "block_91": {
      "angle": 89.999,
      "id": "TERRAIN_TEXTURED_HILLS_10X10",
      "x": 126.393,
      "y": 2.898
    },
    "block_92": {
      "angle": 89.999,
      "id": "TERRAIN_TEXTURED_HILLS_10X10",
      "x": 131.876,
      "y": -1.149
    },
    "block_93": {
      "angle": 5.499,
      "id": "TERRAIN_TEXTURED_HILLS_10X10",
      "x": 97.712,
      "y": -24.354
    },
    "block_94": {
      "angle": 337.5,
      "id": "STONE_CIRCLE_2X2",
      "x": 155.008,
      "y": -5.718
    },
    "block_95": {
      "angle": 337.5,
      "id": "STONE_CIRCLE_2X2",
      "x": 153.347,
      "y": -5.012
    },
    "block_96": {
      "angle": 337.5,
      "id": "STONE_CIRCLE_2X2",
      "x": 152.754,
      "y": -6.551
    },
    "block_97": {
      "angle": 337.5,
      "id": "STONE_CIRCLE_2X2",
      "x": 152.138,
      "y": -8.116
    },
    "block_98": {
      "angle": 270.002,
      "id": "WOOD_BLOCK_4X4_HOLLOW",
      "x": 237.269,
      "y": -19.971
    },
    "block_99": {
      "angle": 270.002,
      "id": "WOOD_BLOCK_4X4_HOLLOW",
      "x": 204.954,
      "y": -11.08
    },
    "joint_1": {
      "collideConnected": false,
      "index1": 46,
      "index2": 59,
      "type": 2,
      "x1": 0,
      "x2": 0,
      "y1": 0,
      "y2": 0
    },
    "joint_2": {
      "backAndForth": false,
      "collideConnected": false,
      "index1": 57,
      "index2": 41,
      "limit": false,
      "lowerLimit": 0,
      "maxTorque": 10000,
      "motor": false,
      "motorSpeed": 0,
      "type": 3,
      "upperLimit": 3.141590118408203,
      "x1": -0.028391199186444283,
      "x2": 0.1008009985089302,
      "y1": -0.9967749714851379,
      "y2": 3.04872989654541
    },
    "joint_3": {
      "backAndForth": false,
      "collideConnected": false,
      "index1": 80,
      "index2": 41,
      "limit": false,
      "lowerLimit": 0,
      "maxTorque": 10000,
      "motor": false,
      "motorSpeed": 0,
      "type": 3,
      "upperLimit": 3.141590118408203,
      "x1": 0.09798409789800644,
      "x2": 0.05502000078558922,
      "y1": 1.6877800226211548,
      "y2": -3.089319944381714
    },
    "joint_4": {
      "collideConnected": false,
      "index1": 57,
      "index2": 62,
      "type": 2,
      "x1": 0.04371200129389763,
      "x2": 0,
      "y1": 1.0194400548934937,
      "y2": 0
    },
    "joint_5": {
      "collideConnected": false,
      "index1": 45,
      "index2": 61,
      "type": 2,
      "x1": 0,
      "x2": 0,
      "y1": 0,
      "y2": 0
    },
    "joint_6": {
      "collideConnected": false,
      "index1": 66,
      "index2": 110,
      "type": 2,
      "x1": 0,
      "x2": 0,
      "y1": 0,
      "y2": 0
    }
  }
}
