{"camera":[{"id":"Slingshot","x":62.075,"y":-25.022,"left":10.562691176470594,"right":113.58730882352941,"bottom":13.555500000000002,"top":-63.5995},{"id":"Castle","x":78.228,"y":-22.68,"left":31.418597058823536,"right":125.03740294117645,"bottom":12.375499999999995,"top":-57.735499999999995}],"counts":{"birds":4,"blocks":93,"joints":15},"id":"easter-13","theme":"BACKGROUND_EASTER","world":{"bird_1":{"id":"BIRD_WHITE","x":28.697,"y":-10.284,"angle":0},"bird_2":{"id":"BIRD_RED","x":24.11,"y":-9.336,"angle":0},"bird_3":{"id":"BIRD_YELLOW","x":21.749,"y":-9.635,"angle":0},"bird_4":{"id":"BIRD_YELLOW","x":19.247,"y":-9.611,"angle":0},"block_1":{"id":"STONE_BLOCK_4X1","x":102.439,"y":-16.636,"angle":90.00099999999998},"block_2":{"id":"TERRAIN_TEXTURED_HILLS_32X2","x":14.267,"y":-8.023,"angle":0.0009999999999763531},"block_3":{"id":"WOOD_CIRCLE_4X4","x":76.531,"y":-20.674,"angle":0.0009999999999763531},"block_4":{"id":"WOOD_CIRCLE_4X4","x":55.956,"y":-1.903,"angle":0.0009999999999763531},"block_5":{"id":"WOOD_CIRCLE_4X4","x":108.987,"y":-30.481,"angle":0.0009999999999763531},"block_6":{"id":"WOOD_BLOCK_2X2","x":74.483,"y":-16.806,"angle":90},"block_7":{"id":"WOOD_BLOCK_2X2","x":70.667,"y":-18.853,"angle":90},"block_8":{"id":"WOOD_BLOCK_2X2","x":111.088,"y":-17.53,"angle":269.999},"block_9":{"id":"WOOD_BLOCK_2X2","x":106.842,"y":-17.684,"angle":269.999},"block_10":{"id":"WOOD_BLOCK_2X2","x":84.82617170768826,"y":-13.971586112058446,"angle":270},"block_11":{"id":"WOOD_BLOCK_8X1","x":76.591,"y":-18.21,"angle":180},"block_12":{"id":"WOOD_BLOCK_8X1","x":69.084,"y":-7.36,"angle":180},"block_13":{"id":"WOOD_BLOCK_8X1","x":75.576,"y":-5.226,"angle":180},"block_14":{"id":"WOOD_BLOCK_8X1","x":68.286,"y":-11.279,"angle":180.42800000000003},"block_15":{"id":"TERRAIN_TEXTURED_HILLS_10X10","x":26.52,"y":-2.81,"angle":0.0009999999999763531},"block_16":{"id":"TERRAIN_TEXTURED_HILLS_10X10","x":101.933,"y":1.24,"angle":359.999},"block_17":{"id":"TERRAIN_TEXTURED_HILLS_10X10","x":106.759,"y":1.24,"angle":359.999},"block_18":{"id":"WOOD_TRIANGLE_4X4","x":103.729,"y":-21.531,"angle":269.999},"block_19":{"id":"WOOD_BLOCK_4X2","x":68.996,"y":-20.859,"angle":360},"block_20":{"id":"WOOD_BLOCK_8X1","x":88.149,"y":-8.441,"angle":360},"block_21":{"id":"WOOD_BLOCK_8X1","x":102.828,"y":-7.726,"angle":270},"block_22":{"id":"WOOD_BLOCK_8X1","x":111.011,"y":-7.649,"angle":270},"block_23":{"id":"WOOD_BLOCK_8X1","x":106.17,"y":-23.565,"angle":269.999},"block_24":{"id":"WOOD_BLOCK_1X1","x":88.75681593840216,"y":-23.83710369397224,"angle":90.00099999999998},"block_25":{"id":"WOOD_BLOCK_8X1","x":111.524,"y":-23.654,"angle":89.99900000000002},"block_26":{"id":"WOOD_BLOCK_1X1","x":77.547,"y":-6.314,"angle":90.00099999999998},"block_27":{"id":"WOOD_BLOCK_8X1","x":108.87,"y":-28.02,"angle":179.999},"block_28":{"id":"WOOD_BLOCK_1X1","x":74.248,"y":-6.294,"angle":90.00099999999998},"block_29":{"id":"WOOD_BLOCK_8X1","x":89.72181593840216,"y":-22.56410369397224,"angle":269.999},"block_30":{"id":"WOOD_BLOCK_1X1","x":67.282,"y":-8.396,"angle":90.00099999999998},"block_31":{"id":"WOOD_BLOCK_2X1","x":78.946,"y":-19.195,"angle":180},"block_32":{"id":"WOOD_BLOCK_1X1","x":70.58,"y":-8.417,"angle":90.00099999999998},"block_33":{"id":"WOOD_BLOCK_8X1","x":84.953,"y":-3.866,"angle":270},"block_34":{"id":"WOOD_BLOCK_2X1","x":74.188,"y":-19.265,"angle":180},"block_35":{"id":"WOOD_BLOCK_8X1","x":91.74124182112247,"y":-3.991,"angle":270},"block_36":{"id":"WOOD_BLOCK_4X2","x":90.279,"y":-9.876,"angle":180},"block_37":{"id":"TERRAIN_TEXTURED_HILLS_10X10","x":8.726,"y":-2.598,"angle":0.0009999999999763531},"block_38":{"id":"WOOD_BLOCK_8X1","x":76.582,"y":-11.191,"angle":180.42800000000003},"block_39":{"id":"TERRAIN_TEXTURED_HILLS_10X10","x":17.794,"y":-2.669,"angle":0.0009999999999763531},"block_40":{"id":"TERRAIN_TEXTURED_HILLS_10X10","x":0,"y":-2.456,"angle":0.0009999999999763531},"block_41":{"id":"WOOD_BLOCK_4X2","x":74.433,"y":-13.796,"angle":90},"block_42":{"id":"WOOD_BLOCK_8X1","x":108.926,"y":-23.635,"angle":224.999},"block_43":{"id":"WOOD_BLOCK_4X2","x":78.649,"y":-15.602,"angle":90},"block_44":{"id":"WOOD_BLOCK_8X1","x":88.09780227491297,"y":-16.171280223169965,"angle":360},"block_45":{"id":"WOOD_BLOCK_4X2","x":84.85,"y":-10.905,"angle":270},"block_46":{"id":"WOOD_BLOCK_8X1","x":87.71581593840216,"y":-26.995103693972236,"angle":359.999},"block_47":{"id":"ICE_BLOCK_4X2","x":77.472,"y":-12.659,"angle":360},"block_48":{"id":"ICE_BLOCK_4X2","x":68.015,"y":-17.909,"angle":90},"block_49":{"id":"ICE_BLOCK_4X2","x":88.18599999850989,"y":-17.548999995529652,"angle":180},"block_50":{"id":"WOOD_BLOCK_10X1","x":85.44181593840216,"y":-21.495103693972236,"angle":269.999},"block_51":{"id":"WOOD_BLOCK_10X1","x":106.919,"y":-12.126,"angle":180.007},"block_52":{"id":"WOOD_BLOCK_10X1","x":106.983,"y":-19.061,"angle":180.007},"block_53":{"id":"WOOD_BLOCK_10X1","x":65.646,"y":-4.933,"angle":90.096},"block_54":{"id":"WOOD_BLOCK_4X2","x":70.304,"y":-12.776,"angle":360},"block_55":{"id":"WOOD_BLOCK_4X1","x":70.667,"y":-15.846,"angle":90},"block_56":{"id":"WOOD_BLOCK_4X2","x":103.884,"y":-13.596,"angle":180},"block_57":{"id":"WOOD_BLOCK_4X1","x":72.366,"y":-10.181,"angle":180.45},"block_58":{"id":"WOOD_BLOCK_4X2","x":67.605,"y":-14.828,"angle":360},"block_59":{"id":"STONE_BLOCK_4X2","x":110.992,"y":-14.528,"angle":269.999},"block_60":{"id":"STONE_BLOCK_4X2","x":106.847,"y":-14.632,"angle":269.999},"block_61":{"id":"STONE_BLOCK_4X2","x":66.316,"y":-12.83,"angle":180},"block_62":{"id":"WOOD_BLOCK_10X1","x":78.792,"y":-4.862,"angle":90.007},"block_63":{"id":"WOOD_BLOCK_10X1","x":72.245,"y":-4.863,"angle":90.096},"block_64":{"id":"WOOD_BLOCK_4X4_HOLLOW","x":90.198,"y":-13.887,"angle":0.0009999999999763531},"block_65":{"id":"WOOD_BLOCK_4X1","x":87.65281593840216,"y":-22.82610369397224,"angle":180},"block_66":{"id":"WOOD_BLOCK_4X1","x":84.71283855638339,"y":-15.356719772359693,"angle":180},"block_67":{"id":"WOOD_BLOCK_4X1","x":78.733,"y":-10.23,"angle":180.45},"block_68":{"id":"WOOD_BLOCK_4X1","x":65.767,"y":-10.252,"angle":180.45},"block_69":{"id":"WOOD_BLOCK_2X1","x":106.499,"y":-29.002,"angle":180},"block_70":{"id":"WOOD_BLOCK_2X1","x":111.458,"y":-28.932,"angle":180},"block_71":{"id":"STONE_BLOCK_4X1","x":90.30379631645357,"y":-11.351976381655646,"angle":360},"block_72":{"id":"PIG_BASIC_SMALL","x":110.042,"y":-24.856,"angle":357.07500000000005},"block_73":{"id":"PIG_BASIC_SMALL","x":87.089,"y":-9.984,"angle":357.07500000000005},"block_74":{"id":"PIG_BASIC_SMALL","x":76.698,"y":-14.576,"angle":357.07500000000005},"block_75":{"id":"PIG_BASIC_SMALL","x":68.974,"y":-8.89,"angle":357.07500000000005},"block_76":{"id":"PIG_BASIC_SMALL","x":75.941,"y":-6.787,"angle":357.07500000000005},"block_77":{"id":"PIG_BASIC_SMALL","x":87.15081593840216,"y":-24.31110369397224,"angle":357.07500000000005},"block_78":{"id":"B_EASTER_GRASS_2","x":115.476,"y":-0.4529999970197678,"angle":360},"block_79":{"id":"B_EASTER_GRASS_2","x":99.845,"y":-4.507,"angle":360},"block_80":{"id":"B_EASTER_GRASS_2","x":50.23320882513735,"y":-0.3241044051180956,"angle":360},"block_81":{"id":"B_EASTER_GRASS_2","x":127.62679117486263,"y":-0.2814779371565893,"angle":360},"block_82":{"id":"B_EASTER_GRASS_2","x":75.699,"y":-0.40099999701976774,"angle":360},"block_83":{"id":"B_EASTER_GRASS_2","x":62.789,"y":-0.5069999985098839,"angle":360},"block_84":{"id":"B_EASTER_GRASS_1","x":68.929,"y":-0.505,"angle":360},"block_85":{"id":"B_EASTER_GRASS_2","x":88.125,"y":-0.543,"angle":360},"block_86":{"id":"B_EASTER_GRASS_1","x":94.266,"y":-0.441,"angle":360},"block_87":{"id":"B_EASTER_GRASS_1","x":81.84,"y":-0.501,"angle":360},"block_88":{"id":"B_EASTER_GRASS_1","x":106.302,"y":-4.329,"angle":360},"block_89":{"id":"B_EASTER_GRASS_1","x":121.933,"y":-0.475,"angle":360},"block_90":{"id":"B_PINK_BUNNY_HAT_2","x":76.502,"y":-15.783,"angle":1.0749999999999886},"block_91":{"id":"B_PINK_BUNNY_HAT_1","x":108.797,"y":-32.595,"angle":360},"block_92":{"id":"B_PINK_BUNNY_HAT_1","x":55.79,"y":-3.988,"angle":360},"block_93":{"id":"B_PINK_BUNNY_HAT_1","x":76.365,"y":-22.759,"angle":360},"joint_1":{"type":2,"collideConnected":false,"index1":28,"index2":64,"x1":0,"x2":0,"y1":0,"y2":0},"joint_2":{"type":2,"collideConnected":false,"index1":2,"index2":92,"x1":0,"x2":0,"y1":0,"y2":0},"joint_3":{"type":2,"collideConnected":false,"index1":62,"index2":11,"x1":0,"x2":0,"y1":0,"y2":0},"joint_4":{"type":2,"collideConnected":false,"index1":89,"index2":73,"x1":0,"x2":0,"y1":0,"y2":0},"joint_5":{"type":2,"collideConnected":false,"index1":41,"index2":24,"x1":0,"x2":0,"y1":0,"y2":0},"joint_6":{"type":2,"collideConnected":false,"index1":3,"index2":91,"x1":0,"x2":0,"y1":0,"y2":0},"joint_7":{"type":2,"collideConnected":false,"index1":49,"index2":64,"x1":0,"x2":0,"y1":0,"y2":0},"joint_8":{"type":2,"collideConnected":false,"index1":52,"index2":11,"x1":0,"x2":0,"y1":0,"y2":0},"joint_9":{"type":2,"collideConnected":false,"index1":20,"index2":50,"x1":0,"x2":0,"y1":0,"y2":0},"joint_10":{"type":2,"collideConnected":false,"index1":12,"index2":61,"x1":0,"x2":0,"y1":0,"y2":0},"joint_11":{"type":2,"collideConnected":false,"index1":78,"index2":15,"x1":0,"x2":0,"y1":0,"y2":0},"joint_12":{"type":2,"collideConnected":false,"index1":12,"index2":62,"x1":0,"x2":0,"y1":0,"y2":0},"joint_13":{"type":2,"collideConnected":false,"index1":90,"index2":4,"x1":0,"x2":0,"y1":0,"y2":0},"joint_14":{"type":2,"collideConnected":false,"index1":22,"index2":41,"x1":0,"x2":0,"y1":0,"y2":0},"joint_15":{"type":2,"collideConnected":false,"index1":16,"index2":87,"x1":0,"x2":0,"y1":0,"y2":0}}}