{
  "camera": [
    {
      "bottom": 10.283,
      "id": "Slingshot",
      "left": -57.563,
      "right": 31.28,
      "top": -56.35,
      "x": 36.101,
      "y": -23.033
    },
    {
      "bottom": 10.545,
      "id": "Castle",
      "left": -20.019,
      "right": 68.825,
      "top": -56.088,
      "x": 73.645,
      "y": -22.772
    }
  ],
  "counts": {
    "birds": 3,
    "blocks": 81,
    "joints": 3
  },
  "id": "packChristmas/LevelP1_346.lua",
  "theme": "BACKGROUND_XMAS",
  "world": {
    "bird_1": {
      "angle": 0,
      "id": "BIRD_BLACK",
      "x": 12.067,
      "y": -1.737
    },
    "bird_2": {
      "angle": 0,
      "id": "BIRD_BLACK",
      "x": 2.568,
      "y": -1.682
    },
    "bird_3": {
      "angle": 0,
      "id": "BIRD_REDBIG",
      "x": 0,
      "y": -1.983
    },
    "block_1": {
      "angle": 0.025,
      "id": "PIG_BASIC_MEDIUM",
      "x": 84.883,
      "y": -10.888
    },
    "block_10": {
      "angle": 0,
      "id": "SNOW_BLOCK_4X4",
      "x": 80.848,
      "y": -21.539
    },
    "block_11": {
      "angle": 0,
      "id": "SNOW_BLOCK_4X4",
      "x": 88.776,
      "y": -21.576
    },
    "block_12": {
      "angle": 0,
      "id": "SNOW_BLOCK_4X4",
      "x": 92.758,
      "y": -21.576
    },
    "block_13": {
      "angle": 0,
      "id": "SNOW_BLOCK_4X4",
      "x": 96.654,
      "y": -21.563
    },
    "block_14": {
      "angle": 0,
      "id": "SNOW_BLOCK_4X4",
      "x": 96.558,
      "y": -17.673
    },
    "block_15": {
      "angle": 0,
      "id": "SNOW_BLOCK_4X4",
      "x": 100.578,
      "y": -17.673
    },
    "block_16": {
      "angle": 0,
      "id": "SNOW_BLOCK_4X4",
      "x": 100.637,
      "y": -13.727
    },
    "block_17": {
      "angle": 0,
      "id": "SNOW_BLOCK_4X4",
      "x": 100.69,
      "y": -9.781
    },
    "block_18": {
      "angle": 0,
      "id": "SNOW_BLOCK_4X4",
      "x": 100.708,
      "y": -5.872
    },
    "block_19": {
      "angle": 0,
      "id": "SNOW_BLOCK_4X4",
      "x": 100.766,
      "y": -1.927
    },
    "block_2": {
      "angle": 0,
      "id": "PIG_BASIC_MEDIUM",
      "x": 94.233,
      "y": -1.893
    },
    "block_20": {
      "angle": 0,
      "id": "SNOW_BLOCK_4X4",
      "x": 84.822,
      "y": -23.471
    },
    "block_21": {
      "angle": 0,
      "id": "SNOW_BLOCK_4X4",
      "x": 92.788,
      "y": -25.425
    },
    "block_22": {
      "angle": 0,
      "id": "SNOW_BLOCK_4X4",
      "x": 76.891,
      "y": -23.329
    },
    "block_23": {
      "angle": 0,
      "id": "SNOW_BLOCK_4X4",
      "x": 104.626,
      "y": -5.826
    },
    "block_24": {
      "angle": 0,
      "id": "SNOW_BLOCK_4X4",
      "x": 104.685,
      "y": -1.88
    },
    "block_25": {
      "angle": 0,
      "id": "SNOW_BLOCK_4X4",
      "x": 104.555,
      "y": -13.681
    },
    "block_26": {
      "angle": 0,
      "id": "SNOW_BLOCK_4X4",
      "x": 104.608,
      "y": -9.735
    },
    "block_27": {
      "angle": 90.029,
      "id": "STONE_BLOCK_4X2",
      "x": 69.347,
      "y": -2.056
    },
    "block_28": {
      "angle": 90.013,
      "id": "STONE_BLOCK_4X2",
      "x": 69.289,
      "y": -6.02
    },
    "block_29": {
      "angle": 90.005,
      "id": "STONE_BLOCK_4X2",
      "x": 69.34,
      "y": -9.984
    },
    "block_3": {
      "angle": 0.306,
      "id": "PIG_BASIC_MEDIUM",
      "x": 75.314,
      "y": -6.878
    },
    "block_30": {
      "angle": 90.186,
      "id": "STONE_BLOCK_4X2",
      "x": 69.297,
      "y": -15.015
    },
    "block_31": {
      "angle": 89.962,
      "id": "STONE_BLOCK_4X2",
      "x": 71.71,
      "y": -7.078
    },
    "block_32": {
      "angle": 89.964,
      "id": "STONE_BLOCK_4X2",
      "x": 71.619,
      "y": -11.04
    },
    "block_33": {
      "angle": 90.003,
      "id": "STONE_BLOCK_4X2",
      "x": 71.6,
      "y": -15.005
    },
    "block_34": {
      "angle": 90.047,
      "id": "STONE_BLOCK_4X2",
      "x": 71.469,
      "y": -2.056
    },
    "block_35": {
      "angle": 90.309,
      "id": "STONE_BLOCK_4X2",
      "x": 78.797,
      "y": -7.059
    },
    "block_36": {
      "angle": 89.953,
      "id": "STONE_BLOCK_4X2",
      "x": 80.862,
      "y": -15.008
    },
    "block_37": {
      "angle": 90.058,
      "id": "STONE_BLOCK_4X2",
      "x": 80.964,
      "y": -6.018
    },
    "block_38": {
      "angle": 89.928,
      "id": "STONE_BLOCK_4X2",
      "x": 80.891,
      "y": -11.043
    },
    "block_39": {
      "angle": 90.024,
      "id": "STONE_BLOCK_4X2",
      "x": 80.92,
      "y": -2.056
    },
    "block_4": {
      "angle": 0,
      "id": "MISC_HAT_ELF_3X2",
      "x": 94.322,
      "y": -3.793
    },
    "block_40": {
      "angle": 90.289,
      "id": "STONE_BLOCK_4X2",
      "x": 78.798,
      "y": -11.019
    },
    "block_41": {
      "angle": 89.964,
      "id": "STONE_BLOCK_4X2",
      "x": 78.598,
      "y": -2.054
    },
    "block_42": {
      "angle": 90.255,
      "id": "STONE_BLOCK_4X2",
      "x": 78.763,
      "y": -14.982
    },
    "block_43": {
      "angle": 89.953,
      "id": "STONE_BLOCK_4X2",
      "x": 88.637,
      "y": -6.019
    },
    "block_44": {
      "angle": 89.422,
      "id": "STONE_BLOCK_4X2",
      "x": 90.946,
      "y": -15.016
    },
    "block_45": {
      "angle": 89.902,
      "id": "STONE_BLOCK_4X2",
      "x": 90.785,
      "y": -6.02
    },
    "block_46": {
      "angle": 89.813,
      "id": "STONE_BLOCK_4X2",
      "x": 90.746,
      "y": -9.984
    },
    "block_47": {
      "angle": 89.975,
      "id": "STONE_BLOCK_4X2",
      "x": 90.686,
      "y": -2.056
    },
    "block_48": {
      "angle": 90.036,
      "id": "STONE_BLOCK_4X2",
      "x": 88.588,
      "y": -11.044
    },
    "block_49": {
      "angle": 89.986,
      "id": "STONE_BLOCK_4X2",
      "x": 88.569,
      "y": -2.056
    },
    "block_5": {
      "angle": 0,
      "id": "MISC_HAT_ELF_6X3",
      "x": 74.075,
      "y": -8.875
    },
    "block_50": {
      "angle": 90.012,
      "id": "STONE_BLOCK_4X2",
      "x": 88.587,
      "y": -15.009
    },
    "block_51": {
      "angle": 89.533,
      "id": "STONE_BLOCK_4X2",
      "x": 97.57,
      "y": -2.064
    },
    "block_52": {
      "angle": 87.61,
      "id": "STONE_BLOCK_4X2",
      "x": 97.19,
      "y": -10.014
    },
    "block_53": {
      "angle": 87.692,
      "id": "STONE_BLOCK_4X2",
      "x": 97.464,
      "y": -6.056
    },
    "block_54": {
      "angle": 90.047,
      "id": "STONE_BLOCK_4X2",
      "x": 62.579,
      "y": -6.025
    },
    "block_55": {
      "angle": 90.077,
      "id": "STONE_BLOCK_4X2",
      "x": 62.641,
      "y": -9.991
    },
    "block_56": {
      "angle": 90.013,
      "id": "STONE_BLOCK_4X2",
      "x": 62.647,
      "y": -2.058
    },
    "block_57": {
      "angle": 90.098,
      "id": "STONE_BLOCK_4X2",
      "x": 62.855,
      "y": -15.026
    },
    "block_58": {
      "angle": 179.482,
      "id": "STONE_BLOCK_8X1",
      "x": 94.036,
      "y": -12.526
    },
    "block_59": {
      "angle": 180.086,
      "id": "STONE_BLOCK_8X1",
      "x": 66.019,
      "y": -12.504
    },
    "block_6": {
      "angle": 0,
      "id": "SNOW_BLOCK_4X4",
      "x": 60.972,
      "y": -21.41
    },
    "block_60": {
      "angle": 180.099,
      "id": "STONE_BLOCK_8X1",
      "x": 65.406,
      "y": -17.54
    },
    "block_61": {
      "angle": 0,
      "id": "SNOW_BLOCK_2X2",
      "x": 89.764,
      "y": -26.379
    },
    "block_62": {
      "angle": 0,
      "id": "SNOW_BLOCK_2X2",
      "x": 81.899,
      "y": -26.258
    },
    "block_63": {
      "angle": 180,
      "id": "SNOW_BLOCK_4X2",
      "x": 84.859,
      "y": -20.558
    },
    "block_64": {
      "angle": 180,
      "id": "SNOW_BLOCK_4X2",
      "x": 88.768,
      "y": -24.43
    },
    "block_65": {
      "angle": 180,
      "id": "SNOW_BLOCK_4X2",
      "x": 80.953,
      "y": -24.376
    },
    "block_66": {
      "angle": 180,
      "id": "SNOW_BLOCK_4X2",
      "x": 76.928,
      "y": -20.416
    },
    "block_67": {
      "angle": 180,
      "id": "SNOW_BLOCK_4X2",
      "x": 78.955,
      "y": -26.177
    },
    "block_68": {
      "angle": 0,
      "id": "SNOW_BLOCK_6X2",
      "x": 85.811,
      "y": -26.379
    },
    "block_69": {
      "angle": 5,
      "id": "MISC_HAT_WINTER_4X3",
      "x": 65.928,
      "y": -4.559
    },
    "block_7": {
      "angle": 0,
      "id": "SNOW_BLOCK_4X4",
      "x": 64.954,
      "y": -21.447
    },
    "block_70": {
      "angle": 357.932,
      "id": "PIG_BASIC_SMALL",
      "x": 93.249,
      "y": -14.103
    },
    "block_71": {
      "angle": 0,
      "id": "PIG_BASIC_SMALL",
      "x": 75.333,
      "y": -1.12
    },
    "block_72": {
      "angle": 179.998,
      "id": "STONE_BLOCK_10X1",
      "x": 84.847,
      "y": -8.531
    },
    "block_73": {
      "angle": 180.097,
      "id": "STONE_BLOCK_10X1",
      "x": 75.107,
      "y": -4.562
    },
    "block_74": {
      "angle": 179.994,
      "id": "STONE_BLOCK_10X1",
      "x": 84.872,
      "y": -17.527
    },
    "block_75": {
      "angle": 180.212,
      "id": "STONE_BLOCK_10X1",
      "x": 74.679,
      "y": -17.514
    },
    "block_76": {
      "angle": 0,
      "id": "SNOW_TRIANGLE_2X2",
      "x": 75.846,
      "y": -26.267
    },
    "block_77": {
      "angle": 0,
      "id": "SNOW_TRIANGLE_2X2",
      "x": 73.907,
      "y": -24.393
    },
    "block_78": {
      "angle": 0.006,
      "id": "PIG_BASIC_BIG",
      "x": 66.029,
      "y": -2.375
    },
    "block_79": {
      "angle": 90,
      "id": "SNOW_TRIANGLE_4X4",
      "x": 100.6,
      "y": -21.618
    },
    "block_8": {
      "angle": 0,
      "id": "SNOW_BLOCK_4X4",
      "x": 68.937,
      "y": -21.447
    },
    "block_80": {
      "angle": 90,
      "id": "SNOW_TRIANGLE_4X4",
      "x": 96.77,
      "y": -25.499
    },
    "block_81": {
      "angle": 90,
      "id": "SNOW_TRIANGLE_4X4",
      "x": 104.579,
      "y": -17.662
    },
    "block_9": {
      "angle": 0,
      "id": "SNOW_BLOCK_4X4",
      "x": 72.883,
      "y": -21.502
    },
    "joint_1": {
      "collideConnected": false,
      "index1": 68,
      "index2": 77,
      "type": 2,
      "x1": 0,
      "x2": -0.061632901430130005,
      "y1": 0,
      "y2": -1.337249994277954
    },
    "joint_2": {
      "collideConnected": false,
      "index1": 3,
      "index2": 1,
      "type": 2,
      "x1": 0,
      "x2": -0.0724911019206047,
      "y1": 0,
      "y2": -1.2546700239181519
    },
    "joint_3": {
      "collideConnected": false,
      "index1": 4,
      "index2": 2,
      "type": 2,
      "x1": 1.250349998474121,
      "x2": 0.04508949816226959,
      "y1": -0.04032989963889122,
      "y2": -1.1907399892807007
    }
  }
}
