{
  "camera": [
    {
      "bottom": 13.611,
      "id": "Slingshot",
      "left": -43.697,
      "right": 45.521,
      "top": -53.303,
      "x": 64.676,
      "y": -19.846
    },
    {
      "bottom": 13.263,
      "id": "Castle",
      "left": -0.133,
      "right": 89.085,
      "top": -53.651,
      "x": 108.24,
      "y": -20.194
    }
  ],
  "counts": {
    "birds": 4,
    "blocks": 111
  },
  "id": "pack14/LevelP5_663.lua",
  "scoreEagle": 112000,
  "scoreGold": 71000,
  "scoreSilver": 64000,
  "theme": "BACKGROUND_WESTERN",
  "world": {
    "bird_1": {
      "angle": 0,
      "id": "BIRD_BLUE",
      "x": 36.017,
      "y": -7.094
    },
    "bird_2": {
      "angle": 0,
      "id": "BIRD_BLUE",
      "x": 26.795,
      "y": -10.216
    },
    "bird_3": {
      "angle": 0,
      "id": "BIRD_BLUE",
      "x": 25.387,
      "y": -10.147
    },
    "bird_4": {
      "angle": 0,
      "id": "BIRD_BLUE",
      "x": 23.943,
      "y": -10.175
    },
    "block_1": {
      "angle": 89.968,
      "id": "ICE_BLOCK_4X1",
      "x": 127.805,
      "y": -2.058
    },
    "block_10": {
      "angle": 184.2,
      "id": "ICE_BLOCK_4X2",
      "x": 103.29,
      "y": -25.579
    },
    "block_100": {
      "angle": 0,
      "id": "TERRAIN_TEXTURED_HILLS_10X10",
      "x": 4.4,
      "y": -0.932
    },
    "block_101": {
      "angle": 0.449,
      "id": "ICE_TRIANGLE_4X4",
      "x": 124.246,
      "y": -11.67
    },
    "block_102": {
      "angle": 270.197,
      "id": "ICE_TRIANGLE_4X4",
      "x": 90.782,
      "y": -3.998
    },
    "block_103": {
      "angle": 359.999,
      "id": "TERRAIN_TEXTURED_HILLS_5X2",
      "x": 139.204,
      "y": -5.148
    },
    "block_104": {
      "angle": 26.999,
      "id": "TERRAIN_TEXTURED_HILLS_5X2",
      "x": 145.812,
      "y": -11.583
    },
    "block_105": {
      "angle": 0.954,
      "id": "ICE_TRIANGLE_4X4",
      "x": 111.995,
      "y": -26.653
    },
    "block_106": {
      "angle": 270.897,
      "id": "ICE_TRIANGLE_4X4",
      "x": 107.194,
      "y": -26.73
    },
    "block_107": {
      "angle": 270.022,
      "id": "ICE_TRIANGLE_4X4",
      "x": 94.514,
      "y": -11.684
    },
    "block_108": {
      "angle": 356.59,
      "id": "ICE_BLOCK_10X1",
      "x": 117.368,
      "y": -24.202
    },
    "block_109": {
      "angle": 4.197,
      "id": "ICE_BLOCK_10X1",
      "x": 101.449,
      "y": -24.157
    },
    "block_11": {
      "angle": 4.202,
      "id": "ICE_BLOCK_4X2",
      "x": 104.83,
      "y": -27.507
    },
    "block_110": {
      "angle": 90.475,
      "id": "WOOD_BLOCK_10X1",
      "x": 104.318,
      "y": -18.561
    },
    "block_111": {
      "angle": 89.956,
      "id": "WOOD_BLOCK_10X1",
      "x": 114.214,
      "y": -18.603
    },
    "block_12": {
      "angle": 91.424,
      "id": "ICE_BLOCK_4X2",
      "x": 99.262,
      "y": -21.749
    },
    "block_13": {
      "angle": 89.427,
      "id": "ICE_BLOCK_4X2",
      "x": 118.84,
      "y": -21.723
    },
    "block_14": {
      "angle": 176.58,
      "id": "ICE_BLOCK_4X2",
      "x": 115.96,
      "y": -25.673
    },
    "block_15": {
      "angle": 357.772,
      "id": "ICE_BLOCK_4X2",
      "x": 107.381,
      "y": -29.569
    },
    "block_16": {
      "angle": 0.264,
      "id": "ICE_BLOCK_4X2",
      "x": 111.556,
      "y": -29.61
    },
    "block_17": {
      "angle": 356.573,
      "id": "ICE_BLOCK_4X2",
      "x": 114.153,
      "y": -27.605
    },
    "block_18": {
      "angle": 359.532,
      "id": "ICE_BLOCK_4X2",
      "x": 119.816,
      "y": -18.731
    },
    "block_19": {
      "angle": 138.411,
      "id": "MISC_EXPLOSIVE_TNT",
      "x": 134.177,
      "y": -2.643
    },
    "block_2": {
      "angle": 90.07,
      "id": "ICE_BLOCK_4X1",
      "x": 126.698,
      "y": -2.058
    },
    "block_20": {
      "angle": 44.305,
      "id": "MISC_EXPLOSIVE_TNT",
      "x": 110.224,
      "y": -2.425
    },
    "block_21": {
      "angle": 0.01,
      "id": "ICE_BLOCK_8X1",
      "x": 109.337,
      "y": -8.271
    },
    "block_22": {
      "angle": 219.563,
      "id": "ICE_BLOCK_8X1",
      "x": 106.104,
      "y": -2.956
    },
    "block_23": {
      "angle": 319.427,
      "id": "ICE_BLOCK_8X1",
      "x": 99.524,
      "y": -3.01
    },
    "block_24": {
      "angle": 0.156,
      "id": "ICE_BLOCK_2X1",
      "x": 127.182,
      "y": -10.549
    },
    "block_25": {
      "angle": 225.001,
      "id": "TERRAIN_TEXTURED_HILLS_10X10",
      "x": 155.494,
      "y": -7.646
    },
    "block_26": {
      "angle": 269.714,
      "id": "ICE_BLOCK_4X2",
      "x": 120.893,
      "y": -15.733
    },
    "block_27": {
      "angle": 45,
      "id": "TERRAIN_TEXTURED_HILLS_10X10",
      "x": 139.561,
      "y": 1.42
    },
    "block_28": {
      "angle": 45,
      "id": "TERRAIN_TEXTURED_HILLS_10X10",
      "x": 177.411,
      "y": -1.513
    },
    "block_29": {
      "angle": 359.991,
      "id": "ICE_BLOCK_4X2",
      "x": 111.389,
      "y": -9.822
    },
    "block_3": {
      "angle": 358.897,
      "id": "PIG_BASIC_SMALL",
      "x": 102.67,
      "y": -14.822
    },
    "block_30": {
      "angle": 0,
      "id": "TERRAIN_TEXTURED_HILLS_10X10",
      "x": 150.027,
      "y": -2.713
    },
    "block_31": {
      "angle": 179.835,
      "id": "ICE_BLOCK_4X2",
      "x": 115.644,
      "y": -12.768
    },
    "block_32": {
      "angle": 45,
      "id": "TERRAIN_TEXTURED_HILLS_10X10",
      "x": 0,
      "y": 3.401
    },
    "block_33": {
      "angle": 179.778,
      "id": "ICE_BLOCK_4X2",
      "x": 119.911,
      "y": -12.726
    },
    "block_34": {
      "angle": 180,
      "id": "TERRAIN_TEXTURED_HILLS_10X10",
      "x": 162.094,
      "y": -6.58
    },
    "block_35": {
      "angle": 269.626,
      "id": "ICE_BLOCK_4X2",
      "x": 118.732,
      "y": -15.721
    },
    "block_36": {
      "angle": 0.014,
      "id": "ICE_BLOCK_4X2",
      "x": 124.173,
      "y": -8.706
    },
    "block_37": {
      "angle": 0,
      "id": "TERRAIN_TEXTURED_HILLS_10X10",
      "x": 15.2,
      "y": -0.399
    },
    "block_38": {
      "angle": 90.098,
      "id": "ICE_BLOCK_4X2",
      "x": 109.293,
      "y": -12.823
    },
    "block_39": {
      "angle": 184.196,
      "id": "ICE_BLOCK_4X2",
      "x": 98.347,
      "y": -25.941
    },
    "block_4": {
      "angle": 90.377,
      "id": "ICE_BLOCK_4X1",
      "x": 109.345,
      "y": -16.791
    },
    "block_40": {
      "angle": 135,
      "id": "TERRAIN_TEXTURED_HILLS_10X10",
      "x": 166.861,
      "y": -4.646
    },
    "block_41": {
      "angle": 270.001,
      "id": "TERRAIN_TEXTURED_HILLS_10X10",
      "x": 150.761,
      "y": -9.646
    },
    "block_42": {
      "angle": 0,
      "id": "TERRAIN_TEXTURED_HILLS_10X10",
      "x": 154.761,
      "y": -2.38
    },
    "block_43": {
      "angle": 90.148,
      "id": "ICE_BLOCK_4X2",
      "x": 132.594,
      "y": -9.106
    },
    "block_44": {
      "angle": 0.007,
      "id": "ICE_BLOCK_4X2",
      "x": 130.456,
      "y": -1.09
    },
    "block_45": {
      "angle": 89.989,
      "id": "ICE_BLOCK_4X2",
      "x": 127.423,
      "y": -6.023
    },
    "block_46": {
      "angle": 176.595,
      "id": "ICE_BLOCK_4X2",
      "x": 120.353,
      "y": -25.935
    },
    "block_47": {
      "angle": 0.09,
      "id": "ICE_BLOCK_4X2",
      "x": 90.656,
      "y": -1.082
    },
    "block_48": {
      "angle": 0,
      "id": "PIG_BASIC_MEDIUM",
      "x": 102.957,
      "y": -1.893
    },
    "block_49": {
      "angle": 89.573,
      "id": "ICE_BLOCK_4X2",
      "x": 132.178,
      "y": -19.182
    },
    "block_5": {
      "angle": 90.631,
      "id": "ICE_BLOCK_4X1",
      "x": 109.419,
      "y": -20.759
    },
    "block_50": {
      "angle": 89.744,
      "id": "ICE_BLOCK_4X2",
      "x": 132.309,
      "y": -14.144
    },
    "block_51": {
      "angle": 89.538,
      "id": "ICE_BLOCK_4X2",
      "x": 127.33,
      "y": -14.114
    },
    "block_52": {
      "angle": 359.991,
      "id": "STONE_CIRCLE_4X4",
      "x": 144.081,
      "y": -15.237
    },
    "block_53": {
      "angle": 0.02,
      "id": "STONE_CIRCLE_4X4",
      "x": 145.055,
      "y": -18.542
    },
    "block_54": {
      "angle": 359.987,
      "id": "STONE_CIRCLE_4X4",
      "x": 147.645,
      "y": -16.287
    },
    "block_55": {
      "angle": 0.799,
      "id": "ICE_BLOCK_4X2",
      "x": 98.514,
      "y": -18.749
    },
    "block_56": {
      "angle": 180.675,
      "id": "ICE_BLOCK_4X2",
      "x": 102.897,
      "y": -12.747
    },
    "block_57": {
      "angle": 270.398,
      "id": "ICE_BLOCK_4X2",
      "x": 99.596,
      "y": -15.728
    },
    "block_58": {
      "angle": 0.024,
      "id": "ICE_BLOCK_2X2",
      "x": 127.2,
      "y": -9.012
    },
    "block_59": {
      "angle": 360,
      "id": "ICE_BLOCK_4X2",
      "x": 94.392,
      "y": -8.718
    },
    "block_6": {
      "angle": 0,
      "id": "PIG_BASIC_SMALL",
      "x": 94.334,
      "y": -1.12
    },
    "block_60": {
      "angle": 180.355,
      "id": "ICE_BLOCK_4X2",
      "x": 98.636,
      "y": -12.733
    },
    "block_61": {
      "angle": 270.846,
      "id": "ICE_BLOCK_4X2",
      "x": 97.438,
      "y": -15.761
    },
    "block_62": {
      "angle": 90.121,
      "id": "ICE_BLOCK_4X2",
      "x": 129.864,
      "y": -4.089
    },
    "block_63": {
      "angle": 89.566,
      "id": "ICE_BLOCK_4X2",
      "x": 127.255,
      "y": -19.144
    },
    "block_64": {
      "angle": 0.904,
      "id": "ICE_BLOCK_4X2",
      "x": 109.495,
      "y": -23.761
    },
    "block_65": {
      "angle": 0.028,
      "id": "ICE_BLOCK_4X2",
      "x": 107.163,
      "y": -9.824
    },
    "block_66": {
      "angle": 90.382,
      "id": "STONE_BLOCK_4X2",
      "x": 97.608,
      "y": -9.736
    },
    "block_67": {
      "angle": 90,
      "id": "STONE_BLOCK_4X2",
      "x": 114.657,
      "y": -9.72
    },
    "block_68": {
      "angle": 359.604,
      "id": "ICE_BLOCK_10X1",
      "x": 129.426,
      "y": -16.643
    },
    "block_69": {
      "angle": 315.001,
      "id": "TERRAIN_TEXTURED_HILLS_10X10",
      "x": 145.961,
      "y": -7.646
    },
    "block_7": {
      "angle": 356.096,
      "id": "PIG_BASIC_SMALL",
      "x": 129.476,
      "y": -13.198
    },
    "block_70": {
      "angle": 359.568,
      "id": "ICE_BLOCK_10X1",
      "x": 129.307,
      "y": -21.678
    },
    "block_71": {
      "angle": 0,
      "id": "TERRAIN_TEXTURED_HILLS_10X10",
      "x": 143.961,
      "y": -2.913
    },
    "block_72": {
      "angle": 0.323,
      "id": "ICE_BLOCK_10X1",
      "x": 133.816,
      "y": -6.583
    },
    "block_73": {
      "angle": 135,
      "id": "TERRAIN_TEXTURED_HILLS_10X10",
      "x": 162.095,
      "y": 0.848
    },
    "block_74": {
      "angle": 359.767,
      "id": "ICE_BLOCK_10X1",
      "x": 131.685,
      "y": -11.622
    },
    "block_75": {
      "angle": 90,
      "id": "TERRAIN_TEXTURED_HILLS_10X10",
      "x": 172.628,
      "y": -3.58
    },
    "block_76": {
      "angle": 89.994,
      "id": "STONE_BLOCK_4X2",
      "x": 100.788,
      "y": -9.721
    },
    "block_77": {
      "angle": 89.97,
      "id": "STONE_BLOCK_4X2",
      "x": 104.146,
      "y": -9.722
    },
    "block_78": {
      "angle": 45,
      "id": "TERRAIN_TEXTURED_HILLS_10X10",
      "x": 183.819,
      "y": 4.924
    },
    "block_79": {
      "angle": 90.004,
      "id": "STONE_BLOCK_4X2",
      "x": 117.837,
      "y": -9.719
    },
    "block_8": {
      "angle": 359.862,
      "id": "PIG_BASIC_SMALL",
      "x": 115.851,
      "y": -14.838
    },
    "block_80": {
      "angle": 90.006,
      "id": "STONE_BLOCK_4X2",
      "x": 121.17,
      "y": -9.72
    },
    "block_81": {
      "angle": 360,
      "id": "TERRAIN_TEXTURED_HILLS_10X2",
      "x": 121.471,
      "y": -6.786
    },
    "block_82": {
      "angle": 360,
      "id": "TERRAIN_TEXTURED_HILLS_10X2",
      "x": 97.024,
      "y": -6.807
    },
    "block_83": {
      "angle": 44.999,
      "id": "TERRAIN_TEXTURED_HILLS_5X5",
      "x": 149.929,
      "y": -12.356
    },
    "block_84": {
      "angle": 360,
      "id": "TERRAIN_TEXTURED_HILLS_10X2",
      "x": 102.071,
      "y": -6.837
    },
    "block_85": {
      "angle": 360,
      "id": "TERRAIN_TEXTURED_HILLS_10X2",
      "x": 117.071,
      "y": -6.836
    },
    "block_86": {
      "angle": 111,
      "id": "TERRAIN_TEXTURED_HILLS_5X5",
      "x": 158.02,
      "y": -9.917
    },
    "block_87": {
      "angle": 111,
      "id": "TERRAIN_TEXTURED_HILLS_5X5",
      "x": 29.571,
      "y": -4.825
    },
    "block_88": {
      "angle": 111,
      "id": "TERRAIN_TEXTURED_HILLS_5X5",
      "x": 169.132,
      "y": -6.806
    },
    "block_89": {
      "angle": 45,
      "id": "TERRAIN_TEXTURED_HILLS_10X10",
      "x": 37.85,
      "y": 0.468
    },
    "block_9": {
      "angle": 1.427,
      "id": "PIG_BASIC_SMALL",
      "x": 100.934,
      "y": -27.684
    },
    "block_90": {
      "angle": 19,
      "id": "TERRAIN_TEXTURED_HILLS_5X5",
      "x": 141.104,
      "y": -4.05
    },
    "block_91": {
      "angle": 135,
      "id": "TERRAIN_TEXTURED_HILLS_10X10",
      "x": 27.3,
      "y": -2.665
    },
    "block_92": {
      "angle": 90,
      "id": "TERRAIN_TEXTURED_HILLS_10X10",
      "x": 33.067,
      "y": -1.599
    },
    "block_93": {
      "angle": 225.001,
      "id": "TERRAIN_TEXTURED_HILLS_10X10",
      "x": 15.933,
      "y": -5.665
    },
    "block_94": {
      "angle": 111,
      "id": "TERRAIN_TEXTURED_HILLS_5X5",
      "x": 18.46,
      "y": -7.936
    },
    "block_95": {
      "angle": 180,
      "id": "TERRAIN_TEXTURED_HILLS_10X10",
      "x": 22.533,
      "y": -4.599
    },
    "block_96": {
      "angle": 19,
      "id": "TERRAIN_TEXTURED_HILLS_5X5",
      "x": 1.293,
      "y": -2.269
    },
    "block_97": {
      "angle": 315.001,
      "id": "TERRAIN_TEXTURED_HILLS_10X10",
      "x": 6.4,
      "y": -5.665
    },
    "block_98": {
      "angle": 270.001,
      "id": "TERRAIN_TEXTURED_HILLS_10X10",
      "x": 11.2,
      "y": -7.665
    },
    "block_99": {
      "angle": 0,
      "id": "TERRAIN_TEXTURED_HILLS_10X10",
      "x": 10.467,
      "y": -0.732
    }
  }
}
