{
  "camera": [
    {
      "bottom": 14.747,
      "id": "Slingshot",
      "left": -28.733,
      "right": 86.695,
      "top": -71.824,
      "x": 46.304,
      "y": -28.538
    },
    {
      "bottom": 14.634,
      "id": "Castle",
      "left": 7.789,
      "right": 123.217,
      "top": -71.936,
      "x": 82.826,
      "y": -28.651
    }
  ],
  "counts": {
    "birds": 3,
    "blocks": 115,
    "joints": 4
  },
  "id": "packChristmas/LevelP1_646.lua",
  "theme": "BACKGROUND_XMAS",
  "world": {
    "bird_1": {
      "angle": 0,
      "id": "BIRD_REDBIG",
      "x": 11.213,
      "y": -6.748
    },
    "bird_2": {
      "angle": 0,
      "id": "BIRD_YELLOW",
      "x": 5.161,
      "y": -5.37
    },
    "bird_3": {
      "angle": 0,
      "id": "BIRD_BLUE",
      "x": 2.12,
      "y": -3.844
    },
    "block_1": {
      "angle": 45,
      "id": "SNOW_BLOCK_4X4",
      "x": 45.536,
      "y": -0.191
    },
    "block_10": {
      "angle": 45,
      "id": "SNOW_BLOCK_4X4",
      "x": 67.689,
      "y": -5.579
    },
    "block_100": {
      "angle": 225,
      "id": "WOOD_BLOCK_8X1",
      "x": 68.051,
      "y": -15.948
    },
    "block_101": {
      "angle": 135,
      "id": "WOOD_BLOCK_8X1",
      "x": 64.848,
      "y": -12.841
    },
    "block_102": {
      "angle": 28,
      "id": "TERRAIN_TEXTURED_HILLS_5X5",
      "x": 18.756,
      "y": -1.082
    },
    "block_103": {
      "angle": 45,
      "id": "TERRAIN_TEXTURED_HILLS_5X5",
      "x": 0,
      "y": 1.499
    },
    "block_104": {
      "angle": 50,
      "id": "TERRAIN_TEXTURED_HILLS_5X5",
      "x": 21.675,
      "y": 1.301
    },
    "block_105": {
      "angle": 90,
      "id": "TERRAIN_TEXTURED_HILLS_5X5",
      "x": 10.751,
      "y": -2.538
    },
    "block_106": {
      "angle": 81,
      "id": "TERRAIN_TEXTURED_HILLS_5X5",
      "x": 6.61,
      "y": -2.216
    },
    "block_107": {
      "angle": 7,
      "id": "TERRAIN_TEXTURED_HILLS_5X5",
      "x": 15.121,
      "y": -2.248
    },
    "block_108": {
      "angle": 60,
      "id": "TERRAIN_TEXTURED_HILLS_5X5",
      "x": 3.156,
      "y": -0.971
    },
    "block_109": {
      "angle": 0,
      "id": "PIG_BASIC_BIG",
      "x": 103.783,
      "y": -13.894
    },
    "block_11": {
      "angle": 135,
      "id": "SNOW_BLOCK_4X4",
      "x": 86.997,
      "y": -8.258
    },
    "block_110": {
      "angle": 135,
      "id": "WOOD_BLOCK_4X1",
      "x": 74.147,
      "y": -15.588
    },
    "block_111": {
      "angle": 45,
      "id": "WOOD_BLOCK_4X1",
      "x": 76.767,
      "y": -21.603
    },
    "block_112": {
      "angle": 45,
      "id": "WOOD_BLOCK_4X1",
      "x": 72.101,
      "y": -17.006
    },
    "block_113": {
      "angle": 45,
      "id": "WOOD_BLOCK_4X1",
      "x": 88.786,
      "y": -17.056
    },
    "block_114": {
      "angle": 45,
      "id": "WOOD_BLOCK_4X1",
      "x": 63.23,
      "y": -14.724
    },
    "block_115": {
      "angle": 135,
      "id": "WOOD_BLOCK_4X1",
      "x": 102.033,
      "y": -26.761
    },
    "block_12": {
      "angle": 45,
      "id": "SNOW_BLOCK_4X4",
      "x": 73.216,
      "y": -11.08
    },
    "block_13": {
      "angle": 225,
      "id": "SNOW_BLOCK_4X4",
      "x": 78.756,
      "y": -16.504
    },
    "block_14": {
      "angle": 135,
      "id": "SNOW_BLOCK_4X4",
      "x": 81.496,
      "y": -13.785
    },
    "block_15": {
      "angle": 45,
      "id": "SNOW_BLOCK_4X4",
      "x": 70.453,
      "y": -8.314
    },
    "block_16": {
      "angle": 45,
      "id": "SNOW_BLOCK_4X4",
      "x": 75.979,
      "y": -13.815
    },
    "block_17": {
      "angle": 135,
      "id": "SNOW_BLOCK_4X4",
      "x": 84.262,
      "y": -11.021
    },
    "block_18": {
      "angle": 135,
      "id": "SNOW_BLOCK_4X4",
      "x": 89.771,
      "y": -5.484
    },
    "block_19": {
      "angle": 135,
      "id": "SNOW_BLOCK_4X4",
      "x": 92.622,
      "y": -2.746
    },
    "block_2": {
      "angle": 45,
      "id": "SNOW_BLOCK_4X4",
      "x": 48.299,
      "y": -2.926
    },
    "block_20": {
      "angle": 135,
      "id": "SNOW_BLOCK_4X4",
      "x": 95.397,
      "y": 0.028
    },
    "block_21": {
      "angle": 225,
      "id": "SNOW_BLOCK_4X4",
      "x": 103.625,
      "y": -24.608
    },
    "block_22": {
      "angle": 45,
      "id": "SNOW_BLOCK_4X4",
      "x": 100.848,
      "y": -21.919
    },
    "block_23": {
      "angle": 135,
      "id": "SNOW_BLOCK_4X4",
      "x": 117.492,
      "y": -10.85
    },
    "block_24": {
      "angle": 135,
      "id": "SNOW_BLOCK_4X4",
      "x": 89.712,
      "y": -10.974
    },
    "block_25": {
      "angle": 45,
      "id": "SNOW_BLOCK_4X4",
      "x": 95.322,
      "y": -16.418
    },
    "block_26": {
      "angle": 135,
      "id": "SNOW_BLOCK_4X4",
      "x": 120.266,
      "y": -8.076
    },
    "block_27": {
      "angle": 45,
      "id": "SNOW_BLOCK_4X4",
      "x": 92.558,
      "y": -13.683
    },
    "block_28": {
      "angle": 45,
      "id": "SNOW_BLOCK_4X4",
      "x": 98.085,
      "y": -19.184
    },
    "block_29": {
      "angle": 135,
      "id": "SNOW_BLOCK_4X4",
      "x": 109.131,
      "y": -19.125
    },
    "block_3": {
      "angle": 45,
      "id": "SNOW_BLOCK_4X4",
      "x": 53.825,
      "y": -8.427
    },
    "block_30": {
      "angle": 135,
      "id": "SNOW_BLOCK_4X4",
      "x": 111.866,
      "y": -16.362
    },
    "block_31": {
      "angle": 135,
      "id": "SNOW_BLOCK_4X4",
      "x": 106.365,
      "y": -21.888
    },
    "block_32": {
      "angle": 135,
      "id": "SNOW_BLOCK_4X4",
      "x": 114.64,
      "y": -13.588
    },
    "block_33": {
      "angle": 135,
      "id": "SNOW_BLOCK_4X4",
      "x": 125.956,
      "y": -2.57
    },
    "block_34": {
      "angle": 135,
      "id": "SNOW_BLOCK_4X4",
      "x": 128.73,
      "y": 0.204
    },
    "block_35": {
      "angle": 135,
      "id": "SNOW_BLOCK_4X4",
      "x": 123.104,
      "y": -5.308
    },
    "block_36": {
      "angle": 45,
      "id": "SNOW_BLOCK_4X4",
      "x": 53.798,
      "y": 0.734
    },
    "block_37": {
      "angle": 225,
      "id": "SNOW_BLOCK_4X4",
      "x": 56.574,
      "y": -1.956
    },
    "block_38": {
      "angle": 135,
      "id": "SNOW_BLOCK_4X4",
      "x": 59.315,
      "y": 0.764
    },
    "block_39": {
      "angle": 45,
      "id": "SNOW_BLOCK_4X4",
      "x": 73.647,
      "y": 0.41
    },
    "block_4": {
      "angle": 45,
      "id": "SNOW_BLOCK_4X4",
      "x": 51.062,
      "y": -5.692
    },
    "block_40": {
      "angle": 135,
      "id": "SNOW_BLOCK_4X4",
      "x": 84.693,
      "y": 0.469
    },
    "block_41": {
      "angle": 45,
      "id": "SNOW_BLOCK_4X4",
      "x": 76.411,
      "y": -2.325
    },
    "block_42": {
      "angle": 135,
      "id": "SNOW_BLOCK_4X4",
      "x": 81.928,
      "y": -2.295
    },
    "block_43": {
      "angle": 225,
      "id": "SNOW_BLOCK_4X4",
      "x": 79.187,
      "y": -5.014
    },
    "block_44": {
      "angle": 135,
      "id": "SNOW_BLOCK_4X4",
      "x": 106.573,
      "y": -5.402
    },
    "block_45": {
      "angle": 225,
      "id": "SNOW_BLOCK_4X4",
      "x": 103.832,
      "y": -8.121
    },
    "block_46": {
      "angle": 45,
      "id": "SNOW_BLOCK_4X4",
      "x": 101.056,
      "y": -5.432
    },
    "block_47": {
      "angle": 45,
      "id": "SNOW_BLOCK_4X4",
      "x": 98.293,
      "y": -2.697
    },
    "block_48": {
      "angle": 135,
      "id": "SNOW_BLOCK_4X4",
      "x": 109.338,
      "y": -2.638
    },
    "block_49": {
      "angle": 135,
      "id": "SNOW_BLOCK_4X4",
      "x": 112.144,
      "y": 0.145
    },
    "block_5": {
      "angle": 135,
      "id": "SNOW_BLOCK_4X4",
      "x": 59.342,
      "y": -8.397
    },
    "block_50": {
      "angle": 90,
      "id": "SNOW_BLOCK_2X2",
      "x": 79.146,
      "y": -8.246
    },
    "block_51": {
      "angle": 90,
      "id": "SNOW_BLOCK_2X2",
      "x": 79.146,
      "y": -9.656
    },
    "block_52": {
      "angle": 360,
      "id": "MISC_BALLOON_BLUE",
      "x": 61.301,
      "y": -53.339
    },
    "block_53": {
      "angle": 135,
      "id": "SNOW_BLOCK_4X2",
      "x": 54.405,
      "y": -3.85
    },
    "block_54": {
      "angle": 225,
      "id": "SNOW_BLOCK_4X2",
      "x": 58.677,
      "y": -3.817
    },
    "block_55": {
      "angle": 135,
      "id": "SNOW_BLOCK_4X2",
      "x": 51.632,
      "y": -1.151
    },
    "block_56": {
      "angle": 225,
      "id": "SNOW_BLOCK_4X2",
      "x": 61.509,
      "y": -0.989
    },
    "block_57": {
      "angle": 225,
      "id": "SNOW_BLOCK_4X2",
      "x": 84.187,
      "y": -3.973
    },
    "block_58": {
      "angle": 135,
      "id": "SNOW_BLOCK_4X2",
      "x": 77.084,
      "y": -6.834
    },
    "block_59": {
      "angle": 225,
      "id": "SNOW_BLOCK_4X2",
      "x": 81.356,
      "y": -6.802
    },
    "block_6": {
      "angle": 225,
      "id": "SNOW_BLOCK_4X4",
      "x": 56.602,
      "y": -11.116
    },
    "block_60": {
      "angle": 135,
      "id": "SNOW_BLOCK_4X2",
      "x": 74.311,
      "y": -4.136
    },
    "block_61": {
      "angle": 135,
      "id": "SNOW_BLOCK_4X2",
      "x": 71.553,
      "y": -1.381
    },
    "block_62": {
      "angle": 225,
      "id": "SNOW_BLOCK_4X2",
      "x": 86.898,
      "y": -1.289
    },
    "block_63": {
      "angle": 135,
      "id": "SNOW_BLOCK_4X2",
      "x": 96.367,
      "y": -4.72
    },
    "block_64": {
      "angle": 135,
      "id": "SNOW_BLOCK_4X2",
      "x": 99.102,
      "y": -7.475
    },
    "block_65": {
      "angle": 135,
      "id": "SNOW_BLOCK_4X2",
      "x": 101.758,
      "y": -10.103
    },
    "block_66": {
      "angle": 225,
      "id": "SNOW_BLOCK_4X2",
      "x": 105.843,
      "y": -10.048
    },
    "block_67": {
      "angle": 225,
      "id": "SNOW_BLOCK_4X2",
      "x": 108.488,
      "y": -7.406
    },
    "block_68": {
      "angle": 225,
      "id": "SNOW_BLOCK_4X2",
      "x": 111.198,
      "y": -4.675
    },
    "block_69": {
      "angle": 2,
      "id": "MISC_GIFT_6X3",
      "x": 116.883,
      "y": -1.584
    },
    "block_7": {
      "angle": 135,
      "id": "SNOW_BLOCK_4X4",
      "x": 64.843,
      "y": -2.87
    },
    "block_70": {
      "angle": 0,
      "id": "PIG_BASIC_SMALL",
      "x": 64.969,
      "y": -8.764
    },
    "block_71": {
      "angle": 0,
      "id": "PIG_BASIC_SMALL",
      "x": 71.238,
      "y": -14.95
    },
    "block_72": {
      "angle": 0,
      "id": "PIG_BASIC_SMALL",
      "x": 83.52,
      "y": -17.655
    },
    "block_73": {
      "angle": 0,
      "id": "PIG_BASIC_SMALL",
      "x": 79.022,
      "y": -11.553
    },
    "block_74": {
      "angle": 0,
      "id": "PIG_BASIC_SMALL",
      "x": 56.646,
      "y": -6.068
    },
    "block_75": {
      "angle": 344,
      "id": "PIG_BASIC_SMALL",
      "x": 63.869,
      "y": -43.686
    },
    "block_76": {
      "angle": 135,
      "id": "STONE_BLOCK_10X1",
      "x": 87.667,
      "y": -19.077
    },
    "block_77": {
      "angle": 357,
      "id": "MISC_GIFT_4X5",
      "x": 115.216,
      "y": -4.344
    },
    "block_78": {
      "angle": 357,
      "id": "MISC_GIFT_4X5",
      "x": 103.894,
      "y": -2.969
    },
    "block_79": {
      "angle": 315,
      "id": "ICE_BLOCK_4X1",
      "x": 96.191,
      "y": -20.978
    },
    "block_8": {
      "angle": 135,
      "id": "SNOW_BLOCK_4X4",
      "x": 62.108,
      "y": -5.633
    },
    "block_80": {
      "angle": 315,
      "id": "ICE_BLOCK_4X1",
      "x": 99.142,
      "y": -23.811
    },
    "block_81": {
      "angle": 45,
      "id": "STONE_BLOCK_2X1",
      "x": 57.377,
      "y": -14.045
    },
    "block_82": {
      "angle": 135,
      "id": "STONE_BLOCK_2X1",
      "x": 55.547,
      "y": -13.632
    },
    "block_83": {
      "angle": 344,
      "id": "BLOCK_ROPE_THIN",
      "x": 62.418,
      "y": -48.195
    },
    "block_84": {
      "angle": 0,
      "id": "MISC_HAT_ELF_3X2",
      "x": 65.25,
      "y": -9.821
    },
    "block_85": {
      "angle": 0,
      "id": "MISC_HAT_ELF_6X3",
      "x": 102.41,
      "y": -16.155
    },
    "block_86": {
      "angle": 135,
      "id": "ICE_BLOCK_10X1",
      "x": 62.118,
      "y": -16.836
    },
    "block_87": {
      "angle": 135,
      "id": "ICE_BLOCK_10X1",
      "x": 71.844,
      "y": -19.98
    },
    "block_88": {
      "angle": 45,
      "id": "MISC_EXPLOSIVE_TNT",
      "x": 87.085,
      "y": -15.151
    },
    "block_89": {
      "angle": 45,
      "id": "WOOD_BLOCK_2X1",
      "x": 58.752,
      "y": -12.744
    },
    "block_9": {
      "angle": 135,
      "id": "SNOW_BLOCK_4X4",
      "x": 67.617,
      "y": -0.096
    },
    "block_90": {
      "angle": 135,
      "id": "WOOD_BLOCK_2X1",
      "x": 71.89,
      "y": -13.429
    },
    "block_91": {
      "angle": 135,
      "id": "WOOD_BLOCK_2X1",
      "x": 94.029,
      "y": -18.844
    },
    "block_92": {
      "angle": 135,
      "id": "WOOD_BLOCK_2X1",
      "x": 77.957,
      "y": -19.218
    },
    "block_93": {
      "angle": 225,
      "id": "WOOD_BLOCK_2X1",
      "x": 104.116,
      "y": -27.741
    },
    "block_94": {
      "angle": 45,
      "id": "WOOD_BLOCK_8X1",
      "x": 62.347,
      "y": -9.109
    },
    "block_95": {
      "angle": 135,
      "id": "WOOD_BLOCK_8X1",
      "x": 68.255,
      "y": -9.834
    },
    "block_96": {
      "angle": 45,
      "id": "WOOD_BLOCK_8X1",
      "x": 84.485,
      "y": -14.524
    },
    "block_97": {
      "angle": 135,
      "id": "WOOD_BLOCK_8X1",
      "x": 90.393,
      "y": -15.249
    },
    "block_98": {
      "angle": 135,
      "id": "WOOD_BLOCK_8X1",
      "x": 47.683,
      "y": -5.754
    },
    "block_99": {
      "angle": 225,
      "id": "WOOD_BLOCK_8X1",
      "x": 107.83,
      "y": -24.097
    },
    "joint_1": {
      "backAndForth": false,
      "collideConnected": false,
      "index1": 82,
      "index2": 74,
      "limit": false,
      "lowerLimit": 0,
      "maxTorque": 10000,
      "motor": false,
      "motorSpeed": 0,
      "type": 3,
      "upperLimit": 3.141590118408203,
      "x1": 0,
      "x2": 0,
      "y1": 0,
      "y2": 0
    },
    "joint_2": {
      "backAndForth": false,
      "collideConnected": false,
      "index1": 51,
      "index2": 82,
      "limit": false,
      "lowerLimit": 0,
      "maxTorque": 10000,
      "motor": false,
      "motorSpeed": 0,
      "type": 3,
      "upperLimit": 3.141590118408203,
      "x1": 0.027378100901842117,
      "x2": -0.011241399683058262,
      "y1": 1.5096499919891357,
      "y2": -3.1154398918151855
    },
    "joint_3": {
      "collideConnected": false,
      "index1": 83,
      "index2": 69,
      "type": 2,
      "x1": 0,
      "x2": 0,
      "y1": 0,
      "y2": 0
    },
    "joint_4": {
      "collideConnected": false,
      "index1": 84,
      "index2": 108,
      "type": 2,
      "x1": 0,
      "x2": 0,
      "y1": 0,
      "y2": 0
    }
  }
}
