{
  "camera": [
    {
      "bottom": 14.953,
      "id": "Slingshot",
      "left": 18.498,
      "right": 112.615,
      "top": -55.635,
      "x": 65.557,
      "y": -20.341
    },
    {
      "bottom": 11.737,
      "id": "Castle",
      "left": 66.92,
      "right": 153.115,
      "top": -52.909,
      "x": 110.018,
      "y": -20.586
    }
  ],
  "counts": {
    "birds": 4,
    "blocks": 73
  },
  "id": "pack6/LevelP3_225.lua",
  "scoreEagle": 115000,
  "scoreGold": 115000,
  "scoreSilver": 105000,
  "theme": "BACKGROUND_FOREST",
  "world": {
    "bird_1": {
      "angle": 0,
      "id": "BIRD_GREEN",
      "x": 36.882,
      "y": -21.037
    },
    "bird_2": {
      "angle": 0,
      "id": "BIRD_GREEN",
      "x": 29.547,
      "y": -21.012
    },
    "bird_3": {
      "angle": 0,
      "id": "BIRD_YELLOW",
      "x": 25.36,
      "y": -20.591
    },
    "bird_4": {
      "angle": 0,
      "id": "BIRD_YELLOW",
      "x": 21.85,
      "y": -20.545
    },
    "block_1": {
      "angle": 0,
      "id": "PIG_BASIC_MEDIUM",
      "x": 113.56,
      "y": -1.844
    },
    "block_10": {
      "angle": 359.84,
      "id": "WOOD_BLOCK_4X4_HOLLOW",
      "x": 125.348,
      "y": -15.91
    },
    "block_11": {
      "angle": 0.225,
      "id": "WOOD_BLOCK_4X4_HOLLOW",
      "x": 107.129,
      "y": -11.92
    },
    "block_12": {
      "angle": 0.117,
      "id": "WOOD_BLOCK_4X4_HOLLOW",
      "x": 107.194,
      "y": -15.83
    },
    "block_13": {
      "angle": 359.455,
      "id": "WOOD_BLOCK_4X4_HOLLOW",
      "x": 116.009,
      "y": -21.993
    },
    "block_14": {
      "angle": 359.449,
      "id": "WOOD_BLOCK_4X4_HOLLOW",
      "x": 115.964,
      "y": -25.912
    },
    "block_15": {
      "angle": 0.709,
      "id": "WOOD_BLOCK_4X4_HOLLOW",
      "x": 98.567,
      "y": -21.835
    },
    "block_16": {
      "angle": 0.72,
      "id": "WOOD_BLOCK_4X4_HOLLOW",
      "x": 98.611,
      "y": -25.752
    },
    "block_17": {
      "angle": 0.059,
      "id": "WOOD_BLOCK_4X4_HOLLOW",
      "x": 107.218,
      "y": -24.768
    },
    "block_18": {
      "angle": 0.05,
      "id": "WOOD_BLOCK_4X4_HOLLOW",
      "x": 107.125,
      "y": -20.852
    },
    "block_19": {
      "angle": 0.088,
      "id": "WOOD_BLOCK_4X4_HOLLOW",
      "x": 89.563,
      "y": -15.901
    },
    "block_2": {
      "angle": 0,
      "id": "PIG_BASIC_MEDIUM",
      "x": 95.71,
      "y": -1.862
    },
    "block_20": {
      "angle": 0.088,
      "id": "WOOD_BLOCK_4X4_HOLLOW",
      "x": 89.488,
      "y": -11.981
    },
    "block_21": {
      "angle": 0.037,
      "id": "WOOD_BLOCK_4X4_HOLLOW",
      "x": 107.299,
      "y": -5.903
    },
    "block_22": {
      "angle": 0.012,
      "id": "WOOD_BLOCK_4X4_HOLLOW",
      "x": 107.207,
      "y": -1.984
    },
    "block_23": {
      "angle": 0.088,
      "id": "WOOD_BLOCK_4X4_HOLLOW",
      "x": 88.753,
      "y": -2.063
    },
    "block_24": {
      "angle": 0.088,
      "id": "WOOD_BLOCK_4X4_HOLLOW",
      "x": 126.001,
      "y": -2.064
    },
    "block_25": {
      "angle": 0,
      "id": "TERRAIN_TEXTURED_HILLS_10X10",
      "x": 31.66,
      "y": -14.649
    },
    "block_26": {
      "angle": 0,
      "id": "TERRAIN_TEXTURED_HILLS_10X10",
      "x": 41.16,
      "y": -14.649
    },
    "block_27": {
      "angle": 0,
      "id": "TERRAIN_TEXTURED_HILLS_10X10",
      "x": 41.179,
      "y": -5.15
    },
    "block_28": {
      "angle": 0,
      "id": "TERRAIN_TEXTURED_HILLS_10X10",
      "x": 31.679,
      "y": -5.15
    },
    "block_29": {
      "angle": 0,
      "id": "TERRAIN_TEXTURED_HILLS_10X10",
      "x": 22.464,
      "y": -5.156
    },
    "block_3": {
      "angle": 0,
      "id": "PIG_BASIC_MEDIUM",
      "x": 100.96,
      "y": -1.844
    },
    "block_30": {
      "angle": 0,
      "id": "TERRAIN_TEXTURED_HILLS_10X10",
      "x": 22.445,
      "y": -14.656
    },
    "block_31": {
      "angle": 0.341,
      "id": "STONE_BLOCK_10X1",
      "x": 97.951,
      "y": -9.453
    },
    "block_32": {
      "angle": 359.79,
      "id": "STONE_BLOCK_10X1",
      "x": 116.338,
      "y": -9.409
    },
    "block_33": {
      "angle": 90,
      "id": "WOOD_BLOCK_1X1",
      "x": 109.438,
      "y": -30.285
    },
    "block_34": {
      "angle": 90,
      "id": "WOOD_BLOCK_1X1",
      "x": 105.002,
      "y": -30.235
    },
    "block_35": {
      "angle": 179.891,
      "id": "WOOD_BLOCK_10X1",
      "x": 125.234,
      "y": -8.43
    },
    "block_36": {
      "angle": 359.548,
      "id": "WOOD_BLOCK_10X1",
      "x": 124.933,
      "y": -18.424
    },
    "block_37": {
      "angle": 180.043,
      "id": "WOOD_BLOCK_10X1",
      "x": 107.011,
      "y": -8.404
    },
    "block_38": {
      "angle": 0.025,
      "id": "WOOD_BLOCK_10X1",
      "x": 107.006,
      "y": -18.314
    },
    "block_39": {
      "angle": 180.078,
      "id": "WOOD_BLOCK_10X1",
      "x": 89.193,
      "y": -8.479
    },
    "block_4": {
      "angle": 359.933,
      "id": "PIG_BASIC_MEDIUM",
      "x": 118.908,
      "y": -1.85
    },
    "block_40": {
      "angle": 0.266,
      "id": "WOOD_BLOCK_10X1",
      "x": 89.518,
      "y": -18.419
    },
    "block_41": {
      "angle": 0.867,
      "id": "WOOD_BLOCK_10X1",
      "x": 98.391,
      "y": -28.328
    },
    "block_42": {
      "angle": 359.165,
      "id": "WOOD_BLOCK_10X1",
      "x": 115.945,
      "y": -28.32
    },
    "block_43": {
      "angle": 180.723,
      "id": "WOOD_BLOCK_10X1",
      "x": 98.478,
      "y": -19.398
    },
    "block_44": {
      "angle": 179.355,
      "id": "WOOD_BLOCK_10X1",
      "x": 115.961,
      "y": -19.395
    },
    "block_45": {
      "angle": 180.016,
      "id": "WOOD_BLOCK_10X1",
      "x": 107.183,
      "y": -29.301
    },
    "block_46": {
      "angle": 0.01,
      "id": "WOOD_BLOCK_10X1",
      "x": 107.039,
      "y": -38.241
    },
    "block_47": {
      "angle": 0.079,
      "id": "WOOD_BLOCK_10X1",
      "x": 88.005,
      "y": -9.389
    },
    "block_48": {
      "angle": 90,
      "id": "WOOD_BLOCK_10X1",
      "x": 104.212,
      "y": -23.836
    },
    "block_49": {
      "angle": 90,
      "id": "WOOD_BLOCK_10X1",
      "x": 110.21,
      "y": -23.685
    },
    "block_5": {
      "angle": 270,
      "id": "WOOD_TRIANGLE_4X4",
      "x": 91.258,
      "y": -20.812
    },
    "block_50": {
      "angle": 358.186,
      "id": "PIG_HELMET",
      "x": 114.49,
      "y": -11.9
    },
    "block_51": {
      "angle": 3.458,
      "id": "PIG_HELMET",
      "x": 99.819,
      "y": -11.908
    },
    "block_52": {
      "angle": 358.186,
      "id": "PIG_HELMET",
      "x": 107.271,
      "y": -31.747
    },
    "block_53": {
      "angle": 90.047,
      "id": "WOOD_BLOCK_8X1",
      "x": 122.212,
      "y": -4.062
    },
    "block_54": {
      "angle": 89.953,
      "id": "WOOD_BLOCK_8X1",
      "x": 129.304,
      "y": -4.064
    },
    "block_55": {
      "angle": 90.504,
      "id": "WOOD_BLOCK_8X1",
      "x": 120.45,
      "y": -13.926
    },
    "block_56": {
      "angle": 90.424,
      "id": "WOOD_BLOCK_8X1",
      "x": 129.518,
      "y": -13.981
    },
    "block_57": {
      "angle": 88.395,
      "id": "WOOD_BLOCK_8X1",
      "x": 110.25,
      "y": -13.873
    },
    "block_58": {
      "angle": 90.177,
      "id": "WOOD_BLOCK_8X1",
      "x": 103.388,
      "y": -3.958
    },
    "block_59": {
      "angle": 91.692,
      "id": "WOOD_BLOCK_8X1",
      "x": 104.03,
      "y": -13.907
    },
    "block_6": {
      "angle": 0,
      "id": "WOOD_TRIANGLE_4X4",
      "x": 123.112,
      "y": -20.913
    },
    "block_60": {
      "angle": 89.797,
      "id": "WOOD_BLOCK_8X1",
      "x": 110.623,
      "y": -3.957
    },
    "block_61": {
      "angle": 89.491,
      "id": "WOOD_BLOCK_8X1",
      "x": 94.081,
      "y": -13.934
    },
    "block_62": {
      "angle": 90.041,
      "id": "WOOD_BLOCK_8X1",
      "x": 85.125,
      "y": -4.013
    },
    "block_63": {
      "angle": 89.884,
      "id": "WOOD_BLOCK_8X1",
      "x": 84.988,
      "y": -13.967
    },
    "block_64": {
      "angle": 89.958,
      "id": "WOOD_BLOCK_8X1",
      "x": 92.014,
      "y": -4.011
    },
    "block_65": {
      "angle": 90.534,
      "id": "WOOD_BLOCK_8X1",
      "x": 93.795,
      "y": -23.925
    },
    "block_66": {
      "angle": 89.991,
      "id": "WOOD_BLOCK_8X1",
      "x": 120.551,
      "y": -23.909
    },
    "block_67": {
      "angle": 89.459,
      "id": "WOOD_BLOCK_8X1",
      "x": 102.593,
      "y": -33.768
    },
    "block_68": {
      "angle": 90.114,
      "id": "WOOD_BLOCK_8X1",
      "x": 111.65,
      "y": -33.767
    },
    "block_69": {
      "angle": 0.35,
      "id": "WOOD_BLOCK_8X1",
      "x": 107.146,
      "y": -9.432
    },
    "block_7": {
      "angle": 0,
      "id": "WOOD_TRIANGLE_4X4",
      "x": 114.292,
      "y": -30.742
    },
    "block_70": {
      "angle": 0,
      "id": "WOOD_BLOCK_8X1",
      "x": 125.894,
      "y": -9.315
    },
    "block_71": {
      "angle": 89.534,
      "id": "WOOD_BLOCK_8X1",
      "x": 102.901,
      "y": -23.836
    },
    "block_72": {
      "angle": 90.534,
      "id": "WOOD_BLOCK_8X1",
      "x": 111.469,
      "y": -23.635
    },
    "block_73": {
      "angle": 0.061,
      "id": "WOOD_BLOCK_4X2",
      "x": 107.213,
      "y": -27.743
    },
    "block_8": {
      "angle": 270,
      "id": "WOOD_TRIANGLE_4X4",
      "x": 100.129,
      "y": -30.792
    },
    "block_9": {
      "angle": 359.841,
      "id": "WOOD_BLOCK_4X4_HOLLOW",
      "x": 125.293,
      "y": -11.988
    }
  }
}
