{"camera":[{"id":"Slingshot","x":54.867,"y":-28.71,"left":-4.383338235294126,"right":114.11733823529411,"bottom":15.662500000000001,"top":-73.08250000000001},{"id":"Castle","x":74.739,"y":-26.912,"left":21.62634117647059,"right":127.85165882352942,"bottom":12.864000000000004,"top":-66.688}],"counts":{"birds":4,"blocks":127,"joints":22},"id":"easter-5","theme":"BACKGROUND_EASTER","world":{"bird_1":{"id":"BIRD_BLUE","x":16.183,"y":-8.249,"angle":0},"bird_2":{"id":"BIRD_BLACK","x":9.222,"y":-9.223,"angle":0},"bird_3":{"id":"BIRD_WHITE","x":6.13,"y":-9.47,"angle":0},"bird_4":{"id":"BIRD_RED","x":2.591,"y":-8.827,"angle":0},"block_1":{"id":"STONE_BLOCK_4X2","x":103.885,"y":-9.95,"angle":269.962},"block_2":{"id":"STONE_BLOCK_4X2","x":101.8,"y":-9.949,"angle":269.973},"block_3":{"id":"STONE_BLOCK_4X2","x":97.537,"y":-9.946,"angle":269.978},"block_4":{"id":"STONE_BLOCK_4X2","x":95.449,"y":-9.945,"angle":269.976},"block_5":{"id":"STONE_BLOCK_4X2","x":95.355,"y":-2.058,"angle":270.007},"block_6":{"id":"STONE_BLOCK_4X2","x":97.442,"y":-2.058,"angle":269.992},"block_7":{"id":"STONE_BLOCK_4X2","x":83.137,"y":-11.735,"angle":179.992},"block_8":{"id":"STONE_BLOCK_4X2","x":87.462,"y":-11.748,"angle":180.156},"block_9":{"id":"STONE_BLOCK_4X2","x":103.786,"y":-2.059,"angle":269.998},"block_10":{"id":"TERRAIN_TEXTURED_HILLS_5X2","x":0.056,"y":-5.186,"angle":0.01799999999997226},"block_11":{"id":"TERRAIN_TEXTURED_HILLS_5X2","x":0,"y":-2.067,"angle":90.019},"block_12":{"id":"TERRAIN_TEXTURED_HILLS_5X2","x":7.437,"y":-5.15,"angle":0.01799999999997226},"block_13":{"id":"TERRAIN_TEXTURED_HILLS_5X2","x":7.382,"y":-2.03,"angle":90.019},"block_14":{"id":"TERRAIN_TEXTURED_HILLS_5X2","x":16.432,"y":-4.982,"angle":0.01799999999997226},"block_15":{"id":"TERRAIN_TEXTURED_HILLS_5X2","x":16.377,"y":-1.863,"angle":90.019},"block_16":{"id":"WOOD_BLOCK_4X1","x":106.624,"y":-19.227,"angle":135},"block_17":{"id":"MISC_ESTRADE_7X2","x":16.321,"y":-6.82,"angle":0.01799999999997226},"block_18":{"id":"STONE_BLOCK_4X1","x":67.719,"y":-2.058,"angle":89.98599999999999},"block_19":{"id":"MISC_ESTRADE_7X2","x":0.028,"y":-6.996,"angle":0.01799999999997226},"block_20":{"id":"STONE_BLOCK_4X1","x":64.621,"y":-2.059,"angle":90.03800000000001},"block_21":{"id":"WOOD_BLOCK_4X1","x":78.905,"y":-2.31,"angle":270},"block_22":{"id":"WOOD_BLOCK_4X1","x":77.794,"y":-19.704436974655977,"angle":270},"block_23":{"id":"MISC_ESTRADE_7X2","x":7.298,"y":-6.932,"angle":0.01799999999997226},"block_24":{"id":"WOOD_BLOCK_4X1","x":70.417,"y":-2.275,"angle":270},"block_25":{"id":"WOOD_BLOCK_4X1","x":79.077,"y":-4.603,"angle":360},"block_26":{"id":"WOOD_BLOCK_4X1","x":70.489,"y":-4.568,"angle":360},"block_27":{"id":"WOOD_BLOCK_8X1","x":109.043,"y":-20.493,"angle":180},"block_28":{"id":"STONE_BLOCK_4X2","x":66.222,"y":-5.058,"angle":180.029},"block_29":{"id":"STONE_BLOCK_4X2","x":74.879,"y":-8.964,"angle":179.972},"block_30":{"id":"WOOD_BLOCK_4X1","x":79.011,"y":-22.162436974655975,"angle":360},"block_31":{"id":"STONE_BLOCK_8X1","x":73.315,"y":-4.012,"angle":90.12900000000002},"block_32":{"id":"STONE_BLOCK_8X1","x":76.411,"y":-4.013,"angle":89.87299999999999},"block_33":{"id":"STONE_BLOCK_8X1","x":85.337,"y":-10.189,"angle":179.99099999999999},"block_34":{"id":"ICE_BLOCK_2X1","x":98.157,"y":-25.6,"angle":360},"block_35":{"id":"ICE_BLOCK_4X2","x":83.26,"y":-21.852,"angle":91.47500000000002},"block_36":{"id":"ICE_BLOCK_4X2","x":87.3,"y":-14.753,"angle":90.31799999999998},"block_37":{"id":"ICE_BLOCK_4X2","x":87.313,"y":-19.814,"angle":269.58400000000006},"block_38":{"id":"ICE_BLOCK_4X2","x":96.46,"y":-21.992,"angle":359.49500000000006},"block_39":{"id":"ICE_BLOCK_4X2","x":66.269,"y":-8.057,"angle":90.16500000000002},"block_40":{"id":"B_EASTEREGG_2","x":119.423,"y":-10.58,"angle":360},"block_41":{"id":"ICE_BLOCK_4X2","x":74.716,"y":-14.965436974655976,"angle":91.969},"block_42":{"id":"B_EASTEREGG_2","x":61.669,"y":-1.345,"angle":360},"block_43":{"id":"ICE_BLOCK_4X2","x":84.096,"y":-14.733,"angle":90.017},"block_44":{"id":"B_EASTEREGG_3","x":60.543,"y":-3.597,"angle":360},"block_45":{"id":"ICE_BLOCK_4X2","x":66.303,"y":-15.079436974655977,"angle":90.464},"block_46":{"id":"ICE_BLOCK_4X1","x":96.44,"y":-23.55,"angle":179.08700000000002},"block_47":{"id":"ICE_BLOCK_4X1","x":86.254,"y":-17.288,"angle":180.242},"block_48":{"id":"WOOD_BLOCK_2X1","x":112.031,"y":-21.485,"angle":360},"block_49":{"id":"ICE_BLOCK_4X1","x":102.86988231597037,"y":-21.434509807002467,"angle":179.91699999999997},"block_50":{"id":"WOOD_BLOCK_2X1","x":81.305,"y":-22.8,"angle":112.5},"block_51":{"id":"ICE_BLOCK_4X1","x":93.442,"y":-27.676,"angle":179.217},"block_52":{"id":"B_EASTEREGG_3","x":43.678,"y":-1.339,"angle":360},"block_53":{"id":"WOOD_BLOCK_2X1","x":76.836,"y":-22.832436974655977,"angle":67.5},"block_54":{"id":"ICE_BLOCK_4X1","x":84.102,"y":-27.5,"angle":178.88},"block_55":{"id":"B_EASTEREGG_3","x":118.297,"y":-12.832,"angle":360},"block_56":{"id":"ICE_BLOCK_4X1","x":74.834,"y":-18.526436974655976,"angle":180.60300000000004},"block_57":{"id":"ICE_BLOCK_4X2","x":66.339,"y":-21.080436974655978,"angle":270.42},"block_58":{"id":"B_EASTEREGG_2","x":41.289,"y":-1.375,"angle":360},"block_59":{"id":"ICE_BLOCK_4X2","x":66.134,"y":-18.080436974655978,"angle":0.4309999999999832},"block_60":{"id":"STONE_BLOCK_10X1","x":82.765,"y":-4.865,"angle":90.00900000000001},"block_61":{"id":"STONE_BLOCK_10X1","x":87.928,"y":-4.865,"angle":89.99200000000002},"block_62":{"id":"ICE_BLOCK_4X2","x":92.956,"y":-30.188,"angle":89.18700000000001},"block_63":{"id":"STONE_BLOCK_10X1","x":89.026,"y":-4.865,"angle":89.993},"block_64":{"id":"STONE_BLOCK_4X4_HOLLOW","x":96.458,"y":-6.002,"angle":179.98900000000006},"block_65":{"id":"ICE_BLOCK_4X2","x":93.42,"y":-26.125,"angle":359.235},"block_66":{"id":"STONE_BLOCK_10X1","x":99.786,"y":-16.387,"angle":179.898},"block_67":{"id":"ICE_BLOCK_4X2","x":84.084,"y":-25.952,"angle":358.87399999999997},"block_68":{"id":"ICE_BLOCK_4X2","x":84.606,"y":-30.029,"angle":88.894},"block_69":{"id":"ICE_BLOCK_4X2","x":74.58,"y":-21.042436974655978,"angle":270.443},"block_70":{"id":"ICE_BLOCK_4X2","x":74.47,"y":-26.070436974655976,"angle":270.5},"block_71":{"id":"STONE_BLOCK_4X4_HOLLOW","x":96.552,"y":-13.89,"angle":179.95999999999998},"block_72":{"id":"STONE_BLOCK_4X4_HOLLOW","x":102.807,"y":-6.004,"angle":179.982},"block_73":{"id":"STONE_BLOCK_4X4_HOLLOW","x":102.896,"y":-13.895,"angle":179.949},"block_74":{"id":"STONE_BLOCK_10X1","x":81.689,"y":-4.865,"angle":90.04700000000003},"block_75":{"id":"B_EASTEREGG_1","x":42.604,"y":-3.545,"angle":360},"block_76":{"id":"B_EASTEREGG_1","x":117.077,"y":-10.58,"angle":360},"block_77":{"id":"B_EASTEREGG_1","x":59.323,"y":-1.345,"angle":360},"block_78":{"id":"ICE_BLOCK_4X2","x":79.857,"y":-19.844436974655977,"angle":90},"block_79":{"id":"WOOD_BLOCK_4X1","x":91.76,"y":-2.241,"angle":270},"block_80":{"id":"WOOD_BLOCK_4X1","x":91.932,"y":-4.534,"angle":360},"block_81":{"id":"ICE_BLOCK_2X2","x":66.196,"y":-11.077,"angle":90.33699999999999},"block_82":{"id":"ICE_BLOCK_2X2","x":74.7,"y":-11.003,"angle":89.91700000000003},"block_83":{"id":"STONE_BLOCK_2X2","x":99.778,"y":-17.94,"angle":179.898},"block_84":{"id":"STONE_BLOCK_2X2","x":99.793,"y":-19.976,"angle":179.9},"block_85":{"id":"ICE_BLOCK_2X2","x":87.373,"y":-22.845,"angle":269.33},"block_86":{"id":"ICE_BLOCK_2X2","x":83.252,"y":-18.831,"angle":91.67399999999998},"block_87":{"id":"ICE_BLOCK_2X2","x":101.731,"y":-23.109,"angle":89.94400000000002},"block_88":{"id":"ICE_BLOCK_1X1","x":71.998,"y":-13.54,"angle":360},"block_89":{"id":"MISC_METAL_PILLAR","x":56.031,"y":-4.678,"angle":360},"block_90":{"id":"MISC_METAL_PILLAR","x":49.083,"y":-4.73,"angle":360},"block_91":{"id":"MISC_METAL_PILLAR","x":118.294,"y":-4.678,"angle":360},"block_92":{"id":"MISC_METAL_PILLAR","x":111.346,"y":-4.72,"angle":360},"block_93":{"id":"STONE_BLOCK_4X2","x":101.7,"y":-2.059,"angle":269.997},"block_94":{"id":"STONE_BLOCK_4X2","x":96.691,"y":-17.93,"angle":179.749},"block_95":{"id":"ICE_BLOCK_10X1","x":70.37,"y":-12.605,"angle":180.617},"block_96":{"id":"ICE_BLOCK_10X1","x":79.08,"y":-17.321436974655978,"angle":181.991},"block_97":{"id":"ICE_BLOCK_10X1","x":87.329,"y":-24.466,"angle":178.905},"block_98":{"id":"ICE_BLOCK_10X1","x":97.44,"y":-24.639,"angle":178.905},"block_99":{"id":"ICE_BLOCK_10X1","x":70.491,"y":-23.578436974655975,"angle":180.282},"block_100":{"id":"ICE_BLOCK_10X1","x":78.618,"y":-28.534436974655975,"angle":180.803},"block_101":{"id":"ICE_BLOCK_10X1","x":88.697,"y":-32.628,"angle":178.883},"block_102":{"id":"STONE_BLOCK_4X2","x":96.701,"y":-19.962,"angle":179.614},"block_103":{"id":"STONE_BLOCK_4X2","x":102.895,"y":-19.981,"angle":179.908},"block_104":{"id":"STONE_BLOCK_4X2","x":102.872,"y":-17.945,"angle":179.905},"block_105":{"id":"PIG_BASIC_SMALL","x":87.3325098070025,"y":-25.95350980700247,"angle":360},"block_106":{"id":"PIG_BASIC_SMALL","x":89.56050980700249,"y":-25.95350980700247,"angle":360},"block_107":{"id":"PIG_BASIC_SMALL","x":70.48,"y":-6.12,"angle":360},"block_108":{"id":"PIG_BASIC_SMALL","x":91.823,"y":-6.086,"angle":360},"block_109":{"id":"PIG_BASIC_SMALL","x":78.968,"y":-6.155,"angle":360},"block_110":{"id":"PIG_BASIC_SMALL","x":56.147,"y":-11.356,"angle":360},"block_111":{"id":"PIG_BASIC_MEDIUM","x":79.19198823431626,"y":-24.435436974655975,"angle":360},"block_112":{"id":"PIG_BASIC_MEDIUM","x":100.722,"y":-26.81,"angle":360},"block_113":{"id":"PIG_MUSTACHE","x":109.183,"y":-23.219,"angle":360},"block_114":{"id":"PIG_HELMET","x":69.706,"y":-15.030436974655977,"angle":360},"block_115":{"id":"PIG_BASIC_MEDIUM","x":69.816,"y":-26.314436974655976,"angle":360},"block_116":{"id":"PIG_BASIC_MEDIUM","x":111.637,"y":-11.752,"angle":360},"block_117":{"id":"BLOCK_COMBINE","x":107.751,"y":-20.339,"angle":360},"block_118":{"id":"B_EASTER_GRASS_2","x":49.335,"y":-10.523,"angle":360},"block_119":{"id":"B_EASTER_GRASS_2","x":111.598,"y":-10.513,"angle":360},"block_120":{"id":"B_EASTER_GRASS_2","x":78.748,"y":-30.005436974655975,"angle":360},"block_121":{"id":"B_EASTER_GRASS_2","x":69.603,"y":-24.996436974655975,"angle":360},"block_122":{"id":"B_EASTER_GRASS_1","x":88.594,"y":-33.803,"angle":360},"block_123":{"id":"B_EASTER_GRASS_1","x":56.028,"y":-10.123,"angle":360},"block_124":{"id":"B_PINK_BUNNY_HAT_2","x":69.316,"y":-17.536436974655977,"angle":360},"block_125":{"id":"B_PINK_BUNNY_HAT_1","x":78.88298823431626,"y":-26.459436974655976,"angle":360},"block_126":{"id":"B_PINK_BUNNY_HAT_1","x":108.968,"y":-25.584,"angle":360},"block_127":{"id":"B_PINK_BUNNY_HAT_1","x":100.505,"y":-28.741,"angle":360},"joint_1":{"type":2,"collideConnected":false,"index1":116,"index2":26,"x1":0,"x2":0,"y1":0,"y2":0},"joint_2":{"type":2,"collideConnected":false,"index1":115,"index2":91,"x1":0,"x2":0,"y1":0,"y2":0},"joint_3":{"type":2,"collideConnected":false,"index1":118,"index2":91,"x1":0,"x2":0,"y1":0,"y2":0},"joint_4":{"type":2,"collideConnected":false,"index1":52,"index2":29,"x1":0,"x2":0,"y1":0,"y2":0},"joint_5":{"type":2,"collideConnected":false,"index1":96,"index2":97,"x1":0,"x2":0,"y1":0,"y2":0},"joint_6":{"type":2,"collideConnected":false,"index1":114,"index2":120,"x1":0,"x2":0,"y1":0,"y2":0},"joint_7":{"type":2,"collideConnected":false,"index1":98,"index2":120,"x1":0,"x2":0,"y1":0,"y2":0},"joint_8":{"type":2,"collideConnected":false,"index1":114,"index2":98,"x1":0,"x2":0,"y1":0,"y2":0},"joint_9":{"type":2,"collideConnected":false,"index1":15,"index2":26,"x1":0,"x2":0,"y1":0,"y2":0},"joint_10":{"type":2,"collideConnected":false,"index1":29,"index2":49,"x1":0,"x2":0,"y1":0,"y2":0},"joint_11":{"type":2,"collideConnected":false,"index1":124,"index2":110,"x1":0,"x2":0,"y1":0,"y2":0},"joint_12":{"type":2,"collideConnected":false,"index1":89,"index2":117,"x1":0,"x2":0,"y1":0,"y2":0},"joint_13":{"type":2,"collideConnected":false,"index1":126,"index2":111,"x1":0,"x2":0,"y1":0,"y2":0},"joint_14":{"type":2,"collideConnected":false,"index1":119,"index2":99,"x1":0,"x2":0,"y1":0,"y2":0},"joint_15":{"type":2,"collideConnected":false,"index1":100,"index2":121,"x1":0,"x2":0,"y1":0,"y2":0},"joint_16":{"type":2,"collideConnected":false,"index1":15,"index2":116,"x1":0,"x2":0,"y1":0,"y2":0},"joint_17":{"type":2,"collideConnected":false,"index1":122,"index2":88,"x1":0,"x2":0,"y1":0,"y2":0},"joint_18":{"type":2,"collideConnected":false,"index1":26,"index2":102,"x1":0,"x2":0,"y1":0,"y2":0},"joint_19":{"type":2,"collideConnected":false,"index1":115,"index2":118,"x1":0,"x2":0,"y1":0,"y2":0},"joint_20":{"type":2,"collideConnected":false,"index1":125,"index2":112,"x1":0,"x2":0,"y1":0,"y2":0},"joint_21":{"type":2,"collideConnected":false,"index1":123,"index2":113,"x1":0,"x2":0,"y1":0,"y2":0},"joint_22":{"type":2,"collideConnected":false,"index1":109,"index2":122,"x1":0,"x2":0,"y1":0,"y2":0}}}