{
  "camera": [
    {
      "bottom": 10.334,
      "id": "Slingshot",
      "left": -16.554,
      "right": 76.78,
      "top": -59.666,
      "x": 45.077,
      "y": -24.666
    },
    {
      "bottom": 10.605,
      "id": "Castle",
      "left": 31.531,
      "right": 124.865,
      "top": -59.395,
      "x": 93.162,
      "y": -24.395
    }
  ],
  "counts": {
    "birds": 3,
    "blocks": 115,
    "joints": 3
  },
  "id": "packChristmas/LevelP1_660.lua",
  "theme": "BACKGROUND_XMAS",
  "world": {
    "bird_1": {
      "angle": 0,
      "id": "BIRD_YELLOW",
      "x": 14.982,
      "y": -14.671
    },
    "bird_2": {
      "angle": 0,
      "id": "BIRD_WHITE",
      "x": 4.975,
      "y": -13.922
    },
    "bird_3": {
      "angle": 0,
      "id": "BIRD_YELLOW",
      "x": 2.37,
      "y": -10.578
    },
    "block_1": {
      "angle": 359.997,
      "id": "MISC_HAT_ELF_6X3",
      "x": 66.044,
      "y": -4.459
    },
    "block_10": {
      "angle": 0,
      "id": "PIG_BASIC_SMALL",
      "x": 120.039,
      "y": -22.189
    },
    "block_100": {
      "angle": 359.998,
      "id": "PIG_BASIC_BIG",
      "x": 67.313,
      "y": -2.179
    },
    "block_101": {
      "angle": 179.951,
      "id": "WOOD_BLOCK_4X2",
      "x": 78.957,
      "y": -2.948
    },
    "block_102": {
      "angle": 269.951,
      "id": "WOOD_BLOCK_4X2",
      "x": 105.106,
      "y": -15.204
    },
    "block_103": {
      "angle": 269.951,
      "id": "WOOD_BLOCK_4X2",
      "x": 97.065,
      "y": -15.213
    },
    "block_104": {
      "angle": 269.951,
      "id": "WOOD_BLOCK_4X2",
      "x": 122.64,
      "y": -15.094
    },
    "block_105": {
      "angle": 269.951,
      "id": "WOOD_BLOCK_4X2",
      "x": 114.799,
      "y": -15.102
    },
    "block_106": {
      "angle": 179.951,
      "id": "WOOD_BLOCK_4X2",
      "x": 61.793,
      "y": -1.185
    },
    "block_107": {
      "angle": 179.951,
      "id": "WOOD_BLOCK_4X2",
      "x": 61.726,
      "y": -3.3
    },
    "block_108": {
      "angle": 179.951,
      "id": "WOOD_BLOCK_4X2",
      "x": 115.984,
      "y": -2.613
    },
    "block_109": {
      "angle": 269.951,
      "id": "WOOD_BLOCK_4X2",
      "x": 114.785,
      "y": -6.768
    },
    "block_11": {
      "angle": 0,
      "id": "PIG_BASIC_SMALL",
      "x": 118.835,
      "y": -14.784
    },
    "block_110": {
      "angle": 179.951,
      "id": "WOOD_BLOCK_4X2",
      "x": 83.281,
      "y": -5.949
    },
    "block_111": {
      "angle": 269.951,
      "id": "WOOD_BLOCK_4X2",
      "x": 86.299,
      "y": -19.25
    },
    "block_112": {
      "angle": 90,
      "id": "WOOD_BLOCK_4X1",
      "x": 98.514,
      "y": -23.42
    },
    "block_113": {
      "angle": 90,
      "id": "WOOD_BLOCK_4X1",
      "x": 103.8,
      "y": -23.42
    },
    "block_114": {
      "angle": 90,
      "id": "WOOD_BLOCK_4X1",
      "x": 122.484,
      "y": -23.309
    },
    "block_115": {
      "angle": 90,
      "id": "WOOD_BLOCK_4X1",
      "x": 116.098,
      "y": -23.309
    },
    "block_12": {
      "angle": 45,
      "id": "ICE_BLOCK_1X1",
      "x": 107.06,
      "y": -1.702
    },
    "block_13": {
      "angle": 45,
      "id": "ICE_BLOCK_1X1",
      "x": 107.805,
      "y": -1.021
    },
    "block_14": {
      "angle": 90,
      "id": "ICE_BLOCK_1X1",
      "x": 109.038,
      "y": -0.761
    },
    "block_15": {
      "angle": 90,
      "id": "ICE_BLOCK_1X1",
      "x": 110.172,
      "y": -0.761
    },
    "block_16": {
      "angle": 90,
      "id": "ICE_BLOCK_1X1",
      "x": 111.242,
      "y": -0.761
    },
    "block_17": {
      "angle": 90,
      "id": "ICE_BLOCK_1X1",
      "x": 112.215,
      "y": -0.761
    },
    "block_18": {
      "angle": 134.999,
      "id": "ICE_BLOCK_1X1",
      "x": 113.091,
      "y": -1.475
    },
    "block_19": {
      "angle": 224.999,
      "id": "ICE_BLOCK_1X1",
      "x": 107.708,
      "y": -2.512
    },
    "block_2": {
      "angle": 103.001,
      "id": "MISC_FOOD_HAM",
      "x": 109.898,
      "y": -13.077
    },
    "block_20": {
      "angle": 224.999,
      "id": "ICE_BLOCK_1X1",
      "x": 108.519,
      "y": -1.799
    },
    "block_21": {
      "angle": 269.999,
      "id": "ICE_BLOCK_1X1",
      "x": 109.686,
      "y": -1.669
    },
    "block_22": {
      "angle": 269.999,
      "id": "ICE_BLOCK_1X1",
      "x": 110.756,
      "y": -1.669
    },
    "block_23": {
      "angle": 269.999,
      "id": "ICE_BLOCK_1X1",
      "x": 111.923,
      "y": -1.734
    },
    "block_24": {
      "angle": 314.999,
      "id": "ICE_BLOCK_1X1",
      "x": 109.102,
      "y": -2.61
    },
    "block_25": {
      "angle": 44.999,
      "id": "ICE_BLOCK_1X1",
      "x": 112.799,
      "y": -2.642
    },
    "block_26": {
      "angle": 89.999,
      "id": "ICE_BLOCK_1X1",
      "x": 110.788,
      "y": -2.804
    },
    "block_27": {
      "angle": 359.997,
      "id": "MISC_GIFT_7X4",
      "x": 127.938,
      "y": -3.746
    },
    "block_28": {
      "angle": 0.107,
      "id": "STONE_BLOCK_10X1",
      "x": 86.334,
      "y": -16.809
    },
    "block_29": {
      "angle": 0.107,
      "id": "STONE_BLOCK_10X1",
      "x": 86.237,
      "y": -7.544
    },
    "block_3": {
      "angle": 359.997,
      "id": "MISC_GIFT_6X3",
      "x": 127.287,
      "y": -6.055
    },
    "block_30": {
      "angle": 0.107,
      "id": "STONE_BLOCK_10X1",
      "x": 101.274,
      "y": -4.35
    },
    "block_31": {
      "angle": 0.107,
      "id": "STONE_BLOCK_10X1",
      "x": 118.938,
      "y": -4.278
    },
    "block_32": {
      "angle": 0.107,
      "id": "STONE_BLOCK_10X1",
      "x": 101.257,
      "y": -9.465
    },
    "block_33": {
      "angle": 0.107,
      "id": "STONE_BLOCK_10X1",
      "x": 118.942,
      "y": -9.385
    },
    "block_34": {
      "angle": 0.107,
      "id": "STONE_BLOCK_10X1",
      "x": 75.972,
      "y": -4.51
    },
    "block_35": {
      "angle": 180.157,
      "id": "WOOD_BLOCK_10X1",
      "x": 101.191,
      "y": -12.687
    },
    "block_36": {
      "angle": 0.157,
      "id": "WOOD_BLOCK_10X1",
      "x": 101.13,
      "y": -17.763
    },
    "block_37": {
      "angle": 0.157,
      "id": "WOOD_BLOCK_10X1",
      "x": 101.144,
      "y": -20.822
    },
    "block_38": {
      "angle": 180.157,
      "id": "WOOD_BLOCK_10X1",
      "x": 118.775,
      "y": -12.577
    },
    "block_39": {
      "angle": 0.157,
      "id": "WOOD_BLOCK_10X1",
      "x": 118.713,
      "y": -17.653
    },
    "block_4": {
      "angle": 0,
      "id": "PIG_BASIC_SMALL",
      "x": 86.483,
      "y": -11.055
    },
    "block_40": {
      "angle": 0.157,
      "id": "WOOD_BLOCK_10X1",
      "x": 118.728,
      "y": -20.712
    },
    "block_41": {
      "angle": 0.157,
      "id": "WOOD_BLOCK_10X1",
      "x": 110.028,
      "y": -21.719
    },
    "block_42": {
      "angle": 359.997,
      "id": "MISC_GIFT_4X5",
      "x": 126.991,
      "y": -8.6
    },
    "block_43": {
      "angle": 359.997,
      "id": "WOOD_TRIANGLE_4X4",
      "x": 89.317,
      "y": -19.25
    },
    "block_44": {
      "angle": 0.021,
      "id": "STONE_BLOCK_4X2",
      "x": 89.208,
      "y": -5.992
    },
    "block_45": {
      "angle": 0.021,
      "id": "STONE_BLOCK_4X2",
      "x": 98.235,
      "y": -2.849
    },
    "block_46": {
      "angle": 0.021,
      "id": "STONE_BLOCK_4X2",
      "x": 104.271,
      "y": -2.778
    },
    "block_47": {
      "angle": 0.021,
      "id": "STONE_BLOCK_4X2",
      "x": 121.855,
      "y": -2.718
    },
    "block_48": {
      "angle": 90.021,
      "id": "STONE_BLOCK_4X2",
      "x": 122.975,
      "y": -6.835
    },
    "block_49": {
      "angle": 90.021,
      "id": "STONE_BLOCK_4X2",
      "x": 105.413,
      "y": -6.853
    },
    "block_5": {
      "angle": 0,
      "id": "PIG_BASIC_SMALL",
      "x": 84.183,
      "y": -11.014
    },
    "block_50": {
      "angle": 90.021,
      "id": "STONE_BLOCK_4X2",
      "x": 97.19,
      "y": -6.936
    },
    "block_51": {
      "angle": 0.021,
      "id": "WOOD_BLOCK_4X2",
      "x": 118.909,
      "y": -27.352
    },
    "block_52": {
      "angle": 90,
      "id": "STONE_BLOCK_8X1",
      "x": 81.74,
      "y": -12.183
    },
    "block_53": {
      "angle": 90,
      "id": "STONE_BLOCK_8X1",
      "x": 90.82,
      "y": -12.143
    },
    "block_54": {
      "angle": 269.997,
      "id": "STONE_CIRCLE_4X4",
      "x": 83.275,
      "y": -19.058
    },
    "block_55": {
      "angle": 0,
      "id": "STONE_BLOCK_1X1",
      "x": 110.008,
      "y": -22.761
    },
    "block_56": {
      "angle": 89.999,
      "id": "STONE_BLOCK_2X1",
      "x": 83.871,
      "y": -9.094
    },
    "block_57": {
      "angle": 89.999,
      "id": "STONE_BLOCK_2X1",
      "x": 86.86,
      "y": -9.094
    },
    "block_58": {
      "angle": 90,
      "id": "STONE_BLOCK_2X2",
      "x": 71.971,
      "y": -2.952
    },
    "block_59": {
      "angle": 0,
      "id": "BLOCK_ROPE_THIN",
      "x": 109.894,
      "y": -17.863
    },
    "block_6": {
      "angle": 0,
      "id": "PIG_BASIC_SMALL",
      "x": 100.245,
      "y": -22.35
    },
    "block_60": {
      "angle": 269.997,
      "id": "SNOW_CIRCLE_4X4",
      "x": 57.723,
      "y": -1.87
    },
    "block_61": {
      "angle": 90,
      "id": "TERRAIN_TEXTURED_HILLS_10X10",
      "x": 76.478,
      "y": 2.951
    },
    "block_62": {
      "angle": 90,
      "id": "TERRAIN_TEXTURED_HILLS_10X10",
      "x": 85.925,
      "y": -0.143
    },
    "block_63": {
      "angle": 90,
      "id": "TERRAIN_TEXTURED_HILLS_10X10",
      "x": 100.922,
      "y": 3.11
    },
    "block_64": {
      "angle": 90,
      "id": "TERRAIN_TEXTURED_HILLS_10X10",
      "x": 75.683,
      "y": 2.992
    },
    "block_65": {
      "angle": 90,
      "id": "TERRAIN_TEXTURED_HILLS_10X10",
      "x": 86.575,
      "y": -0.108
    },
    "block_66": {
      "angle": 90,
      "id": "TERRAIN_TEXTURED_HILLS_10X10",
      "x": 101.391,
      "y": 3.111
    },
    "block_67": {
      "angle": 135,
      "id": "TERRAIN_TEXTURED_HILLS_10X10",
      "x": 106.281,
      "y": 5.152
    },
    "block_68": {
      "angle": 90,
      "id": "TERRAIN_TEXTURED_HILLS_10X10",
      "x": 118.688,
      "y": 3.223
    },
    "block_69": {
      "angle": 135,
      "id": "TERRAIN_TEXTURED_HILLS_10X10",
      "x": 113.958,
      "y": 5.236
    },
    "block_7": {
      "angle": 0,
      "id": "PIG_BASIC_SMALL",
      "x": 117.74,
      "y": -22.086
    },
    "block_70": {
      "angle": 90,
      "id": "TERRAIN_TEXTURED_HILLS_10X10",
      "x": 125.983,
      "y": 3.249
    },
    "block_71": {
      "angle": 135,
      "id": "TERRAIN_TEXTURED_HILLS_10X10",
      "x": 130.873,
      "y": 5.29
    },
    "block_72": {
      "angle": 135,
      "id": "TERRAIN_TEXTURED_HILLS_10X10",
      "x": 96.173,
      "y": 5.141
    },
    "block_73": {
      "angle": 135,
      "id": "TERRAIN_TEXTURED_HILLS_10X10",
      "x": 91.416,
      "y": 1.929
    },
    "block_74": {
      "angle": 0,
      "id": "TERRAIN_TEXTURED_HILLS_10X10",
      "x": 27.635,
      "y": 0.694
    },
    "block_75": {
      "angle": 45,
      "id": "TERRAIN_TEXTURED_HILLS_10X10",
      "x": 23.018,
      "y": -1.878
    },
    "block_76": {
      "angle": 90,
      "id": "TERRAIN_TEXTURED_HILLS_10X10",
      "x": 18.269,
      "y": -3.923
    },
    "block_77": {
      "angle": 135,
      "id": "TERRAIN_TEXTURED_HILLS_10X10",
      "x": 16.093,
      "y": -6.957
    },
    "block_78": {
      "angle": 180,
      "id": "TERRAIN_TEXTURED_HILLS_10X10",
      "x": 11.41,
      "y": -8.935
    },
    "block_79": {
      "angle": 225.001,
      "id": "TERRAIN_TEXTURED_HILLS_10X10",
      "x": 6.661,
      "y": -6.957
    },
    "block_8": {
      "angle": 0,
      "id": "PIG_BASIC_SMALL",
      "x": 101.197,
      "y": -14.881
    },
    "block_80": {
      "angle": 315.001,
      "id": "TERRAIN_TEXTURED_HILLS_10X10",
      "x": 0,
      "y": -0.176
    },
    "block_81": {
      "angle": 315.001,
      "id": "TERRAIN_TEXTURED_HILLS_10X10",
      "x": 10.894,
      "y": -0.749
    },
    "block_82": {
      "angle": 45,
      "id": "TERRAIN_TEXTURED_HILLS_10X10",
      "x": 32.341,
      "y": 2.674
    },
    "block_83": {
      "angle": 333,
      "id": "TERRAIN_TEXTURED_HILLS_10X2",
      "x": 30.113,
      "y": -2.633
    },
    "block_84": {
      "angle": 288,
      "id": "TERRAIN_TEXTURED_HILLS_10X2",
      "x": 30.871,
      "y": -1.875
    },
    "block_85": {
      "angle": 180.108,
      "id": "WOOD_BLOCK_2X2",
      "x": 114.785,
      "y": -10.973
    },
    "block_86": {
      "angle": 180.108,
      "id": "WOOD_BLOCK_2X2",
      "x": 105.373,
      "y": -11.1
    },
    "block_87": {
      "angle": 180.108,
      "id": "WOOD_BLOCK_2X2",
      "x": 105.221,
      "y": -19.239
    },
    "block_88": {
      "angle": 180.108,
      "id": "WOOD_BLOCK_2X2",
      "x": 114.751,
      "y": -19.158
    },
    "block_89": {
      "angle": 180.108,
      "id": "WOOD_BLOCK_2X2",
      "x": 122.997,
      "y": -10.995
    },
    "block_9": {
      "angle": 0,
      "id": "PIG_BASIC_SMALL",
      "x": 110.005,
      "y": -4.094
    },
    "block_90": {
      "angle": 180.108,
      "id": "WOOD_BLOCK_2X2",
      "x": 97.139,
      "y": -11.03
    },
    "block_91": {
      "angle": 180.108,
      "id": "WOOD_BLOCK_2X2",
      "x": 97.13,
      "y": -19.286
    },
    "block_92": {
      "angle": 270.22,
      "id": "WOOD_BLOCK_2X1",
      "x": 122.853,
      "y": -19.129
    },
    "block_93": {
      "angle": 359.997,
      "id": "WOOD_BLOCK_2X1",
      "x": 102.222,
      "y": -21.781
    },
    "block_94": {
      "angle": 359.997,
      "id": "WOOD_BLOCK_2X1",
      "x": 102.981,
      "y": -13.641
    },
    "block_95": {
      "angle": 359.997,
      "id": "WOOD_BLOCK_2X1",
      "x": 99.304,
      "y": -13.681
    },
    "block_96": {
      "angle": 359.997,
      "id": "WOOD_BLOCK_2X1",
      "x": 120.619,
      "y": -13.544
    },
    "block_97": {
      "angle": 359.997,
      "id": "WOOD_BLOCK_2X1",
      "x": 116.942,
      "y": -13.584
    },
    "block_98": {
      "angle": 180,
      "id": "WOOD_BLOCK_8X1",
      "x": 101.228,
      "y": -25.944
    },
    "block_99": {
      "angle": 180,
      "id": "WOOD_BLOCK_8X1",
      "x": 119.312,
      "y": -25.833
    },
    "joint_1": {
      "collideConnected": false,
      "index1": 0,
      "index2": 99,
      "type": 2,
      "x1": 0,
      "x2": 0,
      "y1": 0,
      "y2": 0
    },
    "joint_2": {
      "backAndForth": false,
      "collideConnected": false,
      "index1": 54,
      "index2": 58,
      "limit": false,
      "lowerLimit": 0,
      "maxTorque": 10000,
      "motor": false,
      "motorSpeed": 0,
      "type": 3,
      "upperLimit": 3.141590118408203,
      "x1": 0,
      "x2": -0.0368443988263607,
      "y1": 0,
      "y2": -3.020709991455078
    },
    "joint_3": {
      "backAndForth": false,
      "collideConnected": false,
      "index1": 1,
      "index2": 58,
      "limit": false,
      "lowerLimit": 0,
      "maxTorque": 10000,
      "motor": false,
      "motorSpeed": 0,
      "type": 3,
      "upperLimit": 3.141590118408203,
      "x1": -1.1091400384902954,
      "x2": 0.03312600031495094,
      "y1": 0.3358129858970642,
      "y2": 2.527899980545044
    }
  }
}
