{
  "camera": [
    {
      "bottom": 11.688,
      "id": "Slingshot",
      "left": -43.188,
      "right": 59.773,
      "top": -65.533,
      "x": 46.179,
      "y": -26.923
    },
    {
      "bottom": 12.202,
      "id": "Castle",
      "left": 2.297,
      "right": 105.258,
      "top": -65.018,
      "x": 91.664,
      "y": -26.408
    }
  ],
  "counts": {
    "birds": 3,
    "blocks": 137,
    "joints": 5
  },
  "id": "packChristmas/LevelP1_637.lua",
  "theme": "BACKGROUND_XMAS",
  "world": {
    "bird_1": {
      "angle": 0,
      "id": "BIRD_YELLOW",
      "x": 14.4,
      "y": -7.209
    },
    "bird_2": {
      "angle": 0,
      "id": "BIRD_BLUE",
      "x": 7.093,
      "y": -5.974
    },
    "bird_3": {
      "angle": 0,
      "id": "BIRD_YELLOW",
      "x": 5.329,
      "y": -5.376
    },
    "block_1": {
      "angle": 269.998,
      "id": "SNOW_BLOCK_4X4",
      "x": 62.659,
      "y": -1.523
    },
    "block_10": {
      "angle": 269.998,
      "id": "SNOW_BLOCK_4X4",
      "x": 85.189,
      "y": -1.6
    },
    "block_100": {
      "angle": 180,
      "id": "ICE_BLOCK_2X2",
      "x": 74.612,
      "y": -27.594
    },
    "block_101": {
      "angle": 180,
      "id": "ICE_BLOCK_2X2",
      "x": 71.535,
      "y": -27.543
    },
    "block_102": {
      "angle": 269.998,
      "id": "STONE_BLOCK_4X2",
      "x": 88.361,
      "y": -18.648
    },
    "block_103": {
      "angle": 269.998,
      "id": "STONE_BLOCK_4X2",
      "x": 96.567,
      "y": -18.661
    },
    "block_104": {
      "angle": 359.997,
      "id": "STONE_BLOCK_2X2",
      "x": 128.696,
      "y": -8.615
    },
    "block_105": {
      "angle": 0.001,
      "id": "MISC_HAT_ELF_3X2",
      "x": 56.644,
      "y": -10.674
    },
    "block_106": {
      "angle": 359.997,
      "id": "MISC_HAT_ELF_6X3",
      "x": 72.839,
      "y": -4.762
    },
    "block_107": {
      "angle": 359.997,
      "id": "MISC_HAT_ELF_6X3",
      "x": 106.155,
      "y": -4.762
    },
    "block_108": {
      "angle": 180,
      "id": "ICE_BLOCK_10X1",
      "x": 110.194,
      "y": -35.651
    },
    "block_109": {
      "angle": 359.997,
      "id": "MISC_EXPLOSIVE_TNT",
      "x": 125.888,
      "y": -9.31
    },
    "block_11": {
      "angle": 269.998,
      "id": "SNOW_BLOCK_4X4",
      "x": 99.858,
      "y": -8.226
    },
    "block_110": {
      "angle": 359.997,
      "id": "MISC_EXPLOSIVE_TNT",
      "x": 89.232,
      "y": -1.547
    },
    "block_111": {
      "angle": 359.997,
      "id": "MISC_EXPLOSIVE_TNT",
      "x": 96.01,
      "y": -1.398
    },
    "block_112": {
      "angle": 359.997,
      "id": "WOOD_BLOCK_10X1",
      "x": 92.521,
      "y": -5.579
    },
    "block_113": {
      "angle": 89.997,
      "id": "WOOD_BLOCK_10X1",
      "x": 87.94,
      "y": -10.855
    },
    "block_114": {
      "angle": 89.997,
      "id": "WOOD_BLOCK_10X1",
      "x": 97.16,
      "y": -10.978
    },
    "block_115": {
      "angle": 0.001,
      "id": "SNOW_CIRCLE_4X4",
      "x": 56.423,
      "y": -1.777
    },
    "block_116": {
      "angle": 0.001,
      "id": "SNOW_CIRCLE_4X4",
      "x": 56.423,
      "y": -5.183
    },
    "block_117": {
      "angle": 0.001,
      "id": "SNOW_CIRCLE_4X4",
      "x": 56.405,
      "y": -8.648
    },
    "block_118": {
      "angle": 90,
      "id": "TERRAIN_TEXTURED_HILLS_10X10",
      "x": 13.407,
      "y": 3.189
    },
    "block_119": {
      "angle": 90,
      "id": "TERRAIN_TEXTURED_HILLS_10X10",
      "x": 5.66,
      "y": 3.453
    },
    "block_12": {
      "angle": 269.998,
      "id": "SNOW_BLOCK_4X4",
      "x": 104.194,
      "y": -18.199
    },
    "block_120": {
      "angle": 90,
      "id": "TERRAIN_TEXTURED_HILLS_10X10",
      "x": 20.803,
      "y": 3.321
    },
    "block_121": {
      "angle": 28,
      "id": "TERRAIN_TEXTURED_HILLS_5X5",
      "x": 21.32,
      "y": -2.432
    },
    "block_122": {
      "angle": 45,
      "id": "TERRAIN_TEXTURED_HILLS_5X5",
      "x": 2.564,
      "y": 0.149
    },
    "block_123": {
      "angle": 50,
      "id": "TERRAIN_TEXTURED_HILLS_5X5",
      "x": 24.239,
      "y": -0.049
    },
    "block_124": {
      "angle": 90,
      "id": "TERRAIN_TEXTURED_HILLS_5X5",
      "x": 13.314,
      "y": -3.888
    },
    "block_125": {
      "angle": 32,
      "id": "TERRAIN_TEXTURED_HILLS_5X5",
      "x": 0,
      "y": 3.403
    },
    "block_126": {
      "angle": 81,
      "id": "TERRAIN_TEXTURED_HILLS_5X5",
      "x": 9.174,
      "y": -3.566
    },
    "block_127": {
      "angle": 7,
      "id": "TERRAIN_TEXTURED_HILLS_5X5",
      "x": 17.684,
      "y": -3.598
    },
    "block_128": {
      "angle": 60,
      "id": "TERRAIN_TEXTURED_HILLS_5X5",
      "x": 5.72,
      "y": -2.321
    },
    "block_129": {
      "angle": 45,
      "id": "TERRAIN_TEXTURED_HILLS_5X5",
      "x": 142.248,
      "y": -0.221
    },
    "block_13": {
      "angle": 269.998,
      "id": "SNOW_BLOCK_4X4",
      "x": 99.75,
      "y": -2.296
    },
    "block_130": {
      "angle": 90,
      "id": "TERRAIN_TEXTURED_HILLS_5X5",
      "x": 144.647,
      "y": -1.181
    },
    "block_131": {
      "angle": 135,
      "id": "TERRAIN_TEXTURED_HILLS_5X5",
      "x": 147.106,
      "y": -0.161
    },
    "block_132": {
      "angle": 359.997,
      "id": "MISC_PIG_WEIGHT",
      "x": 73.963,
      "y": -0.776
    },
    "block_133": {
      "angle": 359.997,
      "id": "MISC_PIG_WEIGHT",
      "x": 107.42,
      "y": -0.804
    },
    "block_134": {
      "angle": 359.997,
      "id": "PIG_BASIC_BIG",
      "x": 74.047,
      "y": -2.406
    },
    "block_135": {
      "angle": 359.997,
      "id": "PIG_BASIC_BIG",
      "x": 107.388,
      "y": -2.405
    },
    "block_136": {
      "angle": 359.997,
      "id": "WOOD_BLOCK_4X2",
      "x": 89.488,
      "y": -4.103
    },
    "block_137": {
      "angle": 359.997,
      "id": "WOOD_BLOCK_4X2",
      "x": 95.635,
      "y": -4.076
    },
    "block_14": {
      "angle": 269.998,
      "id": "SNOW_BLOCK_4X4",
      "x": 99.912,
      "y": -12.214
    },
    "block_15": {
      "angle": 359.999,
      "id": "SNOW_BLOCK_4X4",
      "x": 116.185,
      "y": -19.754
    },
    "block_16": {
      "angle": 359.999,
      "id": "SNOW_BLOCK_4X4",
      "x": 106.212,
      "y": -24.04
    },
    "block_17": {
      "angle": 359.999,
      "id": "SNOW_BLOCK_4X4",
      "x": 110.2,
      "y": -24.036
    },
    "block_18": {
      "angle": 269.998,
      "id": "SNOW_BLOCK_4X4",
      "x": 124.278,
      "y": -19.758
    },
    "block_19": {
      "angle": 269.998,
      "id": "SNOW_BLOCK_4X4",
      "x": 119.834,
      "y": -3.855
    },
    "block_2": {
      "angle": 269.998,
      "id": "SNOW_BLOCK_4X4",
      "x": 66.528,
      "y": -1.479
    },
    "block_20": {
      "angle": 269.998,
      "id": "SNOW_BLOCK_4X4",
      "x": 119.942,
      "y": -9.784
    },
    "block_21": {
      "angle": 269.998,
      "id": "SNOW_BLOCK_4X4",
      "x": 119.996,
      "y": -13.773
    },
    "block_22": {
      "angle": 269.998,
      "id": "SNOW_BLOCK_4X4",
      "x": 64.509,
      "y": -9.436
    },
    "block_23": {
      "angle": 269.998,
      "id": "SNOW_BLOCK_4X4",
      "x": 68.556,
      "y": -13.303
    },
    "block_24": {
      "angle": 269.998,
      "id": "SNOW_BLOCK_2X2",
      "x": 82.17,
      "y": -6.505
    },
    "block_25": {
      "angle": 269.998,
      "id": "SNOW_BLOCK_2X2",
      "x": 86.159,
      "y": -4.51
    },
    "block_26": {
      "angle": 269.998,
      "id": "SNOW_BLOCK_2X2",
      "x": 84.219,
      "y": -4.457
    },
    "block_27": {
      "angle": 269.998,
      "id": "SNOW_BLOCK_2X2",
      "x": 96.282,
      "y": -22.835
    },
    "block_28": {
      "angle": 269.998,
      "id": "SNOW_BLOCK_2X2",
      "x": 88.486,
      "y": -22.791
    },
    "block_29": {
      "angle": 269.998,
      "id": "SNOW_BLOCK_2X2",
      "x": 98.78,
      "y": -5.207
    },
    "block_3": {
      "angle": 269.998,
      "id": "SNOW_BLOCK_4X4",
      "x": 64.548,
      "y": -5.454
    },
    "block_30": {
      "angle": 269.998,
      "id": "SNOW_BLOCK_2X2",
      "x": 102.768,
      "y": -7.201
    },
    "block_31": {
      "angle": 269.998,
      "id": "SNOW_BLOCK_2X2",
      "x": 100.72,
      "y": -5.153
    },
    "block_32": {
      "angle": 359.999,
      "id": "SNOW_BLOCK_2X2",
      "x": 103.139,
      "y": -23.228
    },
    "block_33": {
      "angle": 359.999,
      "id": "SNOW_BLOCK_2X2",
      "x": 103.193,
      "y": -25.168
    },
    "block_34": {
      "angle": 359.999,
      "id": "SNOW_BLOCK_2X2",
      "x": 105.187,
      "y": -21.18
    },
    "block_35": {
      "angle": 269.998,
      "id": "SNOW_BLOCK_2X2",
      "x": 120.804,
      "y": -6.711
    },
    "block_36": {
      "angle": 269.998,
      "id": "SNOW_BLOCK_2X2",
      "x": 118.864,
      "y": -6.765
    },
    "block_37": {
      "angle": 269.998,
      "id": "SNOW_BLOCK_2X2",
      "x": 122.853,
      "y": -8.76
    },
    "block_38": {
      "angle": 269.998,
      "id": "SNOW_BLOCK_2X2",
      "x": 70.767,
      "y": -0.923
    },
    "block_39": {
      "angle": 269.998,
      "id": "SNOW_BLOCK_4X2",
      "x": 77.75,
      "y": -19.333
    },
    "block_4": {
      "angle": 269.998,
      "id": "SNOW_BLOCK_4X4",
      "x": 64.564,
      "y": -13.448
    },
    "block_40": {
      "angle": 269.998,
      "id": "SNOW_BLOCK_6X2",
      "x": 71.653,
      "y": -18.362
    },
    "block_41": {
      "angle": 359.999,
      "id": "SNOW_BLOCK_6X2",
      "x": 75.698,
      "y": -16.425
    },
    "block_42": {
      "angle": 359.999,
      "id": "SNOW_BLOCK_6X2",
      "x": 83.841,
      "y": -14.536
    },
    "block_43": {
      "angle": 269.998,
      "id": "SNOW_BLOCK_6X2",
      "x": 82.009,
      "y": -10.44
    },
    "block_44": {
      "angle": 269.998,
      "id": "SNOW_BLOCK_6X2",
      "x": 82.278,
      "y": -2.462
    },
    "block_45": {
      "angle": 359.999,
      "id": "SNOW_BLOCK_6X2",
      "x": 92.354,
      "y": -22.866
    },
    "block_46": {
      "angle": 269.998,
      "id": "SNOW_BLOCK_6X2",
      "x": 102.93,
      "y": -11.136
    },
    "block_47": {
      "angle": 359.999,
      "id": "SNOW_BLOCK_6X2",
      "x": 100.942,
      "y": -15.311
    },
    "block_48": {
      "angle": 89.998,
      "id": "SNOW_BLOCK_6X2",
      "x": 113.296,
      "y": -23.056
    },
    "block_49": {
      "angle": 359.999,
      "id": "SNOW_BLOCK_6X2",
      "x": 101.145,
      "y": -21.287
    },
    "block_5": {
      "angle": 269.998,
      "id": "SNOW_BLOCK_4X4",
      "x": 68.577,
      "y": -17.337
    },
    "block_50": {
      "angle": 359.999,
      "id": "SNOW_BLOCK_6X2",
      "x": 109.122,
      "y": -21.018
    },
    "block_51": {
      "angle": 359.999,
      "id": "SNOW_BLOCK_6X2",
      "x": 121.026,
      "y": -16.869
    },
    "block_52": {
      "angle": 269.998,
      "id": "SNOW_BLOCK_6X2",
      "x": 122.745,
      "y": -4.717
    },
    "block_53": {
      "angle": 269.998,
      "id": "SNOW_BLOCK_6X2",
      "x": 123.014,
      "y": -12.695
    },
    "block_54": {
      "angle": 359.999,
      "id": "SNOW_BLOCK_6X2",
      "x": 120.653,
      "y": -0.781
    },
    "block_55": {
      "angle": 359.999,
      "id": "SNOW_BLOCK_6X2",
      "x": 126.857,
      "y": -6.59
    },
    "block_56": {
      "angle": 89.998,
      "id": "SNOW_BLOCK_6X2",
      "x": 128.977,
      "y": -2.709
    },
    "block_57": {
      "angle": 359.997,
      "id": "PIG_BASIC_SMALL",
      "x": 112.855,
      "y": -1.122
    },
    "block_58": {
      "angle": 359.997,
      "id": "PIG_BASIC_SMALL",
      "x": 110.775,
      "y": -1.131
    },
    "block_59": {
      "angle": 359.997,
      "id": "PIG_BASIC_SMALL",
      "x": 90.858,
      "y": -17.694
    },
    "block_6": {
      "angle": 269.998,
      "id": "SNOW_BLOCK_4X4",
      "x": 74.787,
      "y": -19.445
    },
    "block_60": {
      "angle": 359.997,
      "id": "PIG_BASIC_SMALL",
      "x": 93.119,
      "y": -17.694
    },
    "block_61": {
      "angle": 359.997,
      "id": "PIG_BASIC_SMALL",
      "x": 77.86,
      "y": -1.093
    },
    "block_62": {
      "angle": 359.997,
      "id": "STONE_BLOCK_10X1",
      "x": 92.54,
      "y": -16.259
    },
    "block_63": {
      "angle": 359.997,
      "id": "STONE_BLOCK_10X1",
      "x": 92.397,
      "y": -21.24
    },
    "block_64": {
      "angle": 180,
      "id": "ICE_BLOCK_8X1",
      "x": 110.067,
      "y": -40.676
    },
    "block_65": {
      "angle": 180,
      "id": "ICE_BLOCK_8X1",
      "x": 106.193,
      "y": -30.62
    },
    "block_66": {
      "angle": 180,
      "id": "ICE_BLOCK_8X1",
      "x": 114.502,
      "y": -30.62
    },
    "block_67": {
      "angle": 180,
      "id": "ICE_BLOCK_8X1",
      "x": 74.794,
      "y": -26.004
    },
    "block_68": {
      "angle": 359.999,
      "id": "SNOW_TRIANGLE_2X2",
      "x": 69.431,
      "y": -20.356
    },
    "block_69": {
      "angle": 269.998,
      "id": "SNOW_TRIANGLE_2X2",
      "x": 79.906,
      "y": -14.482
    },
    "block_7": {
      "angle": 269.998,
      "id": "SNOW_BLOCK_4X4",
      "x": 80.823,
      "y": -17.555
    },
    "block_70": {
      "angle": 179.998,
      "id": "SNOW_TRIANGLE_2X2",
      "x": 105.032,
      "y": -15.179
    },
    "block_71": {
      "angle": 269.998,
      "id": "SNOW_TRIANGLE_2X2",
      "x": 113.165,
      "y": -18.916
    },
    "block_72": {
      "angle": 179.998,
      "id": "SNOW_TRIANGLE_2X2",
      "x": 125.116,
      "y": -16.737
    },
    "block_73": {
      "angle": 90,
      "id": "ICE_BLOCK_4X2",
      "x": 114.204,
      "y": -33.166
    },
    "block_74": {
      "angle": 90,
      "id": "ICE_BLOCK_4X2",
      "x": 106.356,
      "y": -33.168
    },
    "block_75": {
      "angle": 90,
      "id": "ICE_BLOCK_4X2",
      "x": 107.777,
      "y": -38.183
    },
    "block_76": {
      "angle": 90,
      "id": "ICE_BLOCK_4X2",
      "x": 112.502,
      "y": -38.175
    },
    "block_77": {
      "angle": 90,
      "id": "ICE_BLOCK_4X2",
      "x": 110.347,
      "y": -33.136
    },
    "block_78": {
      "angle": 90,
      "id": "ICE_BLOCK_4X2",
      "x": 103.705,
      "y": -28.171
    },
    "block_79": {
      "angle": 90,
      "id": "ICE_BLOCK_4X2",
      "x": 110.364,
      "y": -28.092
    },
    "block_8": {
      "angle": 269.998,
      "id": "SNOW_BLOCK_4X4",
      "x": 85.027,
      "y": -11.518
    },
    "block_80": {
      "angle": 90,
      "id": "ICE_BLOCK_4X2",
      "x": 116.81,
      "y": -28.057
    },
    "block_81": {
      "angle": 90,
      "id": "ICE_BLOCK_4X2",
      "x": 77.229,
      "y": -23.453
    },
    "block_82": {
      "angle": 90,
      "id": "ICE_BLOCK_4X2",
      "x": 72.503,
      "y": -23.511
    },
    "block_83": {
      "angle": 359.999,
      "id": "SNOW_TRIANGLE_4X4",
      "x": 64.498,
      "y": -17.459
    },
    "block_84": {
      "angle": 89.998,
      "id": "SNOW_TRIANGLE_4X4",
      "x": 84.833,
      "y": -17.578
    },
    "block_85": {
      "angle": 269.998,
      "id": "SNOW_TRIANGLE_4X4",
      "x": 85.172,
      "y": -17.784
    },
    "block_86": {
      "angle": 89.998,
      "id": "SNOW_TRIANGLE_4X4",
      "x": 100.054,
      "y": -18.114
    },
    "block_87": {
      "angle": 269.998,
      "id": "SNOW_TRIANGLE_4X4",
      "x": 100.208,
      "y": -18.221
    },
    "block_88": {
      "angle": 179.999,
      "id": "SNOW_TRIANGLE_4X4",
      "x": 116.1,
      "y": -23.944
    },
    "block_89": {
      "angle": 359.999,
      "id": "SNOW_TRIANGLE_4X4",
      "x": 116.207,
      "y": -23.74
    },
    "block_9": {
      "angle": 269.998,
      "id": "SNOW_BLOCK_4X4",
      "x": 85.081,
      "y": -7.529
    },
    "block_90": {
      "angle": 359.999,
      "id": "SNOW_TRIANGLE_4X4",
      "x": 100.322,
      "y": -24.216
    },
    "block_91": {
      "angle": 89.998,
      "id": "SNOW_TRIANGLE_4X4",
      "x": 120.138,
      "y": -19.672
    },
    "block_92": {
      "angle": 269.998,
      "id": "SNOW_TRIANGLE_4X4",
      "x": 120.292,
      "y": -19.779
    },
    "block_93": {
      "angle": 269.999,
      "id": "SNOW_TRIANGLE_4X4",
      "x": 116.067,
      "y": -15.769
    },
    "block_94": {
      "angle": 89.998,
      "id": "SNOW_TRIANGLE_4X4",
      "x": 125.875,
      "y": -2.139
    },
    "block_95": {
      "angle": 359.999,
      "id": "SNOW_TRIANGLE_4X4",
      "x": 115.728,
      "y": -2.012
    },
    "block_96": {
      "angle": 180,
      "id": "ICE_BLOCK_2X2",
      "x": 113.22,
      "y": -42.217
    },
    "block_97": {
      "angle": 180,
      "id": "ICE_BLOCK_2X2",
      "x": 109.886,
      "y": -42.217
    },
    "block_98": {
      "angle": 180,
      "id": "ICE_BLOCK_2X2",
      "x": 106.808,
      "y": -42.215
    },
    "block_99": {
      "angle": 180,
      "id": "ICE_BLOCK_2X2",
      "x": 77.946,
      "y": -27.594
    },
    "joint_1": {
      "collideConnected": false,
      "index1": 131,
      "index2": 133,
      "type": 2,
      "x1": 0,
      "x2": 0,
      "y1": 0,
      "y2": 0
    },
    "joint_2": {
      "collideConnected": false,
      "index1": 132,
      "index2": 134,
      "type": 2,
      "x1": 0,
      "x2": 0,
      "y1": 0,
      "y2": 0
    },
    "joint_3": {
      "collideConnected": false,
      "index1": 104,
      "index2": 116,
      "type": 2,
      "x1": 0,
      "x2": 0,
      "y1": 0,
      "y2": 0
    },
    "joint_4": {
      "collideConnected": false,
      "index1": 105,
      "index2": 133,
      "type": 2,
      "x1": 1.0137699842453003,
      "x2": 0,
      "y1": -0.01897530071437359,
      "y2": 0
    },
    "joint_5": {
      "collideConnected": false,
      "index1": 106,
      "index2": 134,
      "type": 2,
      "x1": 1.092579960823059,
      "x2": 0,
      "y1": -0.038090500980615616,
      "y2": 0
    }
  }
}
