{
  "camera": [
    {
      "bottom": 15.661,
      "id": "Slingshot",
      "left": -52.694,
      "right": 55.353,
      "top": -65.374,
      "x": 44.772,
      "y": -24.856
    },
    {
      "bottom": 13.348,
      "id": "Castle",
      "left": -15.316,
      "right": 82.418,
      "top": -59.953,
      "x": 76.993,
      "y": -23.303
    }
  ],
  "counts": {
    "birds": 3,
    "blocks": 108,
    "joints": 4
  },
  "id": "pack12/LevelP5_339.lua",
  "scoreEagle": 80000,
  "scoreGold": 65000,
  "scoreSilver": 58000,
  "theme": "BACKGROUND_WESTERN",
  "world": {
    "bird_1": {
      "angle": 0,
      "id": "BIRD_RED",
      "x": 15.897,
      "y": -10.87
    },
    "bird_2": {
      "angle": 0,
      "id": "BIRD_WHITE",
      "x": 6.994,
      "y": -8.423
    },
    "bird_3": {
      "angle": 0,
      "id": "BIRD_RED",
      "x": 5.108,
      "y": -7.46
    },
    "block_1": {
      "angle": 0,
      "id": "MISC_EXPLOSIVE_TNT",
      "x": 59.642,
      "y": -1.765
    },
    "block_10": {
      "angle": 0,
      "id": "STONE_BLOCK_2X2",
      "x": 54.551,
      "y": -8.948
    },
    "block_100": {
      "angle": 225.001,
      "id": "TERRAIN_TEXTURED_HILLS_5X5",
      "x": 37.752,
      "y": -0.455
    },
    "block_101": {
      "angle": 225.001,
      "id": "TERRAIN_TEXTURED_HILLS_5X5",
      "x": 43.163,
      "y": 0.288
    },
    "block_102": {
      "angle": 225.001,
      "id": "TERRAIN_TEXTURED_HILLS_5X5",
      "x": 39.821,
      "y": -2.63
    },
    "block_103": {
      "angle": 0.064,
      "id": "WOOD_BLOCK_4X4_HOLLOW",
      "x": 74.106,
      "y": -22.513
    },
    "block_104": {
      "angle": 359.95,
      "id": "WOOD_BLOCK_4X4_HOLLOW",
      "x": 73.536,
      "y": -33.151
    },
    "block_105": {
      "angle": 207.404,
      "id": "MISC_METAL_TIRE_3X3",
      "x": 95.877,
      "y": -6.91
    },
    "block_106": {
      "angle": 0.067,
      "id": "WOOD_BLOCK_4X4_HOLLOW",
      "x": 74.128,
      "y": -26.435
    },
    "block_107": {
      "angle": 333,
      "id": "TERRAIN_TEXTURED_HILLS_5X5",
      "x": 42.85,
      "y": -8.872
    },
    "block_108": {
      "angle": 288.001,
      "id": "TERRAIN_TEXTURED_HILLS_5X5",
      "x": 41.213,
      "y": -5.703
    },
    "block_11": {
      "angle": 180.296,
      "id": "STONE_BLOCK_4X1",
      "x": 93.502,
      "y": -16.047
    },
    "block_12": {
      "angle": 0.063,
      "id": "STONE_BLOCK_4X1",
      "x": 75.137,
      "y": -20.016
    },
    "block_13": {
      "angle": 0,
      "id": "ICE_BLOCK_2X1",
      "x": 58.548,
      "y": -9.489
    },
    "block_14": {
      "angle": 0,
      "id": "STONE_BLOCK_2X2",
      "x": 56.471,
      "y": -6.808
    },
    "block_15": {
      "angle": 0,
      "id": "MISC_EXPLOSIVE_TNT",
      "x": 56.116,
      "y": -1.748
    },
    "block_16": {
      "angle": 0,
      "id": "WOOD_BLOCK_2X2",
      "x": 105.3,
      "y": -11.762
    },
    "block_17": {
      "angle": 0,
      "id": "MISC_EXPLOSIVE_TNT",
      "x": 100.667,
      "y": -1.69
    },
    "block_18": {
      "angle": 0,
      "id": "WOOD_BLOCK_2X2",
      "x": 103.329,
      "y": -12.719
    },
    "block_19": {
      "angle": 359.997,
      "id": "MISC_ESTRADE_11X3",
      "x": 14.096,
      "y": -8.345
    },
    "block_2": {
      "angle": 0,
      "id": "MISC_EXPLOSIVE_TNT",
      "x": 104.536,
      "y": -5.064
    },
    "block_20": {
      "angle": 89.996,
      "id": "WOOD_BLOCK_4X1",
      "x": 85.503,
      "y": -17.5
    },
    "block_21": {
      "angle": 0,
      "id": "ICE_BLOCK_2X1",
      "x": 54.286,
      "y": -11.679
    },
    "block_22": {
      "angle": 89.942,
      "id": "WOOD_BLOCK_4X1",
      "x": 88.714,
      "y": -17.503
    },
    "block_23": {
      "angle": 360,
      "id": "TERRAIN_TEXTURED_HILLS_10X10",
      "x": 86.898,
      "y": -0.975
    },
    "block_24": {
      "angle": 360,
      "id": "TERRAIN_TEXTURED_HILLS_10X10",
      "x": 86.827,
      "y": -10.545
    },
    "block_25": {
      "angle": 0.002,
      "id": "BLOCK_ROPE_THIN",
      "x": 95.733,
      "y": -10.439
    },
    "block_26": {
      "angle": 270.307,
      "id": "WOOD_TRIANGLE_4X4",
      "x": 84.981,
      "y": -36.454
    },
    "block_27": {
      "angle": 0.002,
      "id": "BLOCK_ROPE_THIN",
      "x": 68.799,
      "y": -14.809
    },
    "block_28": {
      "angle": 270.272,
      "id": "WOOD_TRIANGLE_4X4",
      "x": 80.581,
      "y": -32.512
    },
    "block_29": {
      "angle": 0,
      "id": "ICE_BLOCK_4X1",
      "x": 57.446,
      "y": -12.712
    },
    "block_3": {
      "angle": 0,
      "id": "MISC_EXPLOSIVE_TNT",
      "x": 104.68,
      "y": -1.645
    },
    "block_30": {
      "angle": 0,
      "id": "ICE_BLOCK_4X1",
      "x": 55.42,
      "y": -10.629
    },
    "block_31": {
      "angle": 0.191,
      "id": "ICE_BLOCK_4X1",
      "x": 74.065,
      "y": -28.935
    },
    "block_32": {
      "angle": 135,
      "id": "TERRAIN_TEXTURED_HILLS_10X10",
      "x": 73.26,
      "y": -0.23
    },
    "block_33": {
      "angle": 71,
      "id": "TERRAIN_TEXTURED_HILLS_10X10",
      "x": 88.458,
      "y": -0.937
    },
    "block_34": {
      "angle": 135,
      "id": "TERRAIN_TEXTURED_HILLS_10X10",
      "x": 91.76,
      "y": 3.685
    },
    "block_35": {
      "angle": 359.869,
      "id": "PIG_BASIC_SMALL",
      "x": 82.233,
      "y": -21.464
    },
    "block_36": {
      "angle": 355.64,
      "id": "PIG_BASIC_SMALL",
      "x": 52.103,
      "y": -9.346
    },
    "block_37": {
      "angle": 0,
      "id": "MISC_SHERIFF_HAT_1",
      "x": 66.275,
      "y": -24.467
    },
    "block_38": {
      "angle": 0.316,
      "id": "WOOD_BLOCK_8X1",
      "x": 82.556,
      "y": -30.055
    },
    "block_39": {
      "angle": 359.954,
      "id": "WOOD_BLOCK_8X1",
      "x": 73.574,
      "y": -35.692
    },
    "block_4": {
      "angle": 359.952,
      "id": "STONE_BLOCK_4X1",
      "x": 79.729,
      "y": -20.013
    },
    "block_40": {
      "angle": 0.146,
      "id": "WOOD_BLOCK_8X1",
      "x": 82.411,
      "y": -25.033
    },
    "block_41": {
      "angle": 0.454,
      "id": "PIG_BASIC_SMALL",
      "x": 93.525,
      "y": -17.631
    },
    "block_42": {
      "angle": 356.991,
      "id": "PIG_BASIC_SMALL",
      "x": 78.59,
      "y": -32.122
    },
    "block_43": {
      "angle": 0,
      "id": "STONE_CIRCLE_4X4",
      "x": 68.804,
      "y": -11.354
    },
    "block_44": {
      "angle": 0,
      "id": "ICE_BLOCK_2X2",
      "x": 105.355,
      "y": -7.761
    },
    "block_45": {
      "angle": 0,
      "id": "ICE_BLOCK_2X2",
      "x": 103.284,
      "y": -7.713
    },
    "block_46": {
      "angle": 181.001,
      "id": "TERRAIN_TEXTURED_HILLS_1X1",
      "x": 68.985,
      "y": -17.857
    },
    "block_47": {
      "angle": 135.001,
      "id": "TERRAIN_TEXTURED_HILLS_1X1",
      "x": 95.703,
      "y": -13.791
    },
    "block_48": {
      "angle": 359.646,
      "id": "PIG_BASIC_MEDIUM",
      "x": 66.382,
      "y": -22.462
    },
    "block_49": {
      "angle": 0,
      "id": "ICE_BLOCK_2X2",
      "x": 105.258,
      "y": -9.736
    },
    "block_5": {
      "angle": 0,
      "id": "ICE_BLOCK_2X1",
      "x": 56.502,
      "y": -11.582
    },
    "block_50": {
      "angle": 0,
      "id": "ICE_BLOCK_2X2",
      "x": 103.235,
      "y": -9.688
    },
    "block_51": {
      "angle": 0,
      "id": "ICE_BLOCK_2X2",
      "x": 58.685,
      "y": -11.079
    },
    "block_52": {
      "angle": 1.076,
      "id": "ICE_BLOCK_1X1",
      "x": 95.123,
      "y": -17.112
    },
    "block_53": {
      "angle": 360,
      "id": "TERRAIN_TEXTURED_HILLS_10X10",
      "x": 77.64,
      "y": -5.14
    },
    "block_54": {
      "angle": 359.839,
      "id": "ICE_BLOCK_1X1",
      "x": 63.87,
      "y": -20.923
    },
    "block_55": {
      "angle": 360,
      "id": "TERRAIN_TEXTURED_HILLS_10X10",
      "x": 77.711,
      "y": -14.51
    },
    "block_56": {
      "angle": 135,
      "id": "TERRAIN_TEXTURED_HILLS_10X10",
      "x": 67.668,
      "y": 5.409
    },
    "block_57": {
      "angle": 353.311,
      "id": "ICE_BLOCK_1X1",
      "x": 91.96,
      "y": -17.173
    },
    "block_58": {
      "angle": 116,
      "id": "TERRAIN_TEXTURED_HILLS_10X10",
      "x": 77.713,
      "y": -7.298
    },
    "block_59": {
      "angle": 45,
      "id": "TERRAIN_TEXTURED_HILLS_10X10",
      "x": 81.531,
      "y": -11.547
    },
    "block_6": {
      "angle": 0,
      "id": "STONE_BLOCK_2X2",
      "x": 54.593,
      "y": -6.856
    },
    "block_60": {
      "angle": 360,
      "id": "TERRAIN_TEXTURED_HILLS_10X10",
      "x": 44.476,
      "y": -5.111
    },
    "block_61": {
      "angle": 246,
      "id": "TERRAIN_TEXTURED_HILLS_10X10",
      "x": 67.494,
      "y": 3.346
    },
    "block_62": {
      "angle": 45,
      "id": "TERRAIN_TEXTURED_HILLS_10X10",
      "x": 47.627,
      "y": -3.268
    },
    "block_63": {
      "angle": 270,
      "id": "TERRAIN_TEXTURED_HILLS_5X5",
      "x": 51.085,
      "y": -5.81
    },
    "block_64": {
      "angle": 0.001,
      "id": "TERRAIN_TEXTURED_HILLS_10X2",
      "x": 91.473,
      "y": -14.602
    },
    "block_65": {
      "angle": 0.001,
      "id": "TERRAIN_TEXTURED_HILLS_10X2",
      "x": 73.315,
      "y": -18.568
    },
    "block_66": {
      "angle": 180,
      "id": "TERRAIN_TEXTURED_HILLS_5X5",
      "x": 60.041,
      "y": -6.388
    },
    "block_67": {
      "angle": 359.997,
      "id": "TERRAIN_TEXTURED_HILLS_10X10",
      "x": 4.648,
      "y": -1.973
    },
    "block_68": {
      "angle": 0.001,
      "id": "WOOD_BLOCK_10X1",
      "x": 67.925,
      "y": -20.002
    },
    "block_69": {
      "angle": 179.82,
      "id": "WOOD_BLOCK_10X1",
      "x": 87.576,
      "y": -20.016
    },
    "block_7": {
      "angle": 0,
      "id": "STONE_BLOCK_2X2",
      "x": 56.429,
      "y": -8.9
    },
    "block_70": {
      "angle": 44.997,
      "id": "TERRAIN_TEXTURED_HILLS_10X10",
      "x": 20.405,
      "y": 0.165
    },
    "block_71": {
      "angle": 359.997,
      "id": "TERRAIN_TEXTURED_HILLS_10X10",
      "x": 15.664,
      "y": -1.88
    },
    "block_72": {
      "angle": 135,
      "id": "TERRAIN_TEXTURED_HILLS_5X5",
      "x": 62.442,
      "y": -7.402
    },
    "block_73": {
      "angle": 359.997,
      "id": "TERRAIN_TEXTURED_HILLS_10X10",
      "x": 10.076,
      "y": -1.91
    },
    "block_74": {
      "angle": 134.997,
      "id": "TERRAIN_TEXTURED_HILLS_10X10",
      "x": 0,
      "y": 0.072
    },
    "block_75": {
      "angle": 18,
      "id": "TERRAIN_TEXTURED_HILLS_5X5",
      "x": 45.438,
      "y": -9.083
    },
    "block_76": {
      "angle": 63.001,
      "id": "TERRAIN_TEXTURED_HILLS_5X5",
      "x": 47.445,
      "y": -7.393
    },
    "block_77": {
      "angle": 12,
      "id": "TERRAIN_TEXTURED_HILLS_5X5",
      "x": 112.618,
      "y": -1.934
    },
    "block_78": {
      "angle": 135.001,
      "id": "TERRAIN_TEXTURED_HILLS_5X2",
      "x": 91.275,
      "y": -13.049
    },
    "block_79": {
      "angle": 225.001,
      "id": "TERRAIN_TEXTURED_HILLS_5X2",
      "x": 73.263,
      "y": -17.015
    },
    "block_8": {
      "angle": 270.241,
      "id": "STONE_BLOCK_4X1",
      "x": 96.253,
      "y": -17.497
    },
    "block_80": {
      "angle": 347,
      "id": "TERRAIN_TEXTURED_HILLS_5X5",
      "x": 112.337,
      "y": -6.044
    },
    "block_81": {
      "angle": 270.001,
      "id": "TERRAIN_TEXTURED_HILLS_5X2",
      "x": 62.75,
      "y": -9.154
    },
    "block_82": {
      "angle": 20,
      "id": "TERRAIN_TEXTURED_HILLS_5X5",
      "x": 115.126,
      "y": -2.136
    },
    "block_83": {
      "angle": 315.001,
      "id": "TERRAIN_TEXTURED_HILLS_5X2",
      "x": 60.87,
      "y": -9.301
    },
    "block_84": {
      "angle": 179.94,
      "id": "WOOD_BLOCK_10X1",
      "x": 72.849,
      "y": -30.655
    },
    "block_85": {
      "angle": 90.453,
      "id": "WOOD_BLOCK_10X1",
      "x": 76.741,
      "y": -25.335
    },
    "block_86": {
      "angle": 90.13,
      "id": "WOOD_BLOCK_10X1",
      "x": 69.253,
      "y": -25.327
    },
    "block_87": {
      "angle": 269.963,
      "id": "WOOD_BLOCK_4X2",
      "x": 76.519,
      "y": -33.176
    },
    "block_88": {
      "angle": 88,
      "id": "STONE_BLOCK_2X2",
      "x": 54.598,
      "y": -4.926
    },
    "block_89": {
      "angle": 270.366,
      "id": "WOOD_BLOCK_4X2",
      "x": 85.584,
      "y": -32.551
    },
    "block_9": {
      "angle": 325,
      "id": "ICE_BLOCK_2X1",
      "x": 54.849,
      "y": -13.14
    },
    "block_90": {
      "angle": 0,
      "id": "STONE_BLOCK_2X2",
      "x": 56.528,
      "y": -5.119
    },
    "block_91": {
      "angle": 270.251,
      "id": "WOOD_BLOCK_4X2",
      "x": 79.564,
      "y": -27.556
    },
    "block_92": {
      "angle": 269.951,
      "id": "WOOD_BLOCK_4X2",
      "x": 70.552,
      "y": -33.171
    },
    "block_93": {
      "angle": 269.786,
      "id": "WOOD_BLOCK_4X2",
      "x": 85.503,
      "y": -22.517
    },
    "block_94": {
      "angle": 270.287,
      "id": "WOOD_BLOCK_4X2",
      "x": 85.502,
      "y": -27.529
    },
    "block_95": {
      "angle": 269.994,
      "id": "WOOD_BLOCK_4X2",
      "x": 79.508,
      "y": -22.526
    },
    "block_96": {
      "angle": 0,
      "id": "WOOD_BLOCK_2X1",
      "x": 103.329,
      "y": -11.199
    },
    "block_97": {
      "angle": 0,
      "id": "WOOD_BLOCK_2X1",
      "x": 105.3,
      "y": -13.113
    },
    "block_98": {
      "angle": 225.001,
      "id": "TERRAIN_TEXTURED_HILLS_5X5",
      "x": 48.579,
      "y": -7.205
    },
    "block_99": {
      "angle": 0.04,
      "id": "STONE_CIRCLE_2X2",
      "x": 53.503,
      "y": -0.947
    },
    "joint_1": {
      "collideConnected": false,
      "index1": 46,
      "index2": 24,
      "type": 1,
      "x1": 0,
      "x2": 0,
      "y1": 0,
      "y2": -2.5
    },
    "joint_2": {
      "collideConnected": false,
      "index1": 45,
      "index2": 26,
      "type": 1,
      "x1": 0,
      "x2": 0,
      "y1": 0,
      "y2": -2.5
    },
    "joint_3": {
      "collideConnected": false,
      "index1": 24,
      "index2": 104,
      "type": 1,
      "x1": 0,
      "x2": 0,
      "y1": 2.5,
      "y2": 0
    },
    "joint_4": {
      "collideConnected": false,
      "index1": 42,
      "index2": 26,
      "type": 1,
      "x1": 0,
      "x2": 0,
      "y1": 0,
      "y2": 2.5
    }
  }
}
