{
  "camera": [
    {
      "bottom": 15.049,
      "id": "Slingshot",
      "left": -78.204,
      "right": 36.459,
      "top": -70.948,
      "x": 54.431,
      "y": -27.95
    },
    {
      "bottom": 14.827,
      "id": "Castle",
      "left": -32.206,
      "right": 81.569,
      "top": -70.504,
      "x": 99.985,
      "y": -27.839
    }
  ],
  "counts": {
    "birds": 4,
    "blocks": 165,
    "joints": 17
  },
  "id": "pack-summer-pignic/Level468.lua",
  "theme":"BACKGROUND_SUMMERPIGNIC",
  "scoreEagle": 107000,
  "scoreGold": 102000,
  "scoreSilver": 95000,
  "world": {
    "bird_1": {
      "angle": 0,
      "id": "BIRD_YELLOW",
      "x": 19.828,
      "y": -35.4
    },
    "bird_2": {
      "angle": 0,
      "id": "BIRD_REDBIG",
      "x": 8.643,
      "y": -36.133
    },
    "bird_3": {
      "angle": 0,
      "id": "BIRD_REDBIG",
      "x": 3.868,
      "y": -36.193
    },
    "bird_4": {
      "angle": 0,
      "id": "BIRD_YELLOW",
      "x": 0,
      "y": -35.342
    },
    "block_1": {
      "angle": 269.999,
      "id": "TERRAIN_TEXTURED_HILLS_5X5",
      "x": 75.365,
      "y": -4.866
    },
    "block_10": {
      "angle": 359.999,
      "id": "PIG_BASIC_SMALL",
      "x": 75.694,
      "y": -19.315
    },
    "block_100": {
      "angle": 270,
      "id": "WOOD_BLOCK_8X1",
      "x": 119.584,
      "y": -45.308
    },
    "block_101": {
      "angle": 315,
      "id": "TERRAIN_TEXTURED_HILLS_5X5",
      "x": 99.558,
      "y": 1.164
    },
    "block_102": {
      "angle": 292.5,
      "id": "TERRAIN_TEXTURED_HILLS_5X5",
      "x": 101.09,
      "y": -1.244
    },
    "block_103": {
      "angle": 269.999,
      "id": "TERRAIN_TEXTURED_HILLS_5X5",
      "x": 79.087,
      "y": -0.487
    },
    "block_104": {
      "angle": 247.499,
      "id": "TERRAIN_TEXTURED_HILLS_5X5",
      "x": 78.759,
      "y": -0.487
    },
    "block_105": {
      "angle": 22.5,
      "id": "TERRAIN_TEXTURED_HILLS_5X5",
      "x": 82.7,
      "y": 2.031
    },
    "block_106": {
      "angle": 45,
      "id": "TERRAIN_TEXTURED_HILLS_5X5",
      "x": 81.167,
      "y": 1.265
    },
    "block_107": {
      "angle": 67.5,
      "id": "TERRAIN_TEXTURED_HILLS_5X5",
      "x": 79.853,
      "y": -0.377
    },
    "block_108": {
      "angle": 337.5,
      "id": "TERRAIN_TEXTURED_HILLS_5X5",
      "x": 97.259,
      "y": 2.04
    },
    "block_109": {
      "angle": 0,
      "id": "STONE_BLOCK_2X2",
      "x": 79.246,
      "y": -8.266
    },
    "block_11": {
      "angle": 270,
      "id": "WOOD_BLOCK_4X2",
      "x": 107.505,
      "y": -24.111
    },
    "block_110": {
      "angle": 0,
      "id": "STONE_BLOCK_2X2",
      "x": 71.024,
      "y": -8.266
    },
    "block_111": {
      "angle": 22.499,
      "id": "TERRAIN_TEXTURED_HILLS_5X5",
      "x": 3.179,
      "y": -26.617
    },
    "block_112": {
      "angle": 90,
      "id": "WOOD_BLOCK_4X2",
      "x": 132.161,
      "y": -47.486
    },
    "block_113": {
      "angle": 270,
      "id": "WOOD_BLOCK_4X2",
      "x": 125.561,
      "y": -39.375
    },
    "block_114": {
      "angle": 0,
      "id": "B_LEMONADE_CAN",
      "x": 139.206,
      "y": -35.95
    },
    "block_115": {
      "angle": 270,
      "id": "WOOD_BLOCK_4X2",
      "x": 125.797,
      "y": -52.33
    },
    "block_116": {
      "angle": 44.999,
      "id": "TERRAIN_TEXTURED_HILLS_5X5",
      "x": 4.957,
      "y": -25.061
    },
    "block_117": {
      "angle": 270,
      "id": "WOOD_BLOCK_4X2",
      "x": 119.474,
      "y": -39.396
    },
    "block_118": {
      "angle": 67.499,
      "id": "TERRAIN_TEXTURED_HILLS_5X5",
      "x": 6.512,
      "y": -22.95
    },
    "block_119": {
      "angle": 359.999,
      "id": "B_FLOWER_7",
      "x": 121.428,
      "y": -10.506
    },
    "block_12": {
      "angle": 90,
      "id": "WOOD_BLOCK_4X2",
      "x": 107.658,
      "y": -32.232
    },
    "block_120": {
      "angle": 360,
      "id": "TERRAIN_TEXTURED_HILLS_5X5",
      "x": 136.246,
      "y": -11.088
    },
    "block_121": {
      "angle": 360,
      "id": "TERRAIN_TEXTURED_HILLS_5X5",
      "x": 136.246,
      "y": -13.387
    },
    "block_122": {
      "angle": 22.5,
      "id": "TERRAIN_TEXTURED_HILLS_5X5",
      "x": 135.589,
      "y": -8.132
    },
    "block_123": {
      "angle": 0,
      "id": "WOOD_BLOCK_4X4_HOLLOW",
      "x": 125.495,
      "y": -43.387
    },
    "block_124": {
      "angle": 360,
      "id": "TERRAIN_TEXTURED_HILLS_5X5",
      "x": 136.246,
      "y": -8.023
    },
    "block_125": {
      "angle": 0,
      "id": "WOOD_BLOCK_4X4_HOLLOW",
      "x": 131.942,
      "y": -43.377
    },
    "block_126": {
      "angle": 67.5,
      "id": "TERRAIN_TEXTURED_HILLS_5X5",
      "x": 131.867,
      "y": -4.739
    },
    "block_127": {
      "angle": 0,
      "id": "WOOD_BLOCK_4X4_HOLLOW",
      "x": 132.118,
      "y": -35.533
    },
    "block_128": {
      "angle": 45,
      "id": "TERRAIN_TEXTURED_HILLS_5X5",
      "x": 134.166,
      "y": -6.162
    },
    "block_129": {
      "angle": 189.499,
      "id": "TERRAIN_TEXTURED_HILLS_5X5",
      "x": 122.546,
      "y": -3.661
    },
    "block_13": {
      "angle": 270,
      "id": "WOOD_BLOCK_2X2",
      "x": 85.728,
      "y": -19.185
    },
    "block_130": {
      "angle": 179.999,
      "id": "TERRAIN_TEXTURED_HILLS_5X5",
      "x": 67.155,
      "y": -4.866
    },
    "block_131": {
      "angle": 202.499,
      "id": "TERRAIN_TEXTURED_HILLS_5X5",
      "x": 76.132,
      "y": -3.771
    },
    "block_132": {
      "angle": 0,
      "id": "STONE_BLOCK_10X1",
      "x": 110.651,
      "y": -34.616
    },
    "block_133": {
      "angle": 170.5,
      "id": "TERRAIN_TEXTURED_HILLS_5X5",
      "x": 127.362,
      "y": -3.552
    },
    "block_134": {
      "angle": 180,
      "id": "B_FLOWER_VINE_2",
      "x": 142.232,
      "y": -4.393
    },
    "block_135": {
      "angle": 359.999,
      "id": "B_FLOWER_5",
      "x": 130.206,
      "y": -11.061
    },
    "block_136": {
      "angle": 224.999,
      "id": "TERRAIN_TEXTURED_HILLS_5X5",
      "x": 77.993,
      "y": -2.567
    },
    "block_137": {
      "angle": 360,
      "id": "TERRAIN_TEXTURED_HILLS_5X5",
      "x": 136.217,
      "y": -25.114
    },
    "block_138": {
      "angle": 360,
      "id": "TERRAIN_TEXTURED_HILLS_5X5",
      "x": 136.217,
      "y": -28.617
    },
    "block_139": {
      "angle": 360,
      "id": "TERRAIN_TEXTURED_HILLS_5X5",
      "x": 136.217,
      "y": -31.135
    },
    "block_14": {
      "angle": 270,
      "id": "WOOD_BLOCK_4X2",
      "x": 113.952,
      "y": -24.1
    },
    "block_140": {
      "angle": 337.5,
      "id": "TERRAIN_TEXTURED_HILLS_5X5",
      "x": 135.232,
      "y": -26.209
    },
    "block_141": {
      "angle": 315,
      "id": "TERRAIN_TEXTURED_HILLS_5X5",
      "x": 132.933,
      "y": -29.055
    },
    "block_142": {
      "angle": 292.5,
      "id": "TERRAIN_TEXTURED_HILLS_5X5",
      "x": 131.4,
      "y": -30.04
    },
    "block_143": {
      "angle": 359.999,
      "id": "B_STRAWHAT_1",
      "x": 75.763,
      "y": -20.394
    },
    "block_144": {
      "angle": 180,
      "id": "ICE_BLOCK_10X1",
      "x": 128.937,
      "y": -58.906
    },
    "block_145": {
      "angle": 360,
      "id": "TERRAIN_TEXTURED_HILLS_5X5",
      "x": 136.246,
      "y": -16.343
    },
    "block_146": {
      "angle": 360,
      "id": "TERRAIN_TEXTURED_HILLS_5X5",
      "x": 136.246,
      "y": -20.393
    },
    "block_147": {
      "angle": 360,
      "id": "TERRAIN_TEXTURED_HILLS_5X5",
      "x": 136.217,
      "y": -24.676
    },
    "block_148": {
      "angle": 179.999,
      "id": "WOOD_BLOCK_10X1",
      "x": 75.169,
      "y": -17.783
    },
    "block_149": {
      "angle": 31,
      "id": "WOOD_BLOCK_10X1",
      "x": 111.051,
      "y": -45.954
    },
    "block_15": {
      "angle": 269.999,
      "id": "WOOD_BLOCK_4X1",
      "x": 79.329,
      "y": -11.215
    },
    "block_150": {
      "angle": 180,
      "id": "B_ICECREAM_BALL",
      "x": 142.232,
      "y": -11.615
    },
    "block_151": {
      "angle": 359.999,
      "id": "B_HIPPIE_GLASSES_3",
      "x": 90.207,
      "y": -27.505
    },
    "block_152": {
      "angle": 0,
      "id": "B_ICECREAM_BALL",
      "x": 90.763,
      "y": -3.617
    },
    "block_153": {
      "angle": 359.999,
      "id": "B_HIPPIE_GLASSES_3",
      "x": 128.651,
      "y": -53.282
    },
    "block_154": {
      "angle": 180,
      "id": "WOOD_BLOCK_10X1",
      "x": 128.56,
      "y": -49.905
    },
    "block_155": {
      "angle": 0,
      "id": "B_FLOWER_VINE_1",
      "x": 90.763,
      "y": -6.506
    },
    "block_156": {
      "angle": 180,
      "id": "B_FLOWER_VINE_1",
      "x": 142.232,
      "y": -8.726
    },
    "block_157": {
      "angle": 269.999,
      "id": "TERRAIN_TEXTURED_HILLS_5X5",
      "x": 119.492,
      "y": -31.133
    },
    "block_158": {
      "angle": 0,
      "id": "WOOD_BLOCK_4X4_HOLLOW",
      "x": 101.528,
      "y": -20.3
    },
    "block_159": {
      "angle": 0,
      "id": "WOOD_BLOCK_4X4_HOLLOW",
      "x": 107.439,
      "y": -28.123
    },
    "block_16": {
      "angle": 270,
      "id": "WOOD_BLOCK_4X2",
      "x": 87.024,
      "y": -28.948
    },
    "block_160": {
      "angle": 269.999,
      "id": "TERRAIN_TEXTURED_HILLS_5X5",
      "x": 127.046,
      "y": -31.133
    },
    "block_161": {
      "angle": 269.999,
      "id": "TERRAIN_TEXTURED_HILLS_5X5",
      "x": 123.871,
      "y": -31.133
    },
    "block_162": {
      "angle": 269.999,
      "id": "TERRAIN_TEXTURED_HILLS_5X5",
      "x": 132.3,
      "y": -31.133
    },
    "block_163": {
      "angle": 269.999,
      "id": "TERRAIN_TEXTURED_HILLS_5X5",
      "x": 130.986,
      "y": -31.133
    },
    "block_164": {
      "angle": 0,
      "id": "WOOD_BLOCK_4X4_HOLLOW",
      "x": 114.062,
      "y": -20.269
    },
    "block_165": {
      "angle": 0,
      "id": "WOOD_BLOCK_4X4_HOLLOW",
      "x": 113.886,
      "y": -28.112
    },
    "block_17": {
      "angle": 90,
      "id": "WOOD_BLOCK_4X2",
      "x": 114.105,
      "y": -32.222
    },
    "block_18": {
      "angle": 270,
      "id": "WOOD_BLOCK_2X2",
      "x": 87.024,
      "y": -25.883
    },
    "block_19": {
      "angle": 90,
      "id": "TERRAIN_TEXTURED_HILLS_10X10",
      "x": 104.046,
      "y": -13.413
    },
    "block_2": {
      "angle": 247.499,
      "id": "TERRAIN_TEXTURED_HILLS_5X5",
      "x": 114.848,
      "y": -8.042
    },
    "block_20": {
      "angle": 270,
      "id": "WOOD_BLOCK_4X2",
      "x": 101.418,
      "y": -24.132
    },
    "block_21": {
      "angle": 270,
      "id": "WOOD_BLOCK_2X2",
      "x": 93.281,
      "y": -19.135
    },
    "block_22": {
      "angle": 90,
      "id": "TERRAIN_TEXTURED_HILLS_10X10",
      "x": 111.271,
      "y": -13.413
    },
    "block_23": {
      "angle": 269.999,
      "id": "WOOD_BLOCK_4X1",
      "x": 93.318,
      "y": -22.061
    },
    "block_24": {
      "angle": 270,
      "id": "WOOD_BLOCK_4X2",
      "x": 93.263,
      "y": -28.948
    },
    "block_25": {
      "angle": 90,
      "id": "WOOD_BLOCK_4X1",
      "x": 126.227,
      "y": -56.454
    },
    "block_26": {
      "angle": 270,
      "id": "WOOD_BLOCK_4X2",
      "x": 72.191,
      "y": -22.271
    },
    "block_27": {
      "angle": 270,
      "id": "WOOD_BLOCK_8X1",
      "x": 78.065,
      "y": -23.254
    },
    "block_28": {
      "angle": 270,
      "id": "WOOD_BLOCK_4X2",
      "x": 85.728,
      "y": -22.2
    },
    "block_29": {
      "angle": 180,
      "id": "WOOD_BLOCK_8X1",
      "x": 90.106,
      "y": -24.527
    },
    "block_3": {
      "angle": 269.999,
      "id": "TERRAIN_TEXTURED_HILLS_5X5",
      "x": 79.087,
      "y": -4.866
    },
    "block_30": {
      "angle": 157.5,
      "id": "WOOD_BLOCK_8X1",
      "x": 97.368,
      "y": -32.889
    },
    "block_31": {
      "angle": 135,
      "id": "WOOD_BLOCK_8X1",
      "x": 104.265,
      "y": -37.268
    },
    "block_32": {
      "angle": 270,
      "id": "WOOD_BLOCK_2X2",
      "x": 93.263,
      "y": -25.883
    },
    "block_33": {
      "angle": 270,
      "id": "WOOD_BLOCK_8X1",
      "x": 72.3,
      "y": -28.36
    },
    "block_34": {
      "angle": 269.999,
      "id": "WOOD_BLOCK_4X1",
      "x": 71.009,
      "y": -11.215
    },
    "block_35": {
      "angle": 179.999,
      "id": "TERRAIN_TEXTURED_HILLS_5X5",
      "x": 94.407,
      "y": -15.811
    },
    "block_36": {
      "angle": 359.999,
      "id": "B_FLOWER_6",
      "x": 126.317,
      "y": -11.284
    },
    "block_37": {
      "angle": 180,
      "id": "WOOD_BLOCK_8X1",
      "x": 89.268,
      "y": -31.466
    },
    "block_38": {
      "angle": 179.999,
      "id": "TERRAIN_TEXTURED_HILLS_5X5",
      "x": 97.916,
      "y": -15.812
    },
    "block_39": {
      "angle": 179.999,
      "id": "TERRAIN_TEXTURED_HILLS_5X5",
      "x": 90.045,
      "y": -15.811
    },
    "block_4": {
      "angle": 269.999,
      "id": "TERRAIN_TEXTURED_HILLS_5X5",
      "x": 71.096,
      "y": -4.866
    },
    "block_40": {
      "angle": 179.999,
      "id": "TERRAIN_TEXTURED_HILLS_5X5",
      "x": 87.428,
      "y": -15.811
    },
    "block_41": {
      "angle": 359.999,
      "id": "MISC_EXPLOSIVE_TNT",
      "x": 110.873,
      "y": -23.839
    },
    "block_42": {
      "angle": 179.999,
      "id": "TERRAIN_TEXTURED_HILLS_5X5",
      "x": 86.628,
      "y": -15.811
    },
    "block_43": {
      "angle": 270,
      "id": "WOOD_BLOCK_8X1",
      "x": 101.528,
      "y": -30.043
    },
    "block_44": {
      "angle": 270,
      "id": "WOOD_BLOCK_8X1",
      "x": 114.919,
      "y": -39.144
    },
    "block_45": {
      "angle": 202.499,
      "id": "TERRAIN_TEXTURED_HILLS_5X5",
      "x": 98.134,
      "y": -15.046
    },
    "block_46": {
      "angle": 224.999,
      "id": "TERRAIN_TEXTURED_HILLS_5X5",
      "x": 99.448,
      "y": -13.842
    },
    "block_47": {
      "angle": 270,
      "id": "WOOD_BLOCK_8X1",
      "x": 107.85,
      "y": -43.105
    },
    "block_48": {
      "angle": 45,
      "id": "ICE_BLOCK_8X1",
      "x": 75.301,
      "y": -30.62
    },
    "block_49": {
      "angle": 247.499,
      "id": "TERRAIN_TEXTURED_HILLS_5X5",
      "x": 100.652,
      "y": -11.981
    },
    "block_5": {
      "angle": 224.999,
      "id": "TERRAIN_TEXTURED_HILLS_5X5",
      "x": 116.49,
      "y": -6.181
    },
    "block_50": {
      "angle": 22.5,
      "id": "ICE_BLOCK_8X1",
      "x": 82.079,
      "y": -26.287
    },
    "block_51": {
      "angle": 90,
      "id": "TERRAIN_TEXTURED_HILLS_10X10",
      "x": 104.046,
      "y": -0.049
    },
    "block_52": {
      "angle": 90,
      "id": "TERRAIN_TEXTURED_HILLS_10X10",
      "x": 111.271,
      "y": -6.945
    },
    "block_53": {
      "angle": 90,
      "id": "TERRAIN_TEXTURED_HILLS_10X10",
      "x": 104.046,
      "y": -6.945
    },
    "block_54": {
      "angle": 359.999,
      "id": "B_VARSI_2",
      "x": 126.206,
      "y": -6.95
    },
    "block_55": {
      "angle": 359.999,
      "id": "B_VARSI_1",
      "x": 130.317,
      "y": -7.617
    },
    "block_56": {
      "angle": 22.5,
      "id": "TERRAIN_TEXTURED_HILLS_10X10",
      "x": 142.206,
      "y": 3.271
    },
    "block_57": {
      "angle": 359.999,
      "id": "TERRAIN_TEXTURED_HILLS_5X2",
      "x": 140.428,
      "y": -32.727
    },
    "block_58": {
      "angle": 45,
      "id": "TERRAIN_TEXTURED_HILLS_10X10",
      "x": 137.984,
      "y": 0.938
    },
    "block_59": {
      "angle": 337.499,
      "id": "TERRAIN_TEXTURED_HILLS_5X2",
      "x": 139.872,
      "y": -31.839
    },
    "block_6": {
      "angle": 202.499,
      "id": "TERRAIN_TEXTURED_HILLS_5X5",
      "x": 118.242,
      "y": -4.976
    },
    "block_60": {
      "angle": 67.5,
      "id": "TERRAIN_TEXTURED_HILLS_10X10",
      "x": 135.873,
      "y": -1.395
    },
    "block_61": {
      "angle": 135,
      "id": "WOOD_BLOCK_8X1",
      "x": 122.321,
      "y": -52.532
    },
    "block_62": {
      "angle": 179.999,
      "id": "WOOD_BLOCK_2X1",
      "x": 78.125,
      "y": -18.699
    },
    "block_63": {
      "angle": 134.999,
      "id": "TERRAIN_TEXTURED_HILLS_5X5",
      "x": 14.956,
      "y": -24.728
    },
    "block_64": {
      "angle": 112.499,
      "id": "TERRAIN_TEXTURED_HILLS_5X5",
      "x": 13.845,
      "y": -22.283
    },
    "block_65": {
      "angle": 0,
      "id": "B_FLOWER_VINE_2",
      "x": 90.763,
      "y": -10.839
    },
    "block_66": {
      "angle": 75.999,
      "id": "TERRAIN_TEXTURED_HILLS_5X5",
      "x": 7.401,
      "y": -20.839
    },
    "block_67": {
      "angle": 157.499,
      "id": "TERRAIN_TEXTURED_HILLS_5X5",
      "x": 16.401,
      "y": -26.283
    },
    "block_68": {
      "angle": 270,
      "id": "WOOD_BLOCK_4X2",
      "x": 79.22,
      "y": -15.265
    },
    "block_69": {
      "angle": 89.999,
      "id": "TERRAIN_TEXTURED_HILLS_5X5",
      "x": 10.179,
      "y": -23.617
    },
    "block_7": {
      "angle": 359.999,
      "id": "B_KIELO",
      "x": 87.874,
      "y": -1.617
    },
    "block_70": {
      "angle": 270,
      "id": "WOOD_BLOCK_4X2",
      "x": 71.009,
      "y": -15.265
    },
    "block_71": {
      "angle": 314.999,
      "id": "TERRAIN_TEXTURED_HILLS_5X2",
      "x": 138.984,
      "y": -30.728
    },
    "block_72": {
      "angle": 100.999,
      "id": "TERRAIN_TEXTURED_HILLS_5X5",
      "x": 13.29,
      "y": -20.728
    },
    "block_73": {
      "angle": 270,
      "id": "WOOD_BLOCK_4X2",
      "x": 107.741,
      "y": -37.066
    },
    "block_74": {
      "angle": 292.5,
      "id": "TERRAIN_TEXTURED_HILLS_5X2",
      "x": 138.428,
      "y": -29.505
    },
    "block_75": {
      "angle": 89.999,
      "id": "TERRAIN_TEXTURED_HILLS_5X5",
      "x": 11.29,
      "y": -20.728
    },
    "block_76": {
      "angle": 0,
      "id": "STONE_BLOCK_4X4_HOLLOW",
      "x": 119.356,
      "y": -35.487
    },
    "block_77": {
      "angle": 0,
      "id": "STONE_BLOCK_4X4_HOLLOW",
      "x": 125.467,
      "y": -35.487
    },
    "block_78": {
      "angle": 0,
      "id": "B_SUMMER_GRASS_1",
      "x": 67.475,
      "y": -7.675
    },
    "block_79": {
      "angle": 0,
      "id": "B_SUMMER_GRASS_1",
      "x": 139.238,
      "y": -33.834
    },
    "block_8": {
      "angle": 359.999,
      "id": "PIG_BASIC_SMALL",
      "x": 125.611,
      "y": -43.288
    },
    "block_80": {
      "angle": 270,
      "id": "WOOD_BLOCK_4X2",
      "x": 132.008,
      "y": -39.365
    },
    "block_81": {
      "angle": 359.999,
      "id": "PIG_BASIC_MEDIUM",
      "x": 111.708,
      "y": -36.83
    },
    "block_82": {
      "angle": 359.999,
      "id": "PIG_BASIC_MEDIUM",
      "x": 128.676,
      "y": -52.155
    },
    "block_83": {
      "angle": 270,
      "id": "WOOD_BLOCK_2X2",
      "x": 72.208,
      "y": -19.283
    },
    "block_84": {
      "angle": 0,
      "id": "STONE_BLOCK_4X4_HOLLOW",
      "x": 107.357,
      "y": -20.043
    },
    "block_85": {
      "angle": 359.999,
      "id": "PIG_BASIC_MEDIUM",
      "x": 90.253,
      "y": -26.649
    },
    "block_86": {
      "angle": 90,
      "id": "TERRAIN_TEXTURED_HILLS_10X10",
      "x": 121.123,
      "y": 1.374
    },
    "block_87": {
      "angle": 90,
      "id": "TERRAIN_TEXTURED_HILLS_10X10",
      "x": 113.788,
      "y": 1.374
    },
    "block_88": {
      "angle": 90,
      "id": "TERRAIN_TEXTURED_HILLS_10X10",
      "x": 133.821,
      "y": -1.253
    },
    "block_89": {
      "angle": 90,
      "id": "TERRAIN_TEXTURED_HILLS_10X10",
      "x": 129.223,
      "y": 0.936
    },
    "block_9": {
      "angle": 359.999,
      "id": "PIG_BASIC_SMALL",
      "x": 107.549,
      "y": -28.113
    },
    "block_90": {
      "angle": 359.999,
      "id": "TERRAIN_TEXTURED_HILLS_10X10",
      "x": 8.734,
      "y": -29.95
    },
    "block_91": {
      "angle": 359.999,
      "id": "TERRAIN_TEXTURED_HILLS_10X10",
      "x": 16.594,
      "y": -29.9
    },
    "block_92": {
      "angle": 359.999,
      "id": "TERRAIN_TEXTURED_HILLS_10X10",
      "x": 10.401,
      "y": -14.95
    },
    "block_93": {
      "angle": 359.999,
      "id": "B_VARSI_3",
      "x": 122.428,
      "y": -7.284
    },
    "block_94": {
      "angle": 359.999,
      "id": "TERRAIN_TEXTURED_HILLS_10X10",
      "x": 3.068,
      "y": -29.95
    },
    "block_95": {
      "angle": 90,
      "id": "WOOD_BLOCK_4X2",
      "x": 125.714,
      "y": -47.497
    },
    "block_96": {
      "angle": 359.999,
      "id": "TERRAIN_TEXTURED_HILLS_10X10",
      "x": 10.462,
      "y": -3.173
    },
    "block_97": {
      "angle": 359.999,
      "id": "TERRAIN_TEXTURED_HILLS_10X10",
      "x": 10.462,
      "y": -7.95
    },
    "block_98": {
      "angle": 157.5,
      "id": "WOOD_BLOCK_8X1",
      "x": 115.424,
      "y": -48.154
    },
    "block_99": {
      "angle": 270,
      "id": "WOOD_BLOCK_8X1",
      "x": 132.975,
      "y": -54.408
    },
    "joint_1": {
      "collideConnected": false,
      "index1": 55,
      "index2": 133,
      "type": 2,
      "x1": 0,
      "x2": 0,
      "y1": 0,
      "y2": 0
    },
    "joint_10": {
      "collideConnected": false,
      "index1": 152,
      "index2": 81,
      "type": 2,
      "x1": 0,
      "x2": 0,
      "y1": 0,
      "y2": 0
    },
    "joint_11": {
      "collideConnected": false,
      "index1": 151,
      "index2": 154,
      "type": 2,
      "x1": 0,
      "x2": 0,
      "y1": 0,
      "y2": 0
    },
    "joint_12": {
      "collideConnected": false,
      "index1": 64,
      "index2": 38,
      "type": 2,
      "x1": 0,
      "x2": 0,
      "y1": 0,
      "y2": 0
    },
    "joint_13": {
      "collideConnected": false,
      "index1": 154,
      "index2": 64,
      "type": 2,
      "x1": 0,
      "x2": 0,
      "y1": 0,
      "y2": 0
    },
    "joint_14": {
      "collideConnected": false,
      "index1": 7,
      "index2": 122,
      "type": 2,
      "x1": 0,
      "x2": 0,
      "y1": 0,
      "y2": 0
    },
    "joint_15": {
      "collideConnected": false,
      "index1": 150,
      "index2": 84,
      "type": 2,
      "x1": 0,
      "x2": 0,
      "y1": 0,
      "y2": 0
    },
    "joint_16": {
      "collideConnected": false,
      "index1": 155,
      "index2": 133,
      "type": 2,
      "x1": 0,
      "x2": 0,
      "y1": 0,
      "y2": 0
    },
    "joint_17": {
      "collideConnected": false,
      "index1": 35,
      "index2": 53,
      "type": 2,
      "x1": 0,
      "x2": 0,
      "y1": 0,
      "y2": 0
    },
    "joint_2": {
      "collideConnected": false,
      "index1": 9,
      "index2": 142,
      "type": 2,
      "x1": 0,
      "x2": 0,
      "y1": 0,
      "y2": 0
    },
    "joint_3": {
      "collideConnected": false,
      "index1": 118,
      "index2": 92,
      "type": 2,
      "x1": 0,
      "x2": 0,
      "y1": 0,
      "y2": 0
    },
    "joint_4": {
      "collideConnected": false,
      "index1": 8,
      "index2": 158,
      "type": 2,
      "x1": 0,
      "x2": 0,
      "y1": 0,
      "y2": 0
    },
    "joint_5": {
      "collideConnected": false,
      "index1": 54,
      "index2": 125,
      "type": 2,
      "x1": 0,
      "x2": 0,
      "y1": 0,
      "y2": 0
    },
    "joint_6": {
      "collideConnected": false,
      "index1": 92,
      "index2": 128,
      "type": 2,
      "x1": 0,
      "x2": 0,
      "y1": 0,
      "y2": 0
    },
    "joint_7": {
      "collideConnected": false,
      "index1": 134,
      "index2": 54,
      "type": 2,
      "x1": 0,
      "x2": 0,
      "y1": 0,
      "y2": 0
    },
    "joint_8": {
      "collideConnected": false,
      "index1": 53,
      "index2": 132,
      "type": 2,
      "x1": 0,
      "x2": 0,
      "y1": 0,
      "y2": 0
    },
    "joint_9": {
      "collideConnected": false,
      "index1": 149,
      "index2": 155,
      "type": 2,
      "x1": 0,
      "x2": 0,
      "y1": 0,
      "y2": 0
    }
  }
}
