{
  "camera": [
    {
      "bottom": 12.682,
      "id": "Slingshot",
      "left": -4.917,
      "right": 104.91,
      "top": -69.688,
      "x": 49.996,
      "y": -28.503
    },
    {
      "bottom": 10.347,
      "id": "Castle",
      "left": 47.728,
      "right": 138.158,
      "top": -57.474,
      "x": 92.943,
      "y": -23.563
    }
  ],
  "counts": {
    "birds": 3,
    "blocks": 103
  },
  "id": "packHalloween2011_1/LevelP5_591.lua",
  "scoreEagle": 109000,
  "scoreGold": 98000,
  "scoreSilver": 88000,
  "theme": "BACKGROUND_HALLOWEEN_2011",
  "world": {
    "bird_1": {
      "angle": 0,
      "id": "BIRD_WHITE",
      "x": 16.544,
      "y": -28.182
    },
    "bird_2": {
      "angle": 0,
      "id": "BIRD_WHITE",
      "x": 7.944,
      "y": -27.025
    },
    "bird_3": {
      "angle": 0,
      "id": "BIRD_WHITE",
      "x": 25.719,
      "y": -25.475
    },
    "block_1": {
      "angle": 355.924,
      "id": "BLOCK_PUMPKIN_1",
      "x": 124.629,
      "y": -23.058
    },
    "block_10": {
      "angle": 359.387,
      "id": "PIG_BASIC_SMALL",
      "x": 83.095,
      "y": -10.062
    },
    "block_100": {
      "angle": 180.067,
      "id": "STONE_CIRCLE_2X2",
      "x": 72.997,
      "y": -4.268
    },
    "block_101": {
      "angle": 0.644,
      "id": "ICE_TRIANGLE_4X4_HOLLOW",
      "x": 61.544,
      "y": -29.708
    },
    "block_102": {
      "angle": 0.793,
      "id": "ICE_TRIANGLE_4X4_HOLLOW",
      "x": 84.901,
      "y": -29.844
    },
    "block_103": {
      "angle": 0.906,
      "id": "ICE_TRIANGLE_4X4_HOLLOW",
      "x": 90.917,
      "y": -29.759
    },
    "block_11": {
      "angle": 89.839,
      "id": "WOOD_BLOCK_8X1",
      "x": 107.716,
      "y": -17.018
    },
    "block_12": {
      "angle": 1.829,
      "id": "PIG_BASIC_SMALL",
      "x": 104.551,
      "y": -18.147
    },
    "block_13": {
      "angle": 359.891,
      "id": "BLOCK_PUMPKIN_1",
      "x": 124.431,
      "y": -16.924
    },
    "block_14": {
      "angle": 15.655,
      "id": "PIG_BASIC_SMALL",
      "x": 87.743,
      "y": -23.946
    },
    "block_15": {
      "angle": 1.192,
      "id": "PIG_BASIC_SMALL",
      "x": 95.523,
      "y": -4.445
    },
    "block_16": {
      "angle": 6.638,
      "id": "BLOCK_PUMPKIN_1",
      "x": 121.967,
      "y": -20.142
    },
    "block_17": {
      "angle": 0.185,
      "id": "BLOCK_PUMPKIN_1",
      "x": 127.019,
      "y": -19.916
    },
    "block_18": {
      "angle": 354.418,
      "id": "BLOCK_PUMPKIN_1",
      "x": 119.701,
      "y": -16.911
    },
    "block_19": {
      "angle": 0.032,
      "id": "BLOCK_PUMPKIN_1",
      "x": 129.59,
      "y": -16.923
    },
    "block_2": {
      "angle": 179.379,
      "id": "WOOD_BLOCK_8X1",
      "x": 104.291,
      "y": -35.402
    },
    "block_20": {
      "angle": 89.375,
      "id": "WOOD_BLOCK_4X2",
      "x": 101.372,
      "y": -32.858
    },
    "block_21": {
      "angle": 89.474,
      "id": "WOOD_BLOCK_4X2",
      "x": 107.562,
      "y": -32.921
    },
    "block_22": {
      "angle": 89.987,
      "id": "WOOD_BLOCK_4X2",
      "x": 92.341,
      "y": -6.026
    },
    "block_23": {
      "angle": 89.997,
      "id": "WOOD_BLOCK_4X2",
      "x": 92.394,
      "y": -2.059
    },
    "block_24": {
      "angle": 90.02,
      "id": "WOOD_BLOCK_4X2",
      "x": 91.274,
      "y": -20.876
    },
    "block_25": {
      "angle": 89.956,
      "id": "WOOD_BLOCK_8X1",
      "x": 65.964,
      "y": -22.718
    },
    "block_26": {
      "angle": 90.304,
      "id": "WOOD_BLOCK_8X1",
      "x": 85.274,
      "y": -22.881
    },
    "block_27": {
      "angle": 89.998,
      "id": "WOOD_BLOCK_4X2",
      "x": 54.824,
      "y": -20.763
    },
    "block_28": {
      "angle": 90.039,
      "id": "WOOD_BLOCK_8X1",
      "x": 57.123,
      "y": -22.719
    },
    "block_29": {
      "angle": 90.062,
      "id": "WOOD_BLOCK_8X1",
      "x": 61.825,
      "y": -22.718
    },
    "block_3": {
      "angle": 179.426,
      "id": "WOOD_BLOCK_8X1",
      "x": 104.485,
      "y": -30.379
    },
    "block_30": {
      "angle": 89.768,
      "id": "WOOD_BLOCK_8X1",
      "x": 86.289,
      "y": -4.014
    },
    "block_31": {
      "angle": 89.447,
      "id": "WOOD_BLOCK_8X1",
      "x": 80.576,
      "y": -12.947
    },
    "block_32": {
      "angle": 90.232,
      "id": "WOOD_BLOCK_8X1",
      "x": 89.364,
      "y": -22.828
    },
    "block_33": {
      "angle": 0.003,
      "id": "MISC_EXPLOSIVE_TNT",
      "x": 72.897,
      "y": -1.735
    },
    "block_34": {
      "angle": 359.619,
      "id": "WOOD_BLOCK_4X1",
      "x": 79.032,
      "y": -17.408
    },
    "block_35": {
      "angle": 0.003,
      "id": "MISC_EXPLOSIVE_TNT",
      "x": 95.417,
      "y": -1.735
    },
    "block_36": {
      "angle": 89.799,
      "id": "WOOD_BLOCK_8X1",
      "x": 77.601,
      "y": -12.931
    },
    "block_37": {
      "angle": 346.482,
      "id": "WOOD_BLOCK_8X1",
      "x": 80.356,
      "y": -24.074
    },
    "block_38": {
      "angle": 346.453,
      "id": "WOOD_BLOCK_8X1",
      "x": 80.254,
      "y": -25.143
    },
    "block_39": {
      "angle": 89.999,
      "id": "WOOD_BLOCK_4X2",
      "x": 104.596,
      "y": -23.906
    },
    "block_4": {
      "angle": 90.024,
      "id": "WOOD_BLOCK_8X1",
      "x": 101.541,
      "y": -16.967
    },
    "block_40": {
      "angle": 346.548,
      "id": "WOOD_BLOCK_8X1",
      "x": 80.665,
      "y": -23.061
    },
    "block_41": {
      "angle": 89.997,
      "id": "TERRAIN_TEXTURED_HILLS_10X10",
      "x": 136.539,
      "y": -19.366
    },
    "block_42": {
      "angle": 74.998,
      "id": "TERRAIN_TEXTURED_HILLS_10X10",
      "x": 35.825,
      "y": -3.133
    },
    "block_43": {
      "angle": 44.997,
      "id": "TERRAIN_TEXTURED_HILLS_10X10",
      "x": 122.07,
      "y": -7.924
    },
    "block_44": {
      "angle": 89.997,
      "id": "TERRAIN_TEXTURED_HILLS_10X10",
      "x": 126.974,
      "y": -10.024
    },
    "block_45": {
      "angle": 43.998,
      "id": "TERRAIN_TEXTURED_HILLS_10X10",
      "x": 9.048,
      "y": -16.358
    },
    "block_46": {
      "angle": 44.997,
      "id": "TERRAIN_TEXTURED_HILLS_10X10",
      "x": 115.32,
      "y": -1.324
    },
    "block_47": {
      "angle": 108.998,
      "id": "TERRAIN_TEXTURED_HILLS_10X10",
      "x": 23.21,
      "y": -19.233
    },
    "block_48": {
      "angle": 89.998,
      "id": "TERRAIN_TEXTURED_HILLS_10X10",
      "x": 26.832,
      "y": -3.674
    },
    "block_49": {
      "angle": 83.998,
      "id": "TERRAIN_TEXTURED_HILLS_10X10",
      "x": 16.917,
      "y": -13.28
    },
    "block_5": {
      "angle": 179.501,
      "id": "WOOD_BLOCK_8X1",
      "x": 104.389,
      "y": -21.454
    },
    "block_50": {
      "angle": 78.998,
      "id": "TERRAIN_TEXTURED_HILLS_10X10",
      "x": 13.311,
      "y": -9.438
    },
    "block_51": {
      "angle": 359.999,
      "id": "PIG_BASIC_MEDIUM",
      "x": 86.396,
      "y": -32.806
    },
    "block_52": {
      "angle": 0.625,
      "id": "PIG_BASIC_MEDIUM",
      "x": 88.694,
      "y": -1.9
    },
    "block_53": {
      "angle": 359.453,
      "id": "STONE_BLOCK_4X4_HOLLOW",
      "x": 104.476,
      "y": -32.873
    },
    "block_54": {
      "angle": 359.999,
      "id": "BLOCK_LANTERN",
      "x": 104.446,
      "y": -37.356
    },
    "block_55": {
      "angle": 359.985,
      "id": "STONE_CIRCLE_4X4",
      "x": 87.99,
      "y": -29.588
    },
    "block_56": {
      "angle": 89.998,
      "id": "ICE_BLOCK_4X2",
      "x": 63.927,
      "y": -20.763
    },
    "block_57": {
      "angle": 91.496,
      "id": "ICE_BLOCK_4X2",
      "x": 87.34,
      "y": -20.922
    },
    "block_58": {
      "angle": 89.964,
      "id": "ICE_BLOCK_4X2",
      "x": 104.381,
      "y": -15.112
    },
    "block_59": {
      "angle": 89.998,
      "id": "STONE_BLOCK_4X2",
      "x": 59.474,
      "y": -20.764
    },
    "block_6": {
      "angle": 359.997,
      "id": "PIG_BASIC_BIG",
      "x": 82.546,
      "y": -2.375
    },
    "block_60": {
      "angle": 89.997,
      "id": "TERRAIN_TEXTURED_HILLS_10X10",
      "x": 136.613,
      "y": -9.938
    },
    "block_61": {
      "angle": 89.36,
      "id": "STONE_BLOCK_4X2",
      "x": 79.007,
      "y": -19.92
    },
    "block_62": {
      "angle": 83.998,
      "id": "TERRAIN_TEXTURED_HILLS_10X10",
      "x": 26.417,
      "y": -12.58
    },
    "block_63": {
      "angle": 43.997,
      "id": "TERRAIN_TEXTURED_HILLS_10X10",
      "x": 138.521,
      "y": -24.216
    },
    "block_64": {
      "angle": 89.36,
      "id": "STONE_BLOCK_4X2",
      "x": 91.346,
      "y": -24.756
    },
    "block_65": {
      "angle": 43.997,
      "id": "TERRAIN_TEXTURED_HILLS_10X10",
      "x": 131.894,
      "y": -30.606
    },
    "block_66": {
      "angle": 89.999,
      "id": "STONE_BLOCK_4X2",
      "x": 104.546,
      "y": -27.906
    },
    "block_67": {
      "angle": 89.997,
      "id": "TERRAIN_TEXTURED_HILLS_10X10",
      "x": 135.372,
      "y": -2.206
    },
    "block_68": {
      "angle": 89.812,
      "id": "STONE_BLOCK_4X2",
      "x": 83.278,
      "y": -20.928
    },
    "block_69": {
      "angle": 89.997,
      "id": "TERRAIN_TEXTURED_HILLS_10X10",
      "x": 125.922,
      "y": -2.031
    },
    "block_7": {
      "angle": 89.232,
      "id": "WOOD_BLOCK_8X1",
      "x": 101.103,
      "y": -25.884
    },
    "block_70": {
      "angle": 102.998,
      "id": "TERRAIN_TEXTURED_HILLS_10X10",
      "x": 9.574,
      "y": -1.935
    },
    "block_71": {
      "angle": 89.981,
      "id": "STONE_BLOCK_4X2",
      "x": 92.34,
      "y": -9.994
    },
    "block_72": {
      "angle": 87.998,
      "id": "TERRAIN_TEXTURED_HILLS_10X10",
      "x": 18.046,
      "y": -4.206
    },
    "block_73": {
      "angle": 167.997,
      "id": "TERRAIN_TEXTURED_HILLS_10X2",
      "x": 106.873,
      "y": -0.377
    },
    "block_74": {
      "angle": 359.998,
      "id": "TERRAIN_TEXTURED_HILLS_5X5",
      "x": 119.628,
      "y": -12.438
    },
    "block_75": {
      "angle": 359.998,
      "id": "TERRAIN_TEXTURED_HILLS_5X5",
      "x": 49.568,
      "y": -2.149
    },
    "block_76": {
      "angle": 359.998,
      "id": "TERRAIN_TEXTURED_HILLS_10X10",
      "x": 56.155,
      "y": -4.204
    },
    "block_77": {
      "angle": 104.998,
      "id": "TERRAIN_TEXTURED_HILLS_5X5",
      "x": 28.526,
      "y": -18.107
    },
    "block_78": {
      "angle": 328.998,
      "id": "TERRAIN_TEXTURED_HILLS_10X10",
      "x": 44.155,
      "y": -4.204
    },
    "block_79": {
      "angle": 359.998,
      "id": "TERRAIN_TEXTURED_HILLS_10X10",
      "x": 65.555,
      "y": -4.254
    },
    "block_8": {
      "angle": 89.921,
      "id": "WOOD_BLOCK_8X1",
      "x": 107.814,
      "y": -25.945
    },
    "block_80": {
      "angle": 359.998,
      "id": "TERRAIN_TEXTURED_HILLS_5X5",
      "x": 89.361,
      "y": -16.391
    },
    "block_81": {
      "angle": 359.998,
      "id": "TERRAIN_TEXTURED_HILLS_10X10",
      "x": 65.755,
      "y": -13.804
    },
    "block_82": {
      "angle": 359.998,
      "id": "TERRAIN_TEXTURED_HILLS_5X5",
      "x": 84.661,
      "y": -16.441
    },
    "block_83": {
      "angle": 359.998,
      "id": "TERRAIN_TEXTURED_HILLS_10X10",
      "x": 56.455,
      "y": -13.805
    },
    "block_84": {
      "angle": 338.999,
      "id": "TERRAIN_TEXTURED_HILLS_10X10",
      "x": 50.218,
      "y": -10.349
    },
    "block_85": {
      "angle": 359.998,
      "id": "TERRAIN_TEXTURED_HILLS_10X10",
      "x": 16.36,
      "y": -21.883
    },
    "block_86": {
      "angle": 17.998,
      "id": "TERRAIN_TEXTURED_HILLS_10X10",
      "x": 8.085,
      "y": -20.133
    },
    "block_87": {
      "angle": 359.998,
      "id": "TERRAIN_TEXTURED_HILLS_5X2",
      "x": 50.318,
      "y": -4.999
    },
    "block_88": {
      "angle": 359.997,
      "id": "TERRAIN_TEXTURED_HILLS_5X2",
      "x": 106.596,
      "y": -12.206
    },
    "block_89": {
      "angle": 359.997,
      "id": "TERRAIN_TEXTURED_HILLS_5X2",
      "x": 101.846,
      "y": -12.156
    },
    "block_9": {
      "angle": 90.126,
      "id": "WOOD_BLOCK_8X1",
      "x": 77.258,
      "y": -4.011
    },
    "block_90": {
      "angle": 343.998,
      "id": "TERRAIN_TEXTURED_HILLS_5X2",
      "x": 103.296,
      "y": -11.356
    },
    "block_91": {
      "angle": 11.998,
      "id": "TERRAIN_TEXTURED_HILLS_5X2",
      "x": 105.296,
      "y": -11.406
    },
    "block_92": {
      "angle": 108,
      "id": "TERRAIN_TEXTURED_HILLS_5X2",
      "x": 140.018,
      "y": -3.207
    },
    "block_93": {
      "angle": 180.005,
      "id": "ICE_BLOCK_10X1",
      "x": 61.565,
      "y": -27.192
    },
    "block_94": {
      "angle": 180.819,
      "id": "ICE_BLOCK_10X1",
      "x": 87.772,
      "y": -27.319
    },
    "block_95": {
      "angle": 167.54,
      "id": "WOOD_BLOCK_10X1",
      "x": 113.286,
      "y": -14.62
    },
    "block_96": {
      "angle": 335.769,
      "id": "WOOD_BLOCK_10X1",
      "x": 88.894,
      "y": -11.444
    },
    "block_97": {
      "angle": 359.935,
      "id": "WOOD_BLOCK_10X1",
      "x": 81.551,
      "y": -8.477
    },
    "block_98": {
      "angle": 330,
      "id": "TERRAIN_TEXTURED_HILLS_5X5",
      "x": 3.168,
      "y": -19.291
    },
    "block_99": {
      "angle": 180.078,
      "id": "STONE_CIRCLE_2X2",
      "x": 75.596,
      "y": -0.947
    }
  }
}
