{
  "camera": [
    {
      "bottom": 13.686,
      "id": "Slingshot",
      "left": -30.476,
      "right": 56.809,
      "top": -51.778,
      "x": 41.452,
      "y": -19.046
    },
    {
      "bottom": 13.43,
      "id": "Castle",
      "left": -2.773,
      "right": 84.512,
      "top": -52.034,
      "x": 69.155,
      "y": -19.302
    }
  ],
  "counts": {
    "birds": 4,
    "blocks": 96
  },
  "id": "pack13/LevelP5_631.lua",
  "scoreEagle": 79000,
  "scoreGold": 75000,
  "scoreSilver": 68000,
  "theme": "BACKGROUND_WESTERN",
  "world": {
    "bird_1": {
      "angle": 0,
      "id": "BIRD_YELLOW",
      "x": 15.204,
      "y": -4.281
    },
    "bird_2": {
      "angle": 0,
      "id": "BIRD_GREEN",
      "x": 8.312,
      "y": -4.795
    },
    "bird_3": {
      "angle": 0,
      "id": "BIRD_BLACK",
      "x": 4.599,
      "y": -4.792
    },
    "bird_4": {
      "angle": 0,
      "id": "BIRD_YELLOW",
      "x": 1.834,
      "y": -4.482
    },
    "block_1": {
      "angle": 359.428,
      "id": "MISC_BANDITO_HAT",
      "x": 73.227,
      "y": -9.343
    },
    "block_10": {
      "angle": 98.092,
      "id": "WOOD_BLOCK_8X1",
      "x": 58.56,
      "y": -14.297
    },
    "block_11": {
      "angle": 0.074,
      "id": "PIG_BASIC_SMALL",
      "x": 79.675,
      "y": -1.125
    },
    "block_12": {
      "angle": 135.011,
      "id": "TERRAIN_TEXTURED_HILLS_5X5",
      "x": 18.271,
      "y": 0.091
    },
    "block_13": {
      "angle": 90.011,
      "id": "TERRAIN_TEXTURED_HILLS_5X5",
      "x": 7.05,
      "y": -0.948
    },
    "block_14": {
      "angle": 45.01,
      "id": "TERRAIN_TEXTURED_HILLS_5X5",
      "x": 0,
      "y": 0.052
    },
    "block_15": {
      "angle": 0.01,
      "id": "TERRAIN_TEXTURED_HILLS_5X5",
      "x": 2.35,
      "y": -0.948
    },
    "block_16": {
      "angle": 90.011,
      "id": "TERRAIN_TEXTURED_HILLS_5X5",
      "x": 15.916,
      "y": -0.915
    },
    "block_17": {
      "angle": 0.01,
      "id": "TERRAIN_TEXTURED_HILLS_5X5",
      "x": 11.216,
      "y": -0.915
    },
    "block_18": {
      "angle": 89.982,
      "id": "WOOD_BLOCK_4X2",
      "x": 74.961,
      "y": -2.057
    },
    "block_19": {
      "angle": 90.027,
      "id": "WOOD_BLOCK_4X2",
      "x": 71.052,
      "y": -2.056
    },
    "block_2": {
      "angle": 275,
      "id": "TERRAIN_TEXTURED_HILLS_5X2",
      "x": 83.828,
      "y": -24.099
    },
    "block_20": {
      "angle": 22.772,
      "id": "WOOD_BLOCK_8X1",
      "x": 72.334,
      "y": -22.835
    },
    "block_21": {
      "angle": 329,
      "id": "TERRAIN_TEXTURED_HILLS_5X2",
      "x": 90.329,
      "y": -13.078
    },
    "block_22": {
      "angle": 148.999,
      "id": "TERRAIN_TEXTURED_HILLS_5X2",
      "x": 97.46,
      "y": -4.227
    },
    "block_23": {
      "angle": 359.921,
      "id": "MISC_EXPLOSIVE_TNT",
      "x": 88.956,
      "y": -1.883
    },
    "block_24": {
      "angle": 180.009,
      "id": "WOOD_BLOCK_8X1",
      "x": 73.173,
      "y": -4.571
    },
    "block_25": {
      "angle": 122,
      "id": "TERRAIN_TEXTURED_HILLS_5X2",
      "x": 88.879,
      "y": -13.202
    },
    "block_26": {
      "angle": 359.921,
      "id": "MISC_EXPLOSIVE_TNT",
      "x": 103.021,
      "y": -5.208
    },
    "block_27": {
      "angle": 359.921,
      "id": "MISC_EXPLOSIVE_TNT",
      "x": 106.394,
      "y": -5.153
    },
    "block_28": {
      "angle": 284,
      "id": "TERRAIN_TEXTURED_HILLS_5X2",
      "x": 97.17,
      "y": -5.387
    },
    "block_29": {
      "angle": 89.921,
      "id": "MISC_EXPLOSIVE_TNT",
      "x": 104.108,
      "y": -8.516
    },
    "block_3": {
      "angle": 284,
      "id": "TERRAIN_TEXTURED_HILLS_5X2",
      "x": 83.143,
      "y": -20.113
    },
    "block_30": {
      "angle": 328.836,
      "id": "WOOD_BLOCK_8X1",
      "x": 72.455,
      "y": -27.119
    },
    "block_31": {
      "angle": 359.921,
      "id": "MISC_EXPLOSIVE_TNT",
      "x": 58.714,
      "y": -1.784
    },
    "block_32": {
      "angle": 71,
      "id": "ICE_BLOCK_8X1",
      "x": 77.426,
      "y": -24.728
    },
    "block_33": {
      "angle": 0.036,
      "id": "PIG_BASIC_SMALL",
      "x": 83.624,
      "y": -1.141
    },
    "block_34": {
      "angle": 0.038,
      "id": "PIG_BASIC_SMALL",
      "x": 85.736,
      "y": -1.12
    },
    "block_35": {
      "angle": 0.079,
      "id": "PIG_BASIC_SMALL",
      "x": 84.727,
      "y": -2.952
    },
    "block_36": {
      "angle": 180.375,
      "id": "WOOD_BLOCK_2X1",
      "x": 50.752,
      "y": -3.312
    },
    "block_37": {
      "angle": 181.681,
      "id": "WOOD_BLOCK_2X1",
      "x": 50.759,
      "y": -2.496
    },
    "block_38": {
      "angle": 91.029,
      "id": "WOOD_BLOCK_2X1",
      "x": 50.566,
      "y": -1.049
    },
    "block_39": {
      "angle": 359.958,
      "id": "PIG_BASIC_MEDIUM",
      "x": 67.918,
      "y": -1.9
    },
    "block_4": {
      "angle": 270,
      "id": "TERRAIN_TEXTURED_HILLS_5X2",
      "x": 80.83,
      "y": -22.449
    },
    "block_40": {
      "angle": 359.979,
      "id": "PIG_BASIC_MEDIUM",
      "x": 73.246,
      "y": -6.921
    },
    "block_41": {
      "angle": 355.615,
      "id": "PIG_BASIC_MEDIUM",
      "x": 55.031,
      "y": -1.896
    },
    "block_42": {
      "angle": 359.958,
      "id": "PIG_BASIC_MEDIUM",
      "x": 75.44,
      "y": -24.024
    },
    "block_43": {
      "angle": 132.703,
      "id": "WOOD_BLOCK_4X1",
      "x": 46.832,
      "y": -1.865
    },
    "block_44": {
      "angle": 87.432,
      "id": "WOOD_BLOCK_4X1",
      "x": 49.112,
      "y": -2.127
    },
    "block_45": {
      "angle": 149.284,
      "id": "STONE_BLOCK_4X2",
      "x": 72.981,
      "y": -31.601
    },
    "block_46": {
      "angle": 180.284,
      "id": "STONE_BLOCK_4X2",
      "x": 84.044,
      "y": -27.479
    },
    "block_47": {
      "angle": 270.284,
      "id": "STONE_BLOCK_4X2",
      "x": 84.18,
      "y": -30.507
    },
    "block_48": {
      "angle": 149.044,
      "id": "STONE_BLOCK_4X2",
      "x": 72.608,
      "y": -29.013
    },
    "block_49": {
      "angle": 45,
      "id": "TERRAIN_TEXTURED_HILLS_5X5",
      "x": 96.927,
      "y": -2.308
    },
    "block_5": {
      "angle": 233.815,
      "id": "WOOD_BLOCK_8X1",
      "x": 95.153,
      "y": -11.486
    },
    "block_50": {
      "angle": 45,
      "id": "TERRAIN_TEXTURED_HILLS_5X5",
      "x": 80.549,
      "y": -18.959
    },
    "block_51": {
      "angle": 315,
      "id": "TERRAIN_TEXTURED_HILLS_5X5",
      "x": 66.729,
      "y": -18.838
    },
    "block_52": {
      "angle": 45,
      "id": "TERRAIN_TEXTURED_HILLS_5X5",
      "x": 87.132,
      "y": -12.392
    },
    "block_53": {
      "angle": 0,
      "id": "TERRAIN_TEXTURED_HILLS_10X10",
      "x": 102.839,
      "y": 1.468
    },
    "block_54": {
      "angle": 45,
      "id": "TERRAIN_TEXTURED_HILLS_5X5",
      "x": 83.793,
      "y": -15.74
    },
    "block_55": {
      "angle": 0,
      "id": "TERRAIN_TEXTURED_HILLS_10X10",
      "x": 111.932,
      "y": 1.439
    },
    "block_56": {
      "angle": 315,
      "id": "TERRAIN_TEXTURED_HILLS_5X5",
      "x": 63.456,
      "y": -15.564
    },
    "block_57": {
      "angle": 270,
      "id": "TERRAIN_TEXTURED_HILLS_5X5",
      "x": 62.382,
      "y": -13.096
    },
    "block_58": {
      "angle": 110,
      "id": "TERRAIN_TEXTURED_HILLS_5X5",
      "x": 99.05,
      "y": -1.882
    },
    "block_59": {
      "angle": 0,
      "id": "TERRAIN_TEXTURED_HILLS_5X2",
      "x": 52.077,
      "y": -4.61
    },
    "block_6": {
      "angle": 278.815,
      "id": "WOOD_BLOCK_8X1",
      "x": 94.053,
      "y": -6.599
    },
    "block_60": {
      "angle": 135,
      "id": "TERRAIN_TEXTURED_HILLS_5X2",
      "x": 51.956,
      "y": -6.429
    },
    "block_61": {
      "angle": 0,
      "id": "TERRAIN_TEXTURED_HILLS_5X2",
      "x": 55.472,
      "y": -7.884
    },
    "block_62": {
      "angle": 135,
      "id": "TERRAIN_TEXTURED_HILLS_5X2",
      "x": 58.866,
      "y": -9.459
    },
    "block_63": {
      "angle": 0,
      "id": "TERRAIN_TEXTURED_HILLS_5X2",
      "x": 56.711,
      "y": -4.593
    },
    "block_64": {
      "angle": 135,
      "id": "TERRAIN_TEXTURED_HILLS_5X2",
      "x": 60.244,
      "y": -6.1
    },
    "block_65": {
      "angle": 180,
      "id": "TERRAIN_TEXTURED_HILLS_5X2",
      "x": 63.828,
      "y": -7.554
    },
    "block_66": {
      "angle": 315,
      "id": "TERRAIN_TEXTURED_HILLS_5X2",
      "x": 67.357,
      "y": -9.007
    },
    "block_67": {
      "angle": 90,
      "id": "TERRAIN_TEXTURED_HILLS_5X2",
      "x": 68.817,
      "y": -12.543
    },
    "block_68": {
      "angle": 45,
      "id": "TERRAIN_TEXTURED_HILLS_5X5",
      "x": 100.188,
      "y": 0.624
    },
    "block_69": {
      "angle": 159.548,
      "id": "STONE_CIRCLE_2X2",
      "x": 61.322,
      "y": -0.991
    },
    "block_7": {
      "angle": 180,
      "id": "WOOD_BLOCK_8X1",
      "x": 89.667,
      "y": -8.193
    },
    "block_70": {
      "angle": 90,
      "id": "TERRAIN_TEXTURED_HILLS_5X5",
      "x": 64.308,
      "y": -9.988
    },
    "block_71": {
      "angle": 90,
      "id": "TERRAIN_TEXTURED_HILLS_5X5",
      "x": 62.647,
      "y": -9.803
    },
    "block_72": {
      "angle": 90,
      "id": "TERRAIN_TEXTURED_HILLS_5X5",
      "x": 66.832,
      "y": -15.219
    },
    "block_73": {
      "angle": 204.801,
      "id": "STONE_CIRCLE_2X2",
      "x": 99.604,
      "y": -8.53
    },
    "block_74": {
      "angle": 90,
      "id": "TERRAIN_TEXTURED_HILLS_5X5",
      "x": 65.847,
      "y": -11.465
    },
    "block_75": {
      "angle": 163.86,
      "id": "STONE_CIRCLE_2X2",
      "x": 101.072,
      "y": -7.629
    },
    "block_76": {
      "angle": 270,
      "id": "TERRAIN_TEXTURED_HILLS_5X2",
      "x": 54.729,
      "y": -9.699
    },
    "block_77": {
      "angle": 159.548,
      "id": "STONE_CIRCLE_2X2",
      "x": 99.45,
      "y": -6.743
    },
    "block_78": {
      "angle": 270,
      "id": "TERRAIN_TEXTURED_HILLS_5X2",
      "x": 52.175,
      "y": -11.998
    },
    "block_79": {
      "angle": 225,
      "id": "TERRAIN_TEXTURED_HILLS_5X2",
      "x": 77.337,
      "y": -18.893
    },
    "block_8": {
      "angle": 324.06,
      "id": "WOOD_BLOCK_8X1",
      "x": 55.256,
      "y": -17.249
    },
    "block_80": {
      "angle": 45,
      "id": "TERRAIN_TEXTURED_HILLS_5X2",
      "x": 79.145,
      "y": -18.674
    },
    "block_81": {
      "angle": 135,
      "id": "TERRAIN_TEXTURED_HILLS_5X2",
      "x": 66.339,
      "y": -20.499
    },
    "block_82": {
      "angle": 315,
      "id": "TERRAIN_TEXTURED_HILLS_5X2",
      "x": 66.558,
      "y": -22.307
    },
    "block_83": {
      "angle": 45,
      "id": "TERRAIN_TEXTURED_HILLS_5X2",
      "x": 53.027,
      "y": -9.156
    },
    "block_84": {
      "angle": 135,
      "id": "TERRAIN_TEXTURED_HILLS_5X2",
      "x": 67.876,
      "y": -12.864
    },
    "block_85": {
      "angle": 225,
      "id": "TERRAIN_TEXTURED_HILLS_5X2",
      "x": 51.219,
      "y": -9.375
    },
    "block_86": {
      "angle": 182.776,
      "id": "WOOD_BLOCK_4X1",
      "x": 55.759,
      "y": -12.73
    },
    "block_87": {
      "angle": 258.976,
      "id": "WOOD_BLOCK_4X1",
      "x": 56.959,
      "y": -15.251
    },
    "block_88": {
      "angle": 90,
      "id": "TERRAIN_TEXTURED_HILLS_5X2",
      "x": 69.288,
      "y": -16.393
    },
    "block_89": {
      "angle": 0.5,
      "id": "MISC_COWBOY_HAT_SMALL",
      "x": 79.783,
      "y": -2.25
    },
    "block_9": {
      "angle": 52.595,
      "id": "WOOD_BLOCK_8X1",
      "x": 58.782,
      "y": -20.078
    },
    "block_90": {
      "angle": 90,
      "id": "WOOD_BLOCK_4X1",
      "x": 90.129,
      "y": -5.599
    },
    "block_91": {
      "angle": 225,
      "id": "WOOD_BLOCK_4X1",
      "x": 91.354,
      "y": -10.346
    },
    "block_92": {
      "angle": 296,
      "id": "WOOD_BLOCK_4X1",
      "x": 88.323,
      "y": -5.506
    },
    "block_93": {
      "angle": 135,
      "id": "TERRAIN_TEXTURED_HILLS_5X5",
      "x": 93.78,
      "y": 0.81
    },
    "block_94": {
      "angle": 180,
      "id": "TERRAIN_TEXTURED_HILLS_5X5",
      "x": 56.616,
      "y": -6.48
    },
    "block_95": {
      "angle": 180,
      "id": "TERRAIN_TEXTURED_HILLS_5X5",
      "x": 54.277,
      "y": -6.48
    },
    "block_96": {
      "angle": 135,
      "id": "TERRAIN_TEXTURED_HILLS_5X5",
      "x": 59.939,
      "y": -8.141
    }
  }
}
