{
  "camera": [
    {
      "bottom": 8.895,
      "id": "Slingshot",
      "left": -36.37,
      "right": 52.08,
      "top": -57.443,
      "x": 40.563,
      "y": -24.274
    },
    {
      "bottom": 9.246,
      "id": "Castle",
      "left": 13.983,
      "right": 102.434,
      "top": -57.092,
      "x": 90.916,
      "y": -23.923
    }
  ],
  "counts": {
    "birds": 3,
    "blocks": 87
  },
  "id": "packChristmas/LevelP1_661.lua",
  "theme": "BACKGROUND_XMAS",
  "world": {
    "bird_1": {
      "angle": 0,
      "id": "BIRD_YELLOW",
      "x": 14.233,
      "y": -12.72
    },
    "bird_2": {
      "angle": 0,
      "id": "BIRD_WHITE",
      "x": 6.165,
      "y": -13.688
    },
    "bird_3": {
      "angle": 0,
      "id": "BIRD_YELLOW",
      "x": 2.793,
      "y": -12.993
    },
    "block_1": {
      "angle": 359.999,
      "id": "PIG_BASIC_SMALL",
      "x": 98.633,
      "y": -18.271
    },
    "block_10": {
      "angle": 0,
      "id": "ICE_BLOCK_2X1",
      "x": 96.438,
      "y": -17.795
    },
    "block_11": {
      "angle": 359.997,
      "id": "MISC_GIFT_6X3",
      "x": 80.951,
      "y": -13.038
    },
    "block_12": {
      "angle": 359.997,
      "id": "MISC_GIFT_7X4",
      "x": 92.481,
      "y": -3.57
    },
    "block_13": {
      "angle": 359.997,
      "id": "MISC_GIFT_4X5",
      "x": 103.222,
      "y": -4.043
    },
    "block_14": {
      "angle": 359.82,
      "id": "WOOD_BLOCK_10X1",
      "x": 78.34,
      "y": -6.002
    },
    "block_15": {
      "angle": 359.875,
      "id": "WOOD_BLOCK_10X1",
      "x": 80.469,
      "y": -11.009
    },
    "block_16": {
      "angle": 359.875,
      "id": "WOOD_BLOCK_10X1",
      "x": 80.544,
      "y": -15.876
    },
    "block_17": {
      "angle": 359.875,
      "id": "WOOD_BLOCK_10X1",
      "x": 72.609,
      "y": -20.845
    },
    "block_18": {
      "angle": 179.997,
      "id": "WOOD_BLOCK_10X1",
      "x": 93.055,
      "y": -5.854
    },
    "block_19": {
      "angle": 179.997,
      "id": "WOOD_BLOCK_10X1",
      "x": 103.127,
      "y": -5.841
    },
    "block_2": {
      "angle": 359.999,
      "id": "PIG_BASIC_SMALL",
      "x": 70.907,
      "y": -12.518
    },
    "block_20": {
      "angle": 179.997,
      "id": "WOOD_BLOCK_10X1",
      "x": 90.664,
      "y": -10.951
    },
    "block_21": {
      "angle": 359.875,
      "id": "WOOD_BLOCK_10X1",
      "x": 88.614,
      "y": -20.9
    },
    "block_22": {
      "angle": 269.997,
      "id": "WOOD_BLOCK_10X1",
      "x": 102.63,
      "y": -11.266
    },
    "block_23": {
      "angle": 359.997,
      "id": "WOOD_BLOCK_10X1",
      "x": 99.78,
      "y": -16.816
    },
    "block_24": {
      "angle": 359.997,
      "id": "WOOD_BLOCK_10X1",
      "x": 96.235,
      "y": -21.863
    },
    "block_25": {
      "angle": 179.997,
      "id": "WOOD_BLOCK_10X1",
      "x": 113.325,
      "y": -5.906
    },
    "block_26": {
      "angle": 359.997,
      "id": "MISC_METAL_HOLYGRAIL",
      "x": 72.764,
      "y": -23.368
    },
    "block_27": {
      "angle": 359.997,
      "id": "MISC_METAL_HOLYGRAIL",
      "x": 113.045,
      "y": -8.477
    },
    "block_28": {
      "angle": 0,
      "id": "MISC_METAL_FLAG_FINLAND",
      "x": 122.274,
      "y": -7.426
    },
    "block_29": {
      "angle": 0,
      "id": "PIG_BASIC_MEDIUM",
      "x": 72.48,
      "y": -3.209
    },
    "block_3": {
      "angle": 359.999,
      "id": "PIG_BASIC_SMALL",
      "x": 77.627,
      "y": -17.304
    },
    "block_30": {
      "angle": 269.997,
      "id": "WOOD_TRIANGLE_4X4",
      "x": 70.714,
      "y": -28.382
    },
    "block_31": {
      "angle": 359.997,
      "id": "WOOD_TRIANGLE_4X4",
      "x": 74.964,
      "y": -28.419
    },
    "block_32": {
      "angle": 269.997,
      "id": "WOOD_TRIANGLE_4X4",
      "x": 110.995,
      "y": -13.49
    },
    "block_33": {
      "angle": 359.997,
      "id": "WOOD_TRIANGLE_4X4",
      "x": 115.245,
      "y": -13.528
    },
    "block_34": {
      "angle": 179.997,
      "id": "STONE_BLOCK_4X1",
      "x": 85.958,
      "y": -5.892
    },
    "block_35": {
      "angle": 89.913,
      "id": "STONE_BLOCK_4X2",
      "x": 68.562,
      "y": -3.47
    },
    "block_36": {
      "angle": 269.998,
      "id": "STONE_BLOCK_4X2",
      "x": 76.142,
      "y": -3.452
    },
    "block_37": {
      "angle": 0,
      "id": "STONE_BLOCK_4X2",
      "x": 92.732,
      "y": -23.262
    },
    "block_38": {
      "angle": 44.999,
      "id": "TERRAIN_TEXTURED_HILLS_5X5",
      "x": 64.685,
      "y": 2.045
    },
    "block_39": {
      "angle": 89.999,
      "id": "TERRAIN_TEXTURED_HILLS_5X5",
      "x": 121.956,
      "y": -2.087
    },
    "block_4": {
      "angle": 359.999,
      "id": "PIG_BASIC_SMALL",
      "x": 91.05,
      "y": -12.427
    },
    "block_40": {
      "angle": 89.999,
      "id": "TERRAIN_TEXTURED_HILLS_5X5",
      "x": 23.625,
      "y": -2.363
    },
    "block_41": {
      "angle": 45,
      "id": "TERRAIN_TEXTURED_HILLS_5X5",
      "x": 15.613,
      "y": -7.709
    },
    "block_42": {
      "angle": 45,
      "id": "TERRAIN_TEXTURED_HILLS_5X5",
      "x": 21.666,
      "y": -4.025
    },
    "block_43": {
      "angle": 90,
      "id": "TERRAIN_TEXTURED_HILLS_5X5",
      "x": 4.223,
      "y": -9.626
    },
    "block_44": {
      "angle": 135,
      "id": "TERRAIN_TEXTURED_HILLS_5X5",
      "x": 6.908,
      "y": -7.942
    },
    "block_45": {
      "angle": 359.998,
      "id": "TERRAIN_TEXTURED_HILLS_10X10",
      "x": 69.349,
      "y": 3.523
    },
    "block_46": {
      "angle": 359.998,
      "id": "TERRAIN_TEXTURED_HILLS_10X10",
      "x": 78.809,
      "y": 3.519
    },
    "block_47": {
      "angle": 359.998,
      "id": "TERRAIN_TEXTURED_HILLS_10X10",
      "x": 86.364,
      "y": 3.531
    },
    "block_48": {
      "angle": 134.999,
      "id": "TERRAIN_TEXTURED_HILLS_10X10",
      "x": 124.43,
      "y": 2.446
    },
    "block_49": {
      "angle": 134.999,
      "id": "TERRAIN_TEXTURED_HILLS_10X10",
      "x": 26.099,
      "y": 2.17
    },
    "block_5": {
      "angle": 359.999,
      "id": "PIG_BASIC_SMALL",
      "x": 100.475,
      "y": -7.41
    },
    "block_50": {
      "angle": 0,
      "id": "TERRAIN_TEXTURED_HILLS_10X10",
      "x": 17.02,
      "y": -3.375
    },
    "block_51": {
      "angle": 0,
      "id": "TERRAIN_TEXTURED_HILLS_10X10",
      "x": 11.087,
      "y": -7.175
    },
    "block_52": {
      "angle": 45,
      "id": "TERRAIN_TEXTURED_HILLS_10X10",
      "x": 8.953,
      "y": 0.492
    },
    "block_53": {
      "angle": 359.913,
      "id": "WOOD_BLOCK_4X4_HOLLOW",
      "x": 68.601,
      "y": -8.508
    },
    "block_54": {
      "angle": 359.854,
      "id": "WOOD_BLOCK_4X4_HOLLOW",
      "x": 76.136,
      "y": -8.52
    },
    "block_55": {
      "angle": 359.913,
      "id": "WOOD_BLOCK_4X4_HOLLOW",
      "x": 86.818,
      "y": -3.44
    },
    "block_56": {
      "angle": 359.913,
      "id": "WOOD_BLOCK_4X4_HOLLOW",
      "x": 97.798,
      "y": -3.383
    },
    "block_57": {
      "angle": 359.913,
      "id": "WOOD_BLOCK_4X4_HOLLOW",
      "x": 108.32,
      "y": -3.369
    },
    "block_58": {
      "angle": 359.913,
      "id": "WOOD_BLOCK_4X4_HOLLOW",
      "x": 95.718,
      "y": -8.399
    },
    "block_59": {
      "angle": 359.854,
      "id": "WOOD_BLOCK_4X4_HOLLOW",
      "x": 83.548,
      "y": -18.385
    },
    "block_6": {
      "angle": 359.999,
      "id": "PIG_BASIC_SMALL",
      "x": 108.632,
      "y": -7.465
    },
    "block_60": {
      "angle": 179.999,
      "id": "TERRAIN_TEXTURED_HILLS_5X2",
      "x": 0,
      "y": -7.955
    },
    "block_61": {
      "angle": 179.997,
      "id": "TERRAIN_TEXTURED_HILLS_32X2",
      "x": 103.785,
      "y": -0.514
    },
    "block_62": {
      "angle": 179.997,
      "id": "WOOD_BLOCK_8X1",
      "x": 72.831,
      "y": -25.907
    },
    "block_63": {
      "angle": 179.997,
      "id": "WOOD_BLOCK_8X1",
      "x": 71.2,
      "y": -10.993
    },
    "block_64": {
      "angle": 179.997,
      "id": "WOOD_BLOCK_8X1",
      "x": 113.112,
      "y": -11.016
    },
    "block_65": {
      "angle": 89.997,
      "id": "WOOD_BLOCK_4X2",
      "x": 68.746,
      "y": -13.54
    },
    "block_66": {
      "angle": 89.997,
      "id": "WOOD_BLOCK_4X2",
      "x": 76.412,
      "y": -13.54
    },
    "block_67": {
      "angle": 89.997,
      "id": "WOOD_BLOCK_4X2",
      "x": 68.81,
      "y": -18.408
    },
    "block_68": {
      "angle": 89.997,
      "id": "WOOD_BLOCK_4X2",
      "x": 82.56,
      "y": -3.44
    },
    "block_69": {
      "angle": 89.997,
      "id": "WOOD_BLOCK_4X2",
      "x": 81.571,
      "y": -8.49
    },
    "block_7": {
      "angle": 0,
      "id": "ICE_BLOCK_2X1",
      "x": 73.055,
      "y": -11.963
    },
    "block_70": {
      "angle": 89.997,
      "id": "WOOD_BLOCK_4X2",
      "x": 89.047,
      "y": -8.392
    },
    "block_71": {
      "angle": 89.997,
      "id": "WOOD_BLOCK_4X2",
      "x": 92.969,
      "y": -18.428
    },
    "block_72": {
      "angle": 89.997,
      "id": "WOOD_BLOCK_4X2",
      "x": 116.298,
      "y": -3.445
    },
    "block_73": {
      "angle": 89.997,
      "id": "WOOD_BLOCK_4X2",
      "x": 93.325,
      "y": -13.433
    },
    "block_74": {
      "angle": 89.997,
      "id": "WOOD_BLOCK_4X1",
      "x": 70.942,
      "y": -23.363
    },
    "block_75": {
      "angle": 89.997,
      "id": "WOOD_BLOCK_4X1",
      "x": 74.646,
      "y": -23.4
    },
    "block_76": {
      "angle": 179.997,
      "id": "WOOD_BLOCK_4X1",
      "x": 68.902,
      "y": -15.981
    },
    "block_77": {
      "angle": 179.997,
      "id": "WOOD_BLOCK_4X1",
      "x": 68.515,
      "y": -5.926
    },
    "block_78": {
      "angle": 269.997,
      "id": "WOOD_BLOCK_4X1",
      "x": 85.074,
      "y": -13.428
    },
    "block_79": {
      "angle": 179.997,
      "id": "WOOD_BLOCK_4X1",
      "x": 93.846,
      "y": -15.921
    },
    "block_8": {
      "angle": 0,
      "id": "ICE_BLOCK_2X1",
      "x": 79.828,
      "y": -16.882
    },
    "block_80": {
      "angle": 269.997,
      "id": "WOOD_BLOCK_4X1",
      "x": 85.589,
      "y": -8.392
    },
    "block_81": {
      "angle": 269.997,
      "id": "WOOD_BLOCK_4X1",
      "x": 100.36,
      "y": -19.3
    },
    "block_82": {
      "angle": 269.997,
      "id": "WOOD_BLOCK_4X1",
      "x": 106.179,
      "y": -8.392
    },
    "block_83": {
      "angle": 359.997,
      "id": "WOOD_BLOCK_4X1",
      "x": 105.136,
      "y": -10.87
    },
    "block_84": {
      "angle": 269.997,
      "id": "WOOD_BLOCK_4X1",
      "x": 104.092,
      "y": -8.348
    },
    "block_85": {
      "angle": 89.997,
      "id": "WOOD_BLOCK_4X1",
      "x": 114.927,
      "y": -8.509
    },
    "block_86": {
      "angle": 89.997,
      "id": "WOOD_BLOCK_4X1",
      "x": 111.223,
      "y": -8.472
    },
    "block_87": {
      "angle": 269.997,
      "id": "WOOD_BLOCK_4X1",
      "x": 76.009,
      "y": -18.354
    },
    "block_9": {
      "angle": 0,
      "id": "ICE_BLOCK_2X1",
      "x": 88.821,
      "y": -11.856
    }
  }
}
