{
  "camera": [
    {
      "bottom": 17.129,
      "id": "Slingshot",
      "left": -47.486,
      "right": 58.192,
      "top": -62.129,
      "x": 41.356,
      "y": -22.5
    },
    {
      "bottom": 15.298,
      "id": "Castle",
      "left": 6.169,
      "right": 101.961,
      "top": -56.546,
      "x": 90.068,
      "y": -20.624
    }
  ],
  "counts": {
    "birds": 4,
    "blocks": 125
  },
  "id": "pack6/LevelP3_232.lua",
  "scoreEagle": 155000,
  "scoreGold": 88000,
  "scoreSilver": 80000,
  "theme": "BACKGROUND_FOREST",
  "world": {
    "bird_1": {
      "angle": 0,
      "id": "BIRD_BLACK",
      "x": 10.545,
      "y": -13.596
    },
    "bird_2": {
      "angle": 0,
      "id": "BIRD_BLACK",
      "x": 7.472,
      "y": -13.962
    },
    "bird_3": {
      "angle": 0,
      "id": "BIRD_WHITE",
      "x": 4.217,
      "y": -14.121
    },
    "bird_4": {
      "angle": 0,
      "id": "BIRD_BLACK",
      "x": 0.545,
      "y": -13.706
    },
    "block_1": {
      "angle": 0.564,
      "id": "MISC_METAL_TIRE_2X2",
      "x": 58.356,
      "y": -6.566
    },
    "block_10": {
      "angle": 359.435,
      "id": "PIG_BASIC_MEDIUM",
      "x": 68.327,
      "y": -17.421
    },
    "block_100": {
      "angle": 44.998,
      "id": "TERRAIN_TEXTURED_HILLS_10X10",
      "x": 48.198,
      "y": 1.578
    },
    "block_101": {
      "angle": 89.998,
      "id": "TERRAIN_TEXTURED_HILLS_10X10",
      "x": 54.257,
      "y": 0.637
    },
    "block_102": {
      "angle": 89.998,
      "id": "TERRAIN_TEXTURED_HILLS_10X10",
      "x": 63.139,
      "y": 0.696
    },
    "block_103": {
      "angle": 89.998,
      "id": "TERRAIN_TEXTURED_HILLS_10X10",
      "x": 71.845,
      "y": 0.755
    },
    "block_104": {
      "angle": 89.998,
      "id": "TERRAIN_TEXTURED_HILLS_10X10",
      "x": 80.786,
      "y": 0.755
    },
    "block_105": {
      "angle": 89.998,
      "id": "TERRAIN_TEXTURED_HILLS_10X10",
      "x": 90.477,
      "y": 0.755
    },
    "block_106": {
      "angle": 134.997,
      "id": "TERRAIN_TEXTURED_HILLS_10X10",
      "x": 97.468,
      "y": -2.35
    },
    "block_107": {
      "angle": 179.997,
      "id": "TERRAIN_TEXTURED_HILLS_10X10",
      "x": 102.039,
      "y": -4.279
    },
    "block_108": {
      "angle": 179.997,
      "id": "TERRAIN_TEXTURED_HILLS_10X10",
      "x": 111.539,
      "y": -4.208
    },
    "block_109": {
      "angle": 179.997,
      "id": "TERRAIN_TEXTURED_HILLS_10X10",
      "x": 125.615,
      "y": -4.112
    },
    "block_11": {
      "angle": 4.15,
      "id": "PIG_BASIC_MEDIUM",
      "x": 95.341,
      "y": -15.215
    },
    "block_110": {
      "angle": 179.997,
      "id": "TERRAIN_TEXTURED_HILLS_10X10",
      "x": 120.517,
      "y": -4.109
    },
    "block_111": {
      "angle": 0,
      "id": "TERRAIN_TEXTURED_HILLS_10X10",
      "x": 1.484,
      "y": -4.354
    },
    "block_112": {
      "angle": 0,
      "id": "TERRAIN_TEXTURED_HILLS_10X10",
      "x": 10.929,
      "y": -4.354
    },
    "block_113": {
      "angle": 0,
      "id": "TERRAIN_TEXTURED_HILLS_5X5",
      "x": 2.309,
      "y": -10.169
    },
    "block_114": {
      "angle": 0,
      "id": "TERRAIN_TEXTURED_HILLS_5X5",
      "x": 6.926,
      "y": -10.169
    },
    "block_115": {
      "angle": 45,
      "id": "TERRAIN_TEXTURED_HILLS_5X5",
      "x": 12.314,
      "y": -9.12
    },
    "block_116": {
      "angle": 45,
      "id": "TERRAIN_TEXTURED_HILLS_5X5",
      "x": 0,
      "y": -9.19
    },
    "block_117": {
      "angle": 0,
      "id": "TERRAIN_TEXTURED_HILLS_5X5",
      "x": 10.02,
      "y": -10.091
    },
    "block_118": {
      "angle": 0,
      "id": "TERRAIN_TEXTURED_HILLS_5X5",
      "x": 132.781,
      "y": -2.587
    },
    "block_119": {
      "angle": 0,
      "id": "TERRAIN_TEXTURED_HILLS_32X2",
      "x": 78.054,
      "y": -4.473
    },
    "block_12": {
      "angle": 358.933,
      "id": "PIG_BASIC_MEDIUM",
      "x": 82.581,
      "y": -9.175
    },
    "block_120": {
      "angle": 359.999,
      "id": "WOOD_BLOCK_2X1",
      "x": 62.202,
      "y": -5.907
    },
    "block_121": {
      "angle": 0,
      "id": "TERRAIN_TEXTURED_HILLS_10X2",
      "x": 57.604,
      "y": -4.478
    },
    "block_122": {
      "angle": 0,
      "id": "TERRAIN_TEXTURED_HILLS_5X2",
      "x": 50.644,
      "y": -4.479
    },
    "block_123": {
      "angle": 358.875,
      "id": "PIG_BASIC_BIG",
      "x": 105.447,
      "y": -19.541
    },
    "block_124": {
      "angle": 105.051,
      "id": "WOOD_BLOCK_4X1",
      "x": 63.299,
      "y": -9.307
    },
    "block_125": {
      "angle": 110.22,
      "id": "WOOD_BLOCK_4X1",
      "x": 58.865,
      "y": -10.905
    },
    "block_13": {
      "angle": 4.402,
      "id": "PIG_BASIC_MEDIUM",
      "x": 118.14,
      "y": -14.853
    },
    "block_14": {
      "angle": 0.366,
      "id": "WOOD_TRIANGLE_4X4_HOLLOW",
      "x": 105.854,
      "y": -31.199
    },
    "block_15": {
      "angle": 135.466,
      "id": "WOOD_TRIANGLE_4X4",
      "x": 83.875,
      "y": -16.547
    },
    "block_16": {
      "angle": 140.628,
      "id": "WOOD_TRIANGLE_4X4",
      "x": 105.596,
      "y": -21.912
    },
    "block_17": {
      "angle": 154.537,
      "id": "WOOD_TRIANGLE_4X4",
      "x": 61.787,
      "y": -12.056
    },
    "block_18": {
      "angle": 135.06,
      "id": "WOOD_TRIANGLE_4X4",
      "x": 124.513,
      "y": -23.366
    },
    "block_19": {
      "angle": 359.638,
      "id": "WOOD_TRIANGLE_4X4",
      "x": 109.817,
      "y": -27.236
    },
    "block_2": {
      "angle": 90.362,
      "id": "STONE_TRIANGLE_4X4",
      "x": 95.168,
      "y": -7.217
    },
    "block_20": {
      "angle": 270.482,
      "id": "WOOD_TRIANGLE_4X4",
      "x": 101.661,
      "y": -27.264
    },
    "block_21": {
      "angle": 135.137,
      "id": "WOOD_TRIANGLE_4X4",
      "x": 68.325,
      "y": -19.636
    },
    "block_22": {
      "angle": 145.539,
      "id": "WOOD_TRIANGLE_4X4",
      "x": 95.707,
      "y": -17.078
    },
    "block_23": {
      "angle": 181.516,
      "id": "WOOD_TRIANGLE_4X4",
      "x": 84.924,
      "y": -9.469
    },
    "block_24": {
      "angle": 147.261,
      "id": "WOOD_TRIANGLE_4X4",
      "x": 117.895,
      "y": -16.773
    },
    "block_25": {
      "angle": 269.68,
      "id": "STONE_BLOCK_4X1",
      "x": 101.968,
      "y": -19.213
    },
    "block_26": {
      "angle": 271.047,
      "id": "STONE_BLOCK_4X1",
      "x": 109.471,
      "y": -19.178
    },
    "block_27": {
      "angle": 0.125,
      "id": "STONE_BLOCK_4X1",
      "x": 100.316,
      "y": -21.729
    },
    "block_28": {
      "angle": 0.303,
      "id": "STONE_BLOCK_4X1",
      "x": 111.115,
      "y": -21.682
    },
    "block_29": {
      "angle": 90.474,
      "id": "STONE_BLOCK_4X2",
      "x": 86.786,
      "y": -14.465
    },
    "block_3": {
      "angle": 90,
      "id": "ICE_BLOCK_2X1",
      "x": 80.156,
      "y": -10.434
    },
    "block_30": {
      "angle": 90.47,
      "id": "STONE_BLOCK_4X2",
      "x": 80.929,
      "y": -14.513
    },
    "block_31": {
      "angle": 0.139,
      "id": "STONE_BLOCK_4X2",
      "x": 66.022,
      "y": -8.415
    },
    "block_32": {
      "angle": 359.972,
      "id": "STONE_BLOCK_4X2",
      "x": 70.259,
      "y": -8.413
    },
    "block_33": {
      "angle": 0.034,
      "id": "STONE_BLOCK_4X2",
      "x": 68.13,
      "y": -6.381
    },
    "block_34": {
      "angle": 1.264,
      "id": "STONE_BLOCK_4X2",
      "x": 80.614,
      "y": -6.375
    },
    "block_35": {
      "angle": 1.338,
      "id": "STONE_BLOCK_4X2",
      "x": 78.545,
      "y": -8.455
    },
    "block_36": {
      "angle": 0.007,
      "id": "STONE_BLOCK_4X2",
      "x": 74.347,
      "y": -8.426
    },
    "block_37": {
      "angle": 0.002,
      "id": "STONE_BLOCK_4X2",
      "x": 74.349,
      "y": -6.39
    },
    "block_38": {
      "angle": 0.022,
      "id": "STONE_BLOCK_4X2",
      "x": 86.86,
      "y": -6.329
    },
    "block_39": {
      "angle": 270.14,
      "id": "STONE_BLOCK_4X2",
      "x": 100.382,
      "y": -19.213
    },
    "block_4": {
      "angle": 200.218,
      "id": "WOOD_BLOCK_10X1",
      "x": 57.899,
      "y": -8.577
    },
    "block_40": {
      "angle": 90.3,
      "id": "STONE_BLOCK_4X2",
      "x": 111.049,
      "y": -19.164
    },
    "block_41": {
      "angle": 359.958,
      "id": "STONE_BLOCK_4X2",
      "x": 101.493,
      "y": -12.297
    },
    "block_42": {
      "angle": 359.865,
      "id": "STONE_BLOCK_4X2",
      "x": 105.541,
      "y": -12.307
    },
    "block_43": {
      "angle": 0.849,
      "id": "STONE_BLOCK_4X2",
      "x": 109.589,
      "y": -12.256
    },
    "block_44": {
      "angle": 0.944,
      "id": "STONE_BLOCK_4X2",
      "x": 107.78,
      "y": -10.252
    },
    "block_45": {
      "angle": 359.946,
      "id": "STONE_BLOCK_4X2",
      "x": 103.589,
      "y": -10.268
    },
    "block_46": {
      "angle": 0.003,
      "id": "STONE_BLOCK_4X2",
      "x": 99.588,
      "y": -10.265
    },
    "block_47": {
      "angle": 180.126,
      "id": "STONE_BLOCK_4X2",
      "x": 113.818,
      "y": -12.228
    },
    "block_48": {
      "angle": 180.019,
      "id": "STONE_BLOCK_4X2",
      "x": 111.901,
      "y": -10.197
    },
    "block_49": {
      "angle": 90.06,
      "id": "STONE_BLOCK_4X2",
      "x": 121.666,
      "y": -21.311
    },
    "block_5": {
      "angle": 0.48,
      "id": "WOOD_BLOCK_10X1",
      "x": 100.671,
      "y": -24.825
    },
    "block_50": {
      "angle": 0.028,
      "id": "STONE_BLOCK_4X2",
      "x": 126.583,
      "y": -10.101
    },
    "block_51": {
      "angle": 359.946,
      "id": "STONE_BLOCK_4X2",
      "x": 120.356,
      "y": -10.102
    },
    "block_52": {
      "angle": 1.5,
      "id": "STONE_BLOCK_4X2",
      "x": 118.267,
      "y": -12.18
    },
    "block_53": {
      "angle": 0.021,
      "id": "STONE_BLOCK_4X2",
      "x": 126.59,
      "y": -12.123
    },
    "block_54": {
      "angle": 90.065,
      "id": "STONE_BLOCK_4X2",
      "x": 127.426,
      "y": -21.305
    },
    "block_55": {
      "angle": 0.052,
      "id": "STONE_BLOCK_4X2",
      "x": 122.467,
      "y": -12.134
    },
    "block_56": {
      "angle": 0.017,
      "id": "STONE_BLOCK_4X2",
      "x": 126.57,
      "y": -14.147
    },
    "block_57": {
      "angle": 0.104,
      "id": "STONE_BLOCK_4X2",
      "x": 122.354,
      "y": -14.155
    },
    "block_58": {
      "angle": 90.178,
      "id": "STONE_BLOCK_4X2",
      "x": 71.221,
      "y": -17.571
    },
    "block_59": {
      "angle": 359.976,
      "id": "STONE_BLOCK_4X2",
      "x": 70.314,
      "y": -10.426
    },
    "block_6": {
      "angle": 359.639,
      "id": "WOOD_BLOCK_10X1",
      "x": 110.92,
      "y": -24.794
    },
    "block_60": {
      "angle": 0.201,
      "id": "STONE_BLOCK_4X2",
      "x": 66.295,
      "y": -10.433
    },
    "block_61": {
      "angle": 90.149,
      "id": "STONE_BLOCK_4X2",
      "x": 65.457,
      "y": -17.586
    },
    "block_62": {
      "angle": 0.1,
      "id": "STONE_BLOCK_4X2",
      "x": 91.255,
      "y": -6.326
    },
    "block_63": {
      "angle": 0.357,
      "id": "STONE_BLOCK_4X2",
      "x": 91.111,
      "y": -8.35
    },
    "block_64": {
      "angle": 1.371,
      "id": "STONE_BLOCK_4X2",
      "x": 93.396,
      "y": -10.351
    },
    "block_65": {
      "angle": 0.467,
      "id": "STONE_BLOCK_4X2",
      "x": 95.249,
      "y": -12.366
    },
    "block_66": {
      "angle": 270.14,
      "id": "STONE_BLOCK_4X2",
      "x": 100.511,
      "y": -15.118
    },
    "block_67": {
      "angle": 180.466,
      "id": "STONE_BLOCK_8X1",
      "x": 83.844,
      "y": -11.971
    },
    "block_68": {
      "angle": 180.059,
      "id": "STONE_BLOCK_8X1",
      "x": 124.482,
      "y": -18.791
    },
    "block_69": {
      "angle": 0.078,
      "id": "STONE_BLOCK_8X1",
      "x": 124.508,
      "y": -15.694
    },
    "block_7": {
      "angle": 358.914,
      "id": "PIG_BASIC_MEDIUM",
      "x": 83.892,
      "y": -14.33
    },
    "block_70": {
      "angle": 180.135,
      "id": "STONE_BLOCK_8X1",
      "x": 68.256,
      "y": -15.063
    },
    "block_71": {
      "angle": 0.11,
      "id": "STONE_BLOCK_8X1",
      "x": 68.252,
      "y": -11.967
    },
    "block_72": {
      "angle": 180.467,
      "id": "STONE_BLOCK_2X1",
      "x": 98.571,
      "y": -15.797
    },
    "block_73": {
      "angle": 180.264,
      "id": "STONE_BLOCK_2X1",
      "x": 114.787,
      "y": -15.806
    },
    "block_74": {
      "angle": 0.079,
      "id": "STONE_BLOCK_2X2",
      "x": 65.016,
      "y": -6.387
    },
    "block_75": {
      "angle": 359.955,
      "id": "STONE_BLOCK_2X2",
      "x": 71.221,
      "y": -6.386
    },
    "block_76": {
      "angle": 0,
      "id": "STONE_BLOCK_2X2",
      "x": 77.535,
      "y": -6.391
    },
    "block_77": {
      "angle": 359.789,
      "id": "STONE_BLOCK_2X2",
      "x": 109.828,
      "y": -23.237
    },
    "block_78": {
      "angle": 0.406,
      "id": "STONE_BLOCK_2X2",
      "x": 101.528,
      "y": -23.27
    },
    "block_79": {
      "angle": 0.004,
      "id": "STONE_BLOCK_2X2",
      "x": 114.907,
      "y": -10.196
    },
    "block_8": {
      "angle": 24.858,
      "id": "PIG_BASIC_MEDIUM",
      "x": 61.025,
      "y": -9.94
    },
    "block_80": {
      "angle": 180.018,
      "id": "STONE_BLOCK_2X2",
      "x": 75.568,
      "y": -10.462
    },
    "block_81": {
      "angle": 180.031,
      "id": "STONE_BLOCK_2X2",
      "x": 87.897,
      "y": -8.362
    },
    "block_82": {
      "angle": 1.829,
      "id": "STONE_BLOCK_2X2",
      "x": 117.285,
      "y": -10.178
    },
    "block_83": {
      "angle": 359.991,
      "id": "STONE_BLOCK_2X2",
      "x": 123.435,
      "y": -10.102
    },
    "block_84": {
      "angle": 0.04,
      "id": "STONE_BLOCK_2X2",
      "x": 121.409,
      "y": -17.245
    },
    "block_85": {
      "angle": 0.081,
      "id": "STONE_BLOCK_2X2",
      "x": 127.711,
      "y": -17.238
    },
    "block_86": {
      "angle": 0.061,
      "id": "STONE_BLOCK_2X2",
      "x": 124.575,
      "y": -17.241
    },
    "block_87": {
      "angle": 0.142,
      "id": "STONE_BLOCK_2X2",
      "x": 71.472,
      "y": -13.507
    },
    "block_88": {
      "angle": 0.123,
      "id": "STONE_BLOCK_2X2",
      "x": 68.333,
      "y": -13.514
    },
    "block_89": {
      "angle": 0.088,
      "id": "STONE_BLOCK_2X2",
      "x": 65.053,
      "y": -13.521
    },
    "block_9": {
      "angle": 359.002,
      "id": "PIG_BASIC_MEDIUM",
      "x": 124.533,
      "y": -21.15
    },
    "block_90": {
      "angle": 179.705,
      "id": "STONE_BLOCK_2X2",
      "x": 96.501,
      "y": -10.254
    },
    "block_91": {
      "angle": 180.005,
      "id": "STONE_BLOCK_2X2",
      "x": 83.821,
      "y": -6.332
    },
    "block_92": {
      "angle": 0.475,
      "id": "STONE_BLOCK_2X2",
      "x": 98.559,
      "y": -14.318
    },
    "block_93": {
      "angle": 0.244,
      "id": "STONE_BLOCK_2X2",
      "x": 114.781,
      "y": -14.257
    },
    "block_94": {
      "angle": 180.031,
      "id": "STONE_BLOCK_2X2",
      "x": 87.963,
      "y": -10.26
    },
    "block_95": {
      "angle": 0.475,
      "id": "STONE_BLOCK_2X2",
      "x": 98.571,
      "y": -12.256
    },
    "block_96": {
      "angle": 0.37,
      "id": "WOOD_BLOCK_4X4_HOLLOW",
      "x": 105.776,
      "y": -27.279
    },
    "block_97": {
      "angle": 359.798,
      "id": "STONE_BLOCK_4X4_HOLLOW",
      "x": 103.613,
      "y": -15.276
    },
    "block_98": {
      "angle": 1.481,
      "id": "STONE_BLOCK_4X4_HOLLOW",
      "x": 107.749,
      "y": -15.278
    },
    "block_99": {
      "angle": 0.309,
      "id": "STONE_BLOCK_4X4_HOLLOW",
      "x": 111.802,
      "y": -15.216
    }
  }
}
