{
  "camera": [
    {
      "bottom": 14.371,
      "id": "Slingshot",
      "left": 8.851,
      "right": 129.207,
      "top": -75.896,
      "x": 69.029,
      "y": -30.762
    },
    {
      "bottom": 14.724,
      "id": "Castle",
      "left": 47.637,
      "right": 167.994,
      "top": -75.543,
      "x": 107.816,
      "y": -30.41
    }
  ],
  "counts": {
    "birds": 4,
    "blocks": 162
  },
  "id": "pack14/LevelP5_668.lua",
  "scoreEagle": 133000,
  "scoreGold": 100000,
  "scoreSilver": 93000,
  "theme": "BACKGROUND_WESTERN",
  "world": {
    "bird_1": {
      "angle": 0,
      "id": "BIRD_YELLOW",
      "x": 27.387,
      "y": -20.643
    },
    "bird_2": {
      "angle": 0,
      "id": "BIRD_BLUE",
      "x": 19.455,
      "y": -20.447
    },
    "bird_3": {
      "angle": 0,
      "id": "BIRD_WHITE",
      "x": 16.769,
      "y": -19.524
    },
    "bird_4": {
      "angle": 0,
      "id": "BIRD_YELLOW",
      "x": 14.249,
      "y": -17.156
    },
    "block_1": {
      "angle": 178.675,
      "id": "ICE_BLOCK_4X1",
      "x": 137.187,
      "y": -31.743
    },
    "block_10": {
      "angle": 46.472,
      "id": "ICE_CIRCLE_2X2",
      "x": 142.392,
      "y": -35.256
    },
    "block_100": {
      "angle": 359.645,
      "id": "WOOD_BLOCK_2X2",
      "x": 143.228,
      "y": -22.154
    },
    "block_101": {
      "angle": 359.999,
      "id": "WOOD_BLOCK_2X2",
      "x": 147.358,
      "y": -22.156
    },
    "block_102": {
      "angle": 89.651,
      "id": "STONE_BLOCK_1X1",
      "x": 142.129,
      "y": -29.793
    },
    "block_103": {
      "angle": 243.465,
      "id": "STONE_TRIANGLE_4X4_HOLLOW",
      "x": 82.758,
      "y": -24.871
    },
    "block_104": {
      "angle": 89.831,
      "id": "STONE_BLOCK_1X1",
      "x": 142.189,
      "y": -24.769
    },
    "block_105": {
      "angle": 39.255,
      "id": "STONE_CIRCLE_2X2",
      "x": 85.548,
      "y": -28.046
    },
    "block_106": {
      "angle": 89.999,
      "id": "TERRAIN_TEXTURED_HILLS_10X10",
      "x": 100.924,
      "y": -3.719
    },
    "block_107": {
      "angle": 40.161,
      "id": "STONE_CIRCLE_2X2",
      "x": 144.418,
      "y": -38.343
    },
    "block_108": {
      "angle": 90.232,
      "id": "STONE_BLOCK_4X2",
      "x": 89.348,
      "y": -15.888
    },
    "block_109": {
      "angle": 78.999,
      "id": "TERRAIN_TEXTURED_HILLS_10X10",
      "x": 111.531,
      "y": -7.525
    },
    "block_11": {
      "angle": 40.591,
      "id": "ICE_CIRCLE_2X2",
      "x": 141.491,
      "y": -36.906
    },
    "block_110": {
      "angle": 89.999,
      "id": "TERRAIN_TEXTURED_HILLS_10X10",
      "x": 120.108,
      "y": -3.77
    },
    "block_111": {
      "angle": 89.999,
      "id": "TERRAIN_TEXTURED_HILLS_10X10",
      "x": 110.542,
      "y": -3.719
    },
    "block_112": {
      "angle": 89.999,
      "id": "TERRAIN_TEXTURED_HILLS_10X10",
      "x": 139.395,
      "y": -4.026
    },
    "block_113": {
      "angle": 89.999,
      "id": "TERRAIN_TEXTURED_HILLS_10X10",
      "x": 129.778,
      "y": -3.974
    },
    "block_114": {
      "angle": 89.851,
      "id": "STONE_BLOCK_4X2",
      "x": 96.497,
      "y": -15.894
    },
    "block_115": {
      "angle": 89.999,
      "id": "TERRAIN_TEXTURED_HILLS_10X10",
      "x": 148.604,
      "y": -4.179
    },
    "block_116": {
      "angle": 67,
      "id": "TERRAIN_TEXTURED_HILLS_5X5",
      "x": 35.177,
      "y": -10.845
    },
    "block_117": {
      "angle": 54,
      "id": "TERRAIN_TEXTURED_HILLS_5X5",
      "x": 40.744,
      "y": -0.611
    },
    "block_118": {
      "angle": 34,
      "id": "TERRAIN_TEXTURED_HILLS_5X5",
      "x": 5.728,
      "y": -8.683
    },
    "block_119": {
      "angle": 136.739,
      "id": "STONE_BLOCK_2X2",
      "x": 163.543,
      "y": -15.557
    },
    "block_12": {
      "angle": 352.816,
      "id": "PIG_BASIC_SMALL",
      "x": 140.371,
      "y": -30.295
    },
    "block_120": {
      "angle": 89.999,
      "id": "TERRAIN_TEXTURED_HILLS_5X5",
      "x": 115.351,
      "y": -8.886
    },
    "block_121": {
      "angle": 108.118,
      "id": "STONE_BLOCK_2X2",
      "x": 165.698,
      "y": -14.37
    },
    "block_122": {
      "angle": 89.999,
      "id": "TERRAIN_TEXTURED_HILLS_5X5",
      "x": 131.005,
      "y": -8.169
    },
    "block_123": {
      "angle": 45.359,
      "id": "STONE_CIRCLE_2X2",
      "x": 87.493,
      "y": -28.013
    },
    "block_124": {
      "angle": 83.999,
      "id": "TERRAIN_TEXTURED_HILLS_10X10",
      "x": 48.118,
      "y": 4.183
    },
    "block_125": {
      "angle": 200.046,
      "id": "STONE_BLOCK_2X2",
      "x": 166.025,
      "y": -16.433
    },
    "block_126": {
      "angle": 69.999,
      "id": "TERRAIN_TEXTURED_HILLS_10X10",
      "x": 65.971,
      "y": 0.358
    },
    "block_127": {
      "angle": 78.999,
      "id": "TERRAIN_TEXTURED_HILLS_10X10",
      "x": 56.407,
      "y": 2.988
    },
    "block_128": {
      "angle": 85.999,
      "id": "TERRAIN_TEXTURED_HILLS_5X5",
      "x": 134.428,
      "y": -18.482
    },
    "block_129": {
      "angle": 58.999,
      "id": "TERRAIN_TEXTURED_HILLS_10X10",
      "x": 73.504,
      "y": -3.356
    },
    "block_13": {
      "angle": 356.203,
      "id": "PIG_BASIC_SMALL",
      "x": 85.574,
      "y": -19.982
    },
    "block_130": {
      "angle": 85.999,
      "id": "TERRAIN_TEXTURED_HILLS_5X5",
      "x": 79.104,
      "y": -8.17
    },
    "block_131": {
      "angle": 89.999,
      "id": "TERRAIN_TEXTURED_HILLS_10X10",
      "x": 85.786,
      "y": -5.892
    },
    "block_132": {
      "angle": 89.999,
      "id": "TERRAIN_TEXTURED_HILLS_10X10",
      "x": 80.622,
      "y": -2.185
    },
    "block_133": {
      "angle": 89.999,
      "id": "TERRAIN_TEXTURED_HILLS_10X10",
      "x": 93.264,
      "y": -5.903
    },
    "block_134": {
      "angle": 73.999,
      "id": "TERRAIN_TEXTURED_HILLS_5X2",
      "x": 76.573,
      "y": -7.88
    },
    "block_135": {
      "angle": 73.999,
      "id": "TERRAIN_TEXTURED_HILLS_5X2",
      "x": 131.897,
      "y": -18.192
    },
    "block_136": {
      "angle": 194.999,
      "id": "TERRAIN_TEXTURED_HILLS_5X2",
      "x": 129.225,
      "y": -17.488
    },
    "block_137": {
      "angle": 358.541,
      "id": "ICE_BLOCK_10X1",
      "x": 133.302,
      "y": -32.701
    },
    "block_138": {
      "angle": 1.15,
      "id": "ICE_BLOCK_10X1",
      "x": 139.112,
      "y": -33.85
    },
    "block_139": {
      "angle": 179.976,
      "id": "STONE_BLOCK_8X1",
      "x": 148.319,
      "y": -23.706
    },
    "block_14": {
      "angle": 359.926,
      "id": "PIG_BASIC_SMALL",
      "x": 121.382,
      "y": -16.616
    },
    "block_140": {
      "angle": 179.997,
      "id": "TERRAIN_TEXTURED_HILLS_5X2",
      "x": 155.289,
      "y": -17.748
    },
    "block_141": {
      "angle": 359.891,
      "id": "STONE_BLOCK_8X1",
      "x": 140.154,
      "y": -23.695
    },
    "block_142": {
      "angle": 314.997,
      "id": "TERRAIN_TEXTURED_HILLS_5X2",
      "x": 157.74,
      "y": -17.748
    },
    "block_143": {
      "angle": 0.017,
      "id": "STONE_BLOCK_8X1",
      "x": 85.149,
      "y": -13.384
    },
    "block_144": {
      "angle": 179.965,
      "id": "STONE_BLOCK_8X1",
      "x": 93.323,
      "y": -13.386
    },
    "block_145": {
      "angle": 179.866,
      "id": "ICE_BLOCK_8X1",
      "x": 93.408,
      "y": -18.394
    },
    "block_146": {
      "angle": 14,
      "id": "TERRAIN_TEXTURED_HILLS_5X5",
      "x": 13.04,
      "y": -11.632
    },
    "block_147": {
      "angle": 44.999,
      "id": "TERRAIN_TEXTURED_HILLS_10X10",
      "x": 28.845,
      "y": -12.625
    },
    "block_148": {
      "angle": 359.999,
      "id": "TERRAIN_TEXTURED_HILLS_10X10",
      "x": 24.158,
      "y": -14.851
    },
    "block_149": {
      "angle": 0,
      "id": "TERRAIN_TEXTURED_HILLS_10X10",
      "x": 29.41,
      "y": -5.036
    },
    "block_15": {
      "angle": 354.045,
      "id": "PIG_BASIC_SMALL",
      "x": 102.928,
      "y": -14.337
    },
    "block_150": {
      "angle": 0,
      "id": "TERRAIN_TEXTURED_HILLS_10X10",
      "x": 20.011,
      "y": -5.135
    },
    "block_151": {
      "angle": 323,
      "id": "TERRAIN_TEXTURED_HILLS_10X10",
      "x": 36.571,
      "y": -3.712
    },
    "block_152": {
      "angle": 345,
      "id": "TERRAIN_TEXTURED_HILLS_5X2",
      "x": 44.746,
      "y": -3.931
    },
    "block_153": {
      "angle": 0,
      "id": "TERRAIN_TEXTURED_HILLS_10X10",
      "x": 10.551,
      "y": -5.156
    },
    "block_154": {
      "angle": 269.999,
      "id": "TERRAIN_TEXTURED_HILLS_5X2",
      "x": 43.148,
      "y": -1.17
    },
    "block_155": {
      "angle": 33.999,
      "id": "TERRAIN_TEXTURED_HILLS_10X10",
      "x": 3.672,
      "y": -1.374
    },
    "block_156": {
      "angle": 179.997,
      "id": "TERRAIN_TEXTURED_HILLS_5X2",
      "x": 164.112,
      "y": -10.169
    },
    "block_157": {
      "angle": 314.997,
      "id": "TERRAIN_TEXTURED_HILLS_5X2",
      "x": 166.563,
      "y": -10.169
    },
    "block_158": {
      "angle": 116.452,
      "id": "ICE_TRIANGLE_4X4_HOLLOW",
      "x": 95.957,
      "y": -24.866
    },
    "block_159": {
      "angle": 116.47,
      "id": "ICE_TRIANGLE_4X4_HOLLOW",
      "x": 151.032,
      "y": -35.213
    },
    "block_16": {
      "angle": 359.96,
      "id": "PIG_BASIC_SMALL",
      "x": 111.137,
      "y": -13.532
    },
    "block_160": {
      "angle": 244.513,
      "id": "ICE_TRIANGLE_4X4_HOLLOW",
      "x": 137.769,
      "y": -35.323
    },
    "block_161": {
      "angle": 50.863,
      "id": "ICE_CIRCLE_2X2",
      "x": 142.544,
      "y": -38.464
    },
    "block_162": {
      "angle": 40.176,
      "id": "ICE_CIRCLE_2X2",
      "x": 143.446,
      "y": -36.813
    },
    "block_17": {
      "angle": 269.972,
      "id": "WOOD_BLOCK_4X2",
      "x": 82.062,
      "y": -15.893
    },
    "block_18": {
      "angle": 270.084,
      "id": "WOOD_BLOCK_4X2",
      "x": 144.293,
      "y": -26.217
    },
    "block_19": {
      "angle": 269.927,
      "id": "WOOD_BLOCK_4X2",
      "x": 151.566,
      "y": -26.22
    },
    "block_2": {
      "angle": 38.288,
      "id": "ICE_CIRCLE_2X2",
      "x": 148.224,
      "y": -38.5
    },
    "block_20": {
      "angle": 51.641,
      "id": "WOOD_BLOCK_8X1",
      "x": 114.532,
      "y": -17.141
    },
    "block_21": {
      "angle": 0.027,
      "id": "WOOD_BLOCK_2X2",
      "x": 90.327,
      "y": -11.841
    },
    "block_22": {
      "angle": 89.65,
      "id": "STONE_BLOCK_4X1",
      "x": 96.965,
      "y": -20.913
    },
    "block_23": {
      "angle": 40.383,
      "id": "ICE_CIRCLE_2X2",
      "x": 89.384,
      "y": -28.087
    },
    "block_24": {
      "angle": 118.517,
      "id": "ICE_BLOCK_8X1",
      "x": 149.621,
      "y": -37.979
    },
    "block_25": {
      "angle": 106.602,
      "id": "WOOD_BLOCK_8X1",
      "x": 110.241,
      "y": -16.07
    },
    "block_26": {
      "angle": 269.724,
      "id": "WOOD_BLOCK_4X2",
      "x": 137.153,
      "y": -26.189
    },
    "block_27": {
      "angle": 90.199,
      "id": "STONE_BLOCK_4X1",
      "x": 81.676,
      "y": -20.913
    },
    "block_28": {
      "angle": 40.391,
      "id": "ICE_CIRCLE_2X2",
      "x": 88.434,
      "y": -26.465
    },
    "block_29": {
      "angle": 179.963,
      "id": "ICE_BLOCK_8X1",
      "x": 148.383,
      "y": -28.731
    },
    "block_3": {
      "angle": 41.074,
      "id": "ICE_CIRCLE_2X2",
      "x": 145.337,
      "y": -36.782
    },
    "block_30": {
      "angle": 104.053,
      "id": "WOOD_BLOCK_8X1",
      "x": 101.408,
      "y": -14.971
    },
    "block_31": {
      "angle": 90.096,
      "id": "STONE_BLOCK_4X1",
      "x": 151.989,
      "y": -31.248
    },
    "block_32": {
      "angle": 51.801,
      "id": "ICE_CIRCLE_2X2",
      "x": 91.266,
      "y": -28.098
    },
    "block_33": {
      "angle": 179.885,
      "id": "ICE_BLOCK_8X1",
      "x": 148.556,
      "y": -33.757
    },
    "block_34": {
      "angle": 66.165,
      "id": "WOOD_BLOCK_8X1",
      "x": 104.888,
      "y": -15.369
    },
    "block_35": {
      "angle": 29.691,
      "id": "MISC_EXPLOSIVE_TNT",
      "x": 156.694,
      "y": -20.87
    },
    "block_36": {
      "angle": 62.442,
      "id": "ICE_BLOCK_8X1",
      "x": 139.222,
      "y": -38.067
    },
    "block_37": {
      "angle": 179.646,
      "id": "ICE_BLOCK_8X1",
      "x": 140.147,
      "y": -28.711
    },
    "block_38": {
      "angle": 225.459,
      "id": "WOOD_BLOCK_4X1",
      "x": 122.29,
      "y": -17.96
    },
    "block_39": {
      "angle": 179.768,
      "id": "ICE_BLOCK_8X1",
      "x": 93.486,
      "y": -23.41
    },
    "block_4": {
      "angle": 43.353,
      "id": "ICE_CIRCLE_2X2",
      "x": 144.346,
      "y": -35.161
    },
    "block_40": {
      "angle": 107.118,
      "id": "WOOD_BLOCK_4X1",
      "x": 119.807,
      "y": -16.918
    },
    "block_41": {
      "angle": 61.1,
      "id": "ICE_BLOCK_8X1",
      "x": 84.17,
      "y": -27.631
    },
    "block_42": {
      "angle": 118.567,
      "id": "ICE_BLOCK_8X1",
      "x": 94.545,
      "y": -27.628
    },
    "block_43": {
      "angle": 39.334,
      "id": "ICE_CIRCLE_2X2",
      "x": 90.314,
      "y": -26.452
    },
    "block_44": {
      "angle": 359.964,
      "id": "MISC_EXPLOSIVE_TNT",
      "x": 148.795,
      "y": -25.902
    },
    "block_45": {
      "angle": 36.835,
      "id": "ICE_CIRCLE_2X2",
      "x": 93.149,
      "y": -28.149
    },
    "block_46": {
      "angle": 34.96,
      "id": "ICE_CIRCLE_2X2",
      "x": 92.252,
      "y": -26.497
    },
    "block_47": {
      "angle": 41.987,
      "id": "ICE_CIRCLE_2X2",
      "x": 86.482,
      "y": -26.494
    },
    "block_48": {
      "angle": 44.852,
      "id": "ICE_CIRCLE_2X2",
      "x": 91.321,
      "y": -24.865
    },
    "block_49": {
      "angle": 44.399,
      "id": "ICE_CIRCLE_2X2",
      "x": 87.434,
      "y": -24.876
    },
    "block_5": {
      "angle": 37.902,
      "id": "ICE_CIRCLE_2X2",
      "x": 147.327,
      "y": -36.847
    },
    "block_50": {
      "angle": 352.802,
      "id": "PIG_BASIC_SMALL",
      "x": 47.253,
      "y": -1.734
    },
    "block_51": {
      "angle": 180.131,
      "id": "ICE_BLOCK_8X1",
      "x": 85.154,
      "y": -23.419
    },
    "block_52": {
      "angle": 180.005,
      "id": "ICE_BLOCK_8X1",
      "x": 85.13,
      "y": -18.398
    },
    "block_53": {
      "angle": 89.999,
      "id": "TERRAIN_TEXTURED_HILLS_10X10",
      "x": 143.565,
      "y": -11.397
    },
    "block_54": {
      "angle": 69.999,
      "id": "TERRAIN_TEXTURED_HILLS_10X10",
      "x": 121.095,
      "y": -10.155
    },
    "block_55": {
      "angle": 83.999,
      "id": "TERRAIN_TEXTURED_HILLS_10X10",
      "x": 103.242,
      "y": -6.329
    },
    "block_56": {
      "angle": 89.999,
      "id": "TERRAIN_TEXTURED_HILLS_10X10",
      "x": 135.947,
      "y": -12.497
    },
    "block_57": {
      "angle": 89.999,
      "id": "TERRAIN_TEXTURED_HILLS_10X10",
      "x": 88.24,
      "y": -1.085
    },
    "block_58": {
      "angle": 89.999,
      "id": "TERRAIN_TEXTURED_HILLS_10X10",
      "x": 141.111,
      "y": -16.204
    },
    "block_59": {
      "angle": 89.999,
      "id": "TERRAIN_TEXTURED_HILLS_10X10",
      "x": 93.251,
      "y": -1.492
    },
    "block_6": {
      "angle": 41.098,
      "id": "ICE_CIRCLE_2X2",
      "x": 140.622,
      "y": -38.574
    },
    "block_60": {
      "angle": 148.999,
      "id": "WOOD_BLOCK_2X1",
      "x": 71.298,
      "y": -8.4
    },
    "block_61": {
      "angle": 89.999,
      "id": "TERRAIN_TEXTURED_HILLS_10X10",
      "x": 148.576,
      "y": -11.805
    },
    "block_62": {
      "angle": 89.999,
      "id": "TERRAIN_TEXTURED_HILLS_10X10",
      "x": 148.589,
      "y": -16.215
    },
    "block_63": {
      "angle": 58.999,
      "id": "TERRAIN_TEXTURED_HILLS_10X10",
      "x": 128.875,
      "y": -13.683
    },
    "block_64": {
      "angle": 0.472,
      "id": "WOOD_BLOCK_2X2",
      "x": 137.066,
      "y": -22.154
    },
    "block_65": {
      "angle": 359.977,
      "id": "WOOD_BLOCK_2X2",
      "x": 92.365,
      "y": -11.84
    },
    "block_66": {
      "angle": 359.702,
      "id": "WOOD_BLOCK_2X2",
      "x": 88.232,
      "y": -11.842
    },
    "block_67": {
      "angle": 359.691,
      "id": "PIG_BASIC_MEDIUM",
      "x": 93.465,
      "y": -20.753
    },
    "block_68": {
      "angle": 359.973,
      "id": "WOOD_BLOCK_2X2",
      "x": 139.112,
      "y": -22.144
    },
    "block_69": {
      "angle": 359.96,
      "id": "WOOD_BLOCK_2X2",
      "x": 141.183,
      "y": -22.146
    },
    "block_7": {
      "angle": 42.787,
      "id": "ICE_CIRCLE_2X2",
      "x": 146.295,
      "y": -38.42
    },
    "block_70": {
      "angle": 2.164,
      "id": "PIG_BASIC_MEDIUM",
      "x": 148.535,
      "y": -31.091
    },
    "block_71": {
      "angle": 359.461,
      "id": "PIG_BASIC_MEDIUM",
      "x": 85.7,
      "y": -15.742
    },
    "block_72": {
      "angle": 359.8,
      "id": "PIG_BASIC_MEDIUM",
      "x": 140.009,
      "y": -26.053
    },
    "block_73": {
      "angle": 359.973,
      "id": "WOOD_BLOCK_2X2",
      "x": 94.442,
      "y": -11.841
    },
    "block_74": {
      "angle": 230.181,
      "id": "STONE_CIRCLE_4X4",
      "x": 73.443,
      "y": -14.169
    },
    "block_75": {
      "angle": 0.443,
      "id": "WOOD_BLOCK_2X2",
      "x": 82.071,
      "y": -11.841
    },
    "block_76": {
      "angle": 222.177,
      "id": "STONE_CIRCLE_4X4",
      "x": 76.293,
      "y": -12.209
    },
    "block_77": {
      "angle": 0.001,
      "id": "WOOD_BLOCK_2X2",
      "x": 84.121,
      "y": -11.833
    },
    "block_78": {
      "angle": 359.952,
      "id": "WOOD_BLOCK_2X2",
      "x": 96.482,
      "y": -11.843
    },
    "block_79": {
      "angle": 218.825,
      "id": "STONE_CIRCLE_4X4",
      "x": 72.922,
      "y": -10.762
    },
    "block_8": {
      "angle": 43.946,
      "id": "ICE_CIRCLE_2X2",
      "x": 146.384,
      "y": -35.221
    },
    "block_80": {
      "angle": 224.852,
      "id": "STONE_CIRCLE_4X4",
      "x": 127.555,
      "y": -20.645
    },
    "block_81": {
      "angle": 225.084,
      "id": "STONE_CIRCLE_4X4",
      "x": 128.12,
      "y": -24.043
    },
    "block_82": {
      "angle": 359.989,
      "id": "WOOD_BLOCK_2X2",
      "x": 86.188,
      "y": -11.833
    },
    "block_83": {
      "angle": 224.794,
      "id": "STONE_CIRCLE_4X4",
      "x": 131.158,
      "y": -22.42
    },
    "block_84": {
      "angle": 90.555,
      "id": "ICE_BLOCK_4X2",
      "x": 89.297,
      "y": -20.896
    },
    "block_85": {
      "angle": 90.329,
      "id": "ICE_BLOCK_4X2",
      "x": 144.345,
      "y": -31.243
    },
    "block_86": {
      "angle": 178.956,
      "id": "ICE_BLOCK_4X2",
      "x": 137.289,
      "y": -30.217
    },
    "block_87": {
      "angle": 44.896,
      "id": "STONE_BLOCK_2X2",
      "x": 163.245,
      "y": -12.939
    },
    "block_88": {
      "angle": 44.97,
      "id": "STONE_BLOCK_2X2",
      "x": 161.811,
      "y": -14.376
    },
    "block_89": {
      "angle": 354.057,
      "id": "WOOD_BLOCK_2X2",
      "x": 102.988,
      "y": -12.271
    },
    "block_9": {
      "angle": 43.082,
      "id": "ICE_CIRCLE_2X2",
      "x": 89.357,
      "y": -24.826
    },
    "block_90": {
      "angle": 15.964,
      "id": "STONE_BLOCK_2X2",
      "x": 165.517,
      "y": -12.277
    },
    "block_91": {
      "angle": 179.999,
      "id": "TERRAIN_TEXTURED_HILLS_10X10",
      "x": 155.863,
      "y": -3.372
    },
    "block_92": {
      "angle": 179.999,
      "id": "TERRAIN_TEXTURED_HILLS_10X10",
      "x": 161.107,
      "y": -3.714
    },
    "block_93": {
      "angle": 134.999,
      "id": "TERRAIN_TEXTURED_HILLS_10X10",
      "x": 159.112,
      "y": -8.672
    },
    "block_94": {
      "angle": 134.999,
      "id": "TERRAIN_TEXTURED_HILLS_10X10",
      "x": 153.47,
      "y": -14.257
    },
    "block_95": {
      "angle": 359.986,
      "id": "WOOD_BLOCK_2X2",
      "x": 149.438,
      "y": -22.157
    },
    "block_96": {
      "angle": 359.981,
      "id": "WOOD_BLOCK_2X2",
      "x": 151.475,
      "y": -22.157
    },
    "block_97": {
      "angle": 327.999,
      "id": "TERRAIN_TEXTURED_HILLS_10X10",
      "x": 18.12,
      "y": -12.984
    },
    "block_98": {
      "angle": 354.902,
      "id": "WOOD_BLOCK_2X2",
      "x": 45.15,
      "y": -1.495
    },
    "block_99": {
      "angle": 0.009,
      "id": "WOOD_BLOCK_2X2",
      "x": 145.322,
      "y": -22.156
    }
  }
}
