{
  "camera": [
    {
      "bottom": 13.295,
      "id": "Slingshot",
      "left": 1.412,
      "right": 108.078,
      "top": -66.705,
      "x": 54.745,
      "y": -26.705
    },
    {
      "bottom": 9.863,
      "id": "Castle",
      "left": 52.784,
      "right": 149.388,
      "top": -62.589,
      "x": 101.086,
      "y": -26.363
    }
  ],
  "counts": {
    "birds": 5,
    "blocks": 133,
    "joints": 5
  },
  "id": "pack7/LevelP3_304.lua",
  "scoreEagle": 165000,
  "scoreGold": 150000,
  "scoreSilver": 140000,
  "theme": "BACKGROUND_CITY",
  "world": {
    "bird_1": {
      "angle": 0,
      "id": "BIRD_BLUE",
      "x": 25.564,
      "y": -25.49
    },
    "bird_2": {
      "angle": 0,
      "id": "BIRD_GREEN",
      "x": 20.595,
      "y": -26.503
    },
    "bird_3": {
      "angle": 0,
      "id": "BIRD_BLACK",
      "x": 13.184,
      "y": -17.345
    },
    "bird_4": {
      "angle": 0,
      "id": "BIRD_YELLOW",
      "x": 9.161,
      "y": -16.689
    },
    "bird_5": {
      "angle": 0,
      "id": "BIRD_WHITE",
      "x": 5.554,
      "y": -17.265
    },
    "block_1": {
      "angle": 359.997,
      "id": "MISC_BALLOON_GREEN",
      "x": 137.112,
      "y": -34.869
    },
    "block_10": {
      "angle": 291.999,
      "id": "MISC_RUBBER_TRAMPOLINE",
      "x": 148.034,
      "y": -27.598
    },
    "block_100": {
      "angle": 89.998,
      "id": "WOOD_BLOCK_4X4_HOLLOW",
      "x": 61.748,
      "y": -6.952
    },
    "block_101": {
      "angle": 89.998,
      "id": "WOOD_BLOCK_4X4_HOLLOW",
      "x": 65.759,
      "y": -6.9
    },
    "block_102": {
      "angle": 89.998,
      "id": "WOOD_BLOCK_4X4_HOLLOW",
      "x": 69.821,
      "y": -6.9
    },
    "block_103": {
      "angle": 89.998,
      "id": "WOOD_BLOCK_4X4_HOLLOW",
      "x": 73.936,
      "y": -6.9
    },
    "block_104": {
      "angle": 89.998,
      "id": "WOOD_BLOCK_4X4_HOLLOW",
      "x": 80.887,
      "y": -15.241
    },
    "block_105": {
      "angle": 89.998,
      "id": "WOOD_BLOCK_4X4_HOLLOW",
      "x": 91.036,
      "y": -15.241
    },
    "block_106": {
      "angle": 89.31,
      "id": "STONE_BLOCK_4X4_HOLLOW",
      "x": 90.959,
      "y": -19.142
    },
    "block_107": {
      "angle": 90.751,
      "id": "STONE_BLOCK_4X4_HOLLOW",
      "x": 80.949,
      "y": -19.14
    },
    "block_108": {
      "angle": 89.88,
      "id": "STONE_BLOCK_4X4_HOLLOW",
      "x": 90.969,
      "y": -11.335
    },
    "block_109": {
      "angle": 90.01,
      "id": "STONE_BLOCK_4X4_HOLLOW",
      "x": 85.959,
      "y": -11.344
    },
    "block_11": {
      "angle": 291.999,
      "id": "MISC_RUBBER_TRAMPOLINE",
      "x": 150.973,
      "y": -34.436
    },
    "block_110": {
      "angle": 90.126,
      "id": "STONE_BLOCK_4X4_HOLLOW",
      "x": 80.932,
      "y": -11.335
    },
    "block_111": {
      "angle": 31.999,
      "id": "TERRAIN_TEXTURED_HILLS_5X2",
      "x": 106.184,
      "y": -2.556
    },
    "block_112": {
      "angle": 42.999,
      "id": "TERRAIN_TEXTURED_HILLS_5X2",
      "x": 109.821,
      "y": 0.241
    },
    "block_113": {
      "angle": 206,
      "id": "TERRAIN_TEXTURED_HILLS_5X2",
      "x": 106.581,
      "y": -1.174
    },
    "block_114": {
      "angle": 42.999,
      "id": "TERRAIN_TEXTURED_HILLS_5X2",
      "x": 106.12,
      "y": 0.351
    },
    "block_115": {
      "angle": 0,
      "id": "TERRAIN_TEXTURED_HILLS_10X10",
      "x": 81.24,
      "y": -4.408
    },
    "block_116": {
      "angle": 0,
      "id": "TERRAIN_TEXTURED_HILLS_10X10",
      "x": 90.504,
      "y": -4.408
    },
    "block_117": {
      "angle": 89.998,
      "id": "WOOD_BLOCK_8X1",
      "x": 60.262,
      "y": -12.787
    },
    "block_118": {
      "angle": 89.998,
      "id": "WOOD_BLOCK_8X1",
      "x": 67.918,
      "y": -12.787
    },
    "block_119": {
      "angle": 89.998,
      "id": "WOOD_BLOCK_8X1",
      "x": 75.054,
      "y": -12.891
    },
    "block_12": {
      "angle": 271.339,
      "id": "ICE_BLOCK_2X1",
      "x": 104.216,
      "y": -20.478
    },
    "block_120": {
      "angle": 179.998,
      "id": "WOOD_BLOCK_8X1",
      "x": 71.929,
      "y": -17.371
    },
    "block_121": {
      "angle": 179.998,
      "id": "WOOD_BLOCK_8X1",
      "x": 63.96,
      "y": -17.318
    },
    "block_122": {
      "angle": 359.997,
      "id": "WOOD_BLOCK_8X1",
      "x": 68.053,
      "y": -26.242
    },
    "block_123": {
      "angle": 0,
      "id": "PIG_BASIC_BIG",
      "x": 100.472,
      "y": -6.805
    },
    "block_124": {
      "angle": 90,
      "id": "WOOD_BLOCK_4X2",
      "x": 128.952,
      "y": -13.065
    },
    "block_125": {
      "angle": 89.999,
      "id": "WOOD_BLOCK_4X2",
      "x": 89.999,
      "y": -23.062
    },
    "block_126": {
      "angle": 89.999,
      "id": "WOOD_BLOCK_4X2",
      "x": 89.999,
      "y": -28.012
    },
    "block_127": {
      "angle": 89.999,
      "id": "WOOD_BLOCK_4X2",
      "x": 81.95,
      "y": -28.027
    },
    "block_128": {
      "angle": 89.999,
      "id": "WOOD_BLOCK_4X2",
      "x": 81.898,
      "y": -23.031
    },
    "block_129": {
      "angle": 90,
      "id": "WOOD_BLOCK_4X1",
      "x": 125.203,
      "y": -24.86
    },
    "block_13": {
      "angle": 269.402,
      "id": "ICE_BLOCK_2X1",
      "x": 96.895,
      "y": -20.488
    },
    "block_130": {
      "angle": 90,
      "id": "WOOD_BLOCK_4X1",
      "x": 132.583,
      "y": -24.86
    },
    "block_131": {
      "angle": 90,
      "id": "WOOD_BLOCK_4X1",
      "x": 128.909,
      "y": -24.799
    },
    "block_132": {
      "angle": 89.998,
      "id": "WOOD_BLOCK_4X1",
      "x": 71.629,
      "y": -23.856
    },
    "block_133": {
      "angle": 89.998,
      "id": "WOOD_BLOCK_4X1",
      "x": 64.449,
      "y": -23.938
    },
    "block_14": {
      "angle": 179.997,
      "id": "ICE_BLOCK_2X1",
      "x": 96.854,
      "y": -8.96
    },
    "block_15": {
      "angle": 179.997,
      "id": "ICE_BLOCK_2X1",
      "x": 104.252,
      "y": -9.012
    },
    "block_16": {
      "angle": 359.999,
      "id": "PIG_BASIC_SMALL",
      "x": 130.91,
      "y": -23.898
    },
    "block_17": {
      "angle": 359.999,
      "id": "PIG_BASIC_SMALL",
      "x": 127.056,
      "y": -23.846
    },
    "block_18": {
      "angle": 359.997,
      "id": "PIG_BASIC_SMALL",
      "x": 121.466,
      "y": -25.516
    },
    "block_19": {
      "angle": 359.997,
      "id": "PIG_BASIC_SMALL",
      "x": 105.228,
      "y": -28.131
    },
    "block_2": {
      "angle": 359.997,
      "id": "MISC_BALLOON_YELLOW",
      "x": 104.49,
      "y": -32.465
    },
    "block_20": {
      "angle": 179.947,
      "id": "STONE_BLOCK_10X1",
      "x": 85.948,
      "y": -30.511
    },
    "block_21": {
      "angle": 89.971,
      "id": "STONE_BLOCK_10X1",
      "x": 83.447,
      "y": -14.219
    },
    "block_22": {
      "angle": 89.981,
      "id": "STONE_BLOCK_10X1",
      "x": 88.461,
      "y": -14.208
    },
    "block_23": {
      "angle": 179.947,
      "id": "STONE_BLOCK_10X1",
      "x": 85.991,
      "y": -25.509
    },
    "block_24": {
      "angle": 0.065,
      "id": "ICE_BLOCK_8X1",
      "x": 100.521,
      "y": -18.929
    },
    "block_25": {
      "angle": 0.065,
      "id": "ICE_BLOCK_8X1",
      "x": 100.472,
      "y": -9.917
    },
    "block_26": {
      "angle": 89.997,
      "id": "ICE_BLOCK_4X2",
      "x": 104.228,
      "y": -6.604
    },
    "block_27": {
      "angle": 89.997,
      "id": "ICE_BLOCK_4X2",
      "x": 96.882,
      "y": -6.552
    },
    "block_28": {
      "angle": 180.055,
      "id": "ICE_BLOCK_4X1",
      "x": 100.713,
      "y": -23.964
    },
    "block_29": {
      "angle": 270.052,
      "id": "ICE_BLOCK_4X1",
      "x": 100.693,
      "y": -26.482
    },
    "block_3": {
      "angle": 359.997,
      "id": "MISC_BALLOON_BLUE",
      "x": 97.279,
      "y": -39.851
    },
    "block_30": {
      "angle": 270.117,
      "id": "ICE_BLOCK_4X1",
      "x": 99.146,
      "y": -21.448
    },
    "block_31": {
      "angle": 270.026,
      "id": "ICE_BLOCK_4X1",
      "x": 102.01,
      "y": -21.445
    },
    "block_32": {
      "angle": 269.997,
      "id": "ICE_BLOCK_4X1",
      "x": 103.284,
      "y": -16.376
    },
    "block_33": {
      "angle": 269.997,
      "id": "ICE_BLOCK_4X1",
      "x": 97.816,
      "y": -16.376
    },
    "block_34": {
      "angle": 0,
      "id": "PIG_BASIC_MEDIUM",
      "x": 70.313,
      "y": -11.323
    },
    "block_35": {
      "angle": 0,
      "id": "PIG_BASIC_MEDIUM",
      "x": 86.014,
      "y": -33.551
    },
    "block_36": {
      "angle": 359.998,
      "id": "PIG_BASIC_MEDIUM",
      "x": 86.147,
      "y": -15.086
    },
    "block_37": {
      "angle": 359.998,
      "id": "PIG_BASIC_MEDIUM",
      "x": 85.938,
      "y": -18.734
    },
    "block_38": {
      "angle": 0,
      "id": "PIG_BASIC_MEDIUM",
      "x": 65.608,
      "y": -10.665
    },
    "block_39": {
      "angle": 359.997,
      "id": "PIG_BASIC_MEDIUM",
      "x": 96.625,
      "y": -33.24
    },
    "block_4": {
      "angle": 359.997,
      "id": "MISC_BALLOON_RED",
      "x": 75.982,
      "y": -30.013
    },
    "block_40": {
      "angle": 359.997,
      "id": "PIG_BASIC_MEDIUM",
      "x": 76.72,
      "y": -24.227
    },
    "block_41": {
      "angle": 269.973,
      "id": "ICE_BLOCK_4X4_HOLLOW",
      "x": 98.437,
      "y": -12.419
    },
    "block_42": {
      "angle": 270.046,
      "id": "ICE_BLOCK_4X4_HOLLOW",
      "x": 102.562,
      "y": -12.417
    },
    "block_43": {
      "angle": 359.997,
      "id": "PIG_MUSTACHE",
      "x": 138.139,
      "y": -26.953
    },
    "block_44": {
      "angle": 359.997,
      "id": "WOOD_TRIANGLE_4X4_HOLLOW",
      "x": 63.367,
      "y": -19.794
    },
    "block_45": {
      "angle": 359.997,
      "id": "WOOD_TRIANGLE_4X4_HOLLOW",
      "x": 72.482,
      "y": -19.846
    },
    "block_46": {
      "angle": 179.997,
      "id": "WOOD_TRIANGLE_4X4_HOLLOW",
      "x": 65.607,
      "y": -19.846
    },
    "block_47": {
      "angle": 179.997,
      "id": "WOOD_TRIANGLE_4X4_HOLLOW",
      "x": 70.192,
      "y": -19.848
    },
    "block_48": {
      "angle": 359.997,
      "id": "WOOD_TRIANGLE_4X4_HOLLOW",
      "x": 67.951,
      "y": -19.846
    },
    "block_49": {
      "angle": 359.997,
      "id": "WOOD_TRIANGLE_4X4_HOLLOW",
      "x": 67.949,
      "y": -32.752
    },
    "block_5": {
      "angle": 359.997,
      "id": "MISC_BALLOON_RED",
      "x": 121.904,
      "y": -30.278
    },
    "block_50": {
      "angle": 270.145,
      "id": "WOOD_TRIANGLE_4X4",
      "x": 126.962,
      "y": -36.613
    },
    "block_51": {
      "angle": 359.829,
      "id": "WOOD_TRIANGLE_4X4",
      "x": 130.981,
      "y": -36.581
    },
    "block_52": {
      "angle": 269.998,
      "id": "WOOD_TRIANGLE_4X4",
      "x": 72.535,
      "y": -10.77
    },
    "block_53": {
      "angle": 359.997,
      "id": "WOOD_TRIANGLE_4X4",
      "x": 62.743,
      "y": -10.717
    },
    "block_54": {
      "angle": 180,
      "id": "TERRAIN_TEXTURED_HILLS_10X10",
      "x": 128.754,
      "y": -4.717
    },
    "block_55": {
      "angle": 90,
      "id": "TERRAIN_TEXTURED_HILLS_10X10",
      "x": 22.626,
      "y": -1.121
    },
    "block_56": {
      "angle": 90,
      "id": "TERRAIN_TEXTURED_HILLS_10X10",
      "x": 22.63,
      "y": -10.604
    },
    "block_57": {
      "angle": 90,
      "id": "TERRAIN_TEXTURED_HILLS_10X10",
      "x": 22.587,
      "y": -20.085
    },
    "block_58": {
      "angle": 90,
      "id": "TERRAIN_TEXTURED_HILLS_10X10",
      "x": 13.045,
      "y": -10.81
    },
    "block_59": {
      "angle": 90,
      "id": "TERRAIN_TEXTURED_HILLS_10X10",
      "x": 13.041,
      "y": -1.327
    },
    "block_6": {
      "angle": 315,
      "id": "MISC_RUBBER_TRAMPOLINE",
      "x": 120.739,
      "y": -8.203
    },
    "block_60": {
      "angle": 90,
      "id": "TERRAIN_TEXTURED_HILLS_10X10",
      "x": 3.566,
      "y": -10.758
    },
    "block_61": {
      "angle": 90,
      "id": "TERRAIN_TEXTURED_HILLS_10X10",
      "x": 3.561,
      "y": -1.275
    },
    "block_62": {
      "angle": 180,
      "id": "TERRAIN_TEXTURED_HILLS_10X10",
      "x": 138.247,
      "y": -6.082
    },
    "block_63": {
      "angle": 180,
      "id": "TERRAIN_TEXTURED_HILLS_10X10",
      "x": 147.622,
      "y": -4.936
    },
    "block_64": {
      "angle": 180,
      "id": "TERRAIN_TEXTURED_HILLS_10X10",
      "x": 156.736,
      "y": -3.894
    },
    "block_65": {
      "angle": 111.998,
      "id": "TERRAIN_TEXTURED_HILLS_10X10",
      "x": 148.506,
      "y": -12.384
    },
    "block_66": {
      "angle": 111.998,
      "id": "TERRAIN_TEXTURED_HILLS_10X10",
      "x": 152,
      "y": -20.934
    },
    "block_67": {
      "angle": 111.998,
      "id": "TERRAIN_TEXTURED_HILLS_10X10",
      "x": 155.569,
      "y": -29.559
    },
    "block_68": {
      "angle": 180,
      "id": "TERRAIN_TEXTURED_HILLS_10X10",
      "x": 156.833,
      "y": -13.499
    },
    "block_69": {
      "angle": 89.945,
      "id": "STONE_BLOCK_4X2",
      "x": 89.042,
      "y": -36.984
    },
    "block_7": {
      "angle": 315,
      "id": "MISC_RUBBER_TRAMPOLINE",
      "x": 115.455,
      "y": -2.871
    },
    "block_70": {
      "angle": 89.986,
      "id": "STONE_BLOCK_4X2",
      "x": 82.92,
      "y": -36.981
    },
    "block_71": {
      "angle": 90.017,
      "id": "STONE_BLOCK_4X2",
      "x": 89.006,
      "y": -33.021
    },
    "block_72": {
      "angle": 89.916,
      "id": "STONE_BLOCK_4X2",
      "x": 82.925,
      "y": -33.019
    },
    "block_73": {
      "angle": 89.994,
      "id": "STONE_BLOCK_4X2",
      "x": 85.994,
      "y": -42.011
    },
    "block_74": {
      "angle": 90,
      "id": "TERRAIN_TEXTURED_HILLS_5X5",
      "x": 102.184,
      "y": -2.068
    },
    "block_75": {
      "angle": 90,
      "id": "TERRAIN_TEXTURED_HILLS_5X5",
      "x": 74.995,
      "y": -2.488
    },
    "block_76": {
      "angle": 90,
      "id": "TERRAIN_TEXTURED_HILLS_5X5",
      "x": 70.307,
      "y": -2.488
    },
    "block_77": {
      "angle": 90,
      "id": "TERRAIN_TEXTURED_HILLS_5X5",
      "x": 65.704,
      "y": -2.475
    },
    "block_78": {
      "angle": 90,
      "id": "TERRAIN_TEXTURED_HILLS_5X5",
      "x": 61.12,
      "y": -2.475
    },
    "block_79": {
      "angle": 90,
      "id": "TERRAIN_TEXTURED_HILLS_5X5",
      "x": 97.628,
      "y": -2.023
    },
    "block_8": {
      "angle": 291.999,
      "id": "MISC_RUBBER_TRAMPOLINE",
      "x": 144.997,
      "y": -20.619
    },
    "block_80": {
      "angle": 179.982,
      "id": "STONE_BLOCK_8X1",
      "x": 85.823,
      "y": -39.495
    },
    "block_81": {
      "angle": 359.999,
      "id": "TERRAIN_TEXTURED_HILLS_10X2",
      "x": 128.694,
      "y": -10.162
    },
    "block_82": {
      "angle": 359.999,
      "id": "TERRAIN_TEXTURED_HILLS_10X2",
      "x": 138.195,
      "y": -0.613
    },
    "block_83": {
      "angle": 0,
      "id": "STONE_BLOCK_1X1",
      "x": 87.448,
      "y": -31.479
    },
    "block_84": {
      "angle": 0,
      "id": "STONE_BLOCK_1X1",
      "x": 84.472,
      "y": -31.538
    },
    "block_85": {
      "angle": 89.999,
      "id": "STONE_BLOCK_2X1",
      "x": 86.012,
      "y": -45.012
    },
    "block_86": {
      "angle": 90.3,
      "id": "STONE_BLOCK_2X1",
      "x": 89.546,
      "y": -41.046
    },
    "block_87": {
      "angle": 89.86,
      "id": "STONE_BLOCK_2X1",
      "x": 82.297,
      "y": -41.045
    },
    "block_88": {
      "angle": 89.999,
      "id": "STONE_BLOCK_2X1",
      "x": 86.043,
      "y": -46.895
    },
    "block_89": {
      "angle": 270.006,
      "id": "WOOD_BLOCK_4X4_HOLLOW",
      "x": 125.94,
      "y": -16.958
    },
    "block_9": {
      "angle": 291.999,
      "id": "MISC_RUBBER_TRAMPOLINE",
      "x": 142.154,
      "y": -13.64
    },
    "block_90": {
      "angle": 269.981,
      "id": "WOOD_BLOCK_4X4_HOLLOW",
      "x": 131.885,
      "y": -16.956
    },
    "block_91": {
      "angle": 270.02,
      "id": "WOOD_BLOCK_4X4_HOLLOW",
      "x": 126.827,
      "y": -20.87
    },
    "block_92": {
      "angle": 269.934,
      "id": "WOOD_BLOCK_4X4_HOLLOW",
      "x": 130.946,
      "y": -20.863
    },
    "block_93": {
      "angle": 269.838,
      "id": "WOOD_BLOCK_4X4_HOLLOW",
      "x": 131.026,
      "y": -32.655
    },
    "block_94": {
      "angle": 269.889,
      "id": "WOOD_BLOCK_4X4_HOLLOW",
      "x": 131.032,
      "y": -28.743
    },
    "block_95": {
      "angle": 270.03,
      "id": "WOOD_BLOCK_4X4_HOLLOW",
      "x": 126.922,
      "y": -28.754
    },
    "block_96": {
      "angle": 270.037,
      "id": "WOOD_BLOCK_4X4_HOLLOW",
      "x": 126.929,
      "y": -32.672
    },
    "block_97": {
      "angle": 269.981,
      "id": "WOOD_BLOCK_4X4_HOLLOW",
      "x": 131.899,
      "y": -13.016
    },
    "block_98": {
      "angle": 270.006,
      "id": "WOOD_BLOCK_4X4_HOLLOW",
      "x": 125.953,
      "y": -13.018
    },
    "block_99": {
      "angle": 359.997,
      "id": "WOOD_BLOCK_4X4_HOLLOW",
      "x": 68.053,
      "y": -28.742
    },
    "joint_1": {
      "collideConnected": false,
      "index1": 2,
      "index2": 38,
      "type": 1,
      "x1": 0,
      "x2": 0,
      "y1": 0,
      "y2": 0
    },
    "joint_2": {
      "collideConnected": false,
      "index1": 3,
      "index2": 39,
      "type": 1,
      "x1": 0,
      "x2": 0,
      "y1": 0,
      "y2": 0
    },
    "joint_3": {
      "collideConnected": false,
      "index1": 4,
      "index2": 17,
      "type": 1,
      "x1": 0,
      "x2": 0,
      "y1": 0,
      "y2": 0
    },
    "joint_4": {
      "collideConnected": false,
      "index1": 0,
      "index2": 42,
      "type": 1,
      "x1": 0,
      "x2": 0,
      "y1": 0,
      "y2": 0
    },
    "joint_5": {
      "collideConnected": false,
      "index1": 18,
      "index2": 1,
      "type": 1,
      "x1": 0,
      "x2": 0,
      "y1": 0,
      "y2": 0
    }
  }
}
