{"camera":[{"id":"Slingshot","x":40.267,"y":-24.2,"left":-11.245308823529406,"right":91.77930882352942,"bottom":14.377500000000001,"top":-62.7775},{"id":"Castle","x":71.23557900631786,"y":-23.755933779274464,"left":24.426176065141405,"right":118.04498194749432,"bottom":11.29956622072553,"top":-58.81143377927446}],"counts":{"birds":4,"blocks":160,"joints":18},"id":"easter-14","theme":"BACKGROUND_EASTER","world":{"bird_1":{"id":"BIRD_GREEN","x":10.981,"y":-11.477,"angle":0},"bird_2":{"id":"BIRD_WHITE","x":3.482,"y":-10.164,"angle":0},"bird_3":{"id":"BIRD_YELLOW","x":1.852,"y":-7.844,"angle":0},"bird_4":{"id":"BIRD_RED","x":0.536,"y":-6.215,"angle":0},"block_1":{"id":"TERRAIN_TEXTURED_HILLS_5X5","x":7.711,"y":-5.428,"angle":135.022},"block_2":{"id":"TERRAIN_TEXTURED_HILLS_5X5","x":6.084,"y":-5.603,"angle":157.522},"block_3":{"id":"TERRAIN_TEXTURED_HILLS_5X5","x":9.463,"y":-1.999,"angle":337.521},"block_4":{"id":"TERRAIN_TEXTURED_HILLS_5X5","x":11.315,"y":0.479,"angle":292.521},"block_5":{"id":"TERRAIN_TEXTURED_HILLS_5X2","x":86.206,"y":-18.239,"angle":247.52100000000002},"block_6":{"id":"TERRAIN_TEXTURED_HILLS_5X5","x":2.305,"y":-0.647,"angle":270.021},"block_7":{"id":"TERRAIN_TEXTURED_HILLS_5X2","x":86.213,"y":-14.493,"angle":112.52100000000002},"block_8":{"id":"TERRAIN_TEXTURED_HILLS_5X5","x":3.506,"y":-3.275,"angle":225.021},"block_9":{"id":"TERRAIN_TEXTURED_HILLS_5X2","x":83.799,"y":-10.896,"angle":315.02},"block_10":{"id":"TERRAIN_TEXTURED_HILLS_5X5","x":6.31,"y":-1.273,"angle":337.521},"block_11":{"id":"TERRAIN_TEXTURED_HILLS_5X2","x":77.05,"y":-9.122,"angle":45.01800000000003},"block_12":{"id":"TERRAIN_TEXTURED_HILLS_5X2","x":80.193,"y":-8.453,"angle":157.52},"block_13":{"id":"TERRAIN_TEXTURED_HILLS_5X2","x":72.102,"y":-16.344,"angle":225.018},"block_14":{"id":"TERRAIN_TEXTURED_HILLS_5X2","x":74.576,"y":-12.733,"angle":247.518},"block_15":{"id":"TERRAIN_TEXTURED_HILLS_5X2","x":68.557,"y":-18.709,"angle":202.518},"block_16":{"id":"STONE_BLOCK_2X1","x":43.556,"y":-0.61,"angle":360},"block_17":{"id":"STONE_BLOCK_2X1","x":46.094,"y":-2.151,"angle":90.29599999999999},"block_18":{"id":"STONE_BLOCK_2X1","x":46.025,"y":-0.605,"angle":180.075},"block_19":{"id":"WOOD_BLOCK_2X2","x":59.475,"y":-22.45,"angle":358.158},"block_20":{"id":"WOOD_BLOCK_2X2","x":54.269,"y":-18.806,"angle":179.19},"block_21":{"id":"WOOD_BLOCK_2X2","x":45.54,"y":-5.249,"angle":181.50199999999998},"block_22":{"id":"MISC_EXPLOSIVE_TNT","x":66.337,"y":-2.781,"angle":0.029999999999972715},"block_23":{"id":"TERRAIN_TEXTURED_HILLS_5X5","x":74.897,"y":-17.575,"angle":112.52100000000002},"block_24":{"id":"WOOD_BLOCK_2X2","x":46.831,"y":-18.346,"angle":176.424},"block_25":{"id":"TERRAIN_TEXTURED_HILLS_5X5","x":78.501,"y":-11.668,"angle":315.0210000000001},"block_26":{"id":"WOOD_BLOCK_8X1","x":77.785,"y":-33.592,"angle":1.0430000000000064},"block_27":{"id":"WOOD_BLOCK_2X2","x":43.504,"y":-2.166,"angle":180.16300000000004},"block_28":{"id":"TERRAIN_TEXTURED_HILLS_5X5","x":76.749,"y":-15.097,"angle":157.521},"block_29":{"id":"WOOD_BLOCK_8X1","x":89.561,"y":-28.994,"angle":269.778},"block_30":{"id":"TERRAIN_TEXTURED_HILLS_5X5","x":80.128,"y":-11.493,"angle":337.521},"block_31":{"id":"WOOD_BLOCK_8X1","x":85.939,"y":-33.502,"angle":0.4449999999999932},"block_32":{"id":"TERRAIN_TEXTURED_HILLS_5X5","x":82.706,"y":-13.821,"angle":45.021000000000015},"block_33":{"id":"MISC_EXPLOSIVE_TNT","x":99.882,"y":-6.396,"angle":0.029999999999972715},"block_34":{"id":"TERRAIN_TEXTURED_HILLS_5X5","x":83.907,"y":-16.449,"angle":90.02100000000002},"block_35":{"id":"WOOD_BLOCK_8X1","x":56.836,"y":-25.29,"angle":2.6759999999999877},"block_36":{"id":"TERRAIN_TEXTURED_HILLS_5X5","x":82.856,"y":-18.601,"angle":112.52100000000002},"block_37":{"id":"TERRAIN_TEXTURED_HILLS_5X5","x":79.903,"y":-18.551,"angle":157.522},"block_38":{"id":"TERRAIN_TEXTURED_HILLS_5X5","x":79.903,"y":-15.823,"angle":157.522},"block_39":{"id":"ICE_BLOCK_2X1","x":51.034,"y":-12.744,"angle":45},"block_40":{"id":"STONE_BLOCK_4X2","x":75.612,"y":-30.026,"angle":179.105},"block_41":{"id":"STONE_BLOCK_4X2","x":75.545,"y":-32.032,"angle":179.105},"block_42":{"id":"STONE_BLOCK_4X2","x":76.882,"y":-27.017,"angle":89.10500000000002},"block_43":{"id":"WOOD_TRIANGLE_4X4","x":79.516,"y":-41.039,"angle":0.4619999999999891},"block_44":{"id":"BLOCK_ROPE_THIN","x":66.249,"y":-15.555,"angle":178.703},"block_45":{"id":"WOOD_BLOCK_8X1","x":97.813,"y":-4.328,"angle":0.029999999999972715},"block_46":{"id":"TERRAIN_TEXTURED_HILLS_5X2","x":83.586,"y":-20.975,"angle":22.521000000000015},"block_47":{"id":"TERRAIN_TEXTURED_HILLS_5X2","x":79.848,"y":-20.975,"angle":157.52},"block_48":{"id":"TERRAIN_TEXTURED_HILLS_5X2","x":92.265,"y":-20.805,"angle":337.522},"block_49":{"id":"TERRAIN_TEXTURED_HILLS_5X2","x":96.055,"y":-20.762,"angle":22.52199999999999},"block_50":{"id":"TERRAIN_TEXTURED_HILLS_5X2","x":72.069,"y":-19.552,"angle":22.521000000000015},"block_51":{"id":"TERRAIN_TEXTURED_HILLS_5X2","x":88.126,"y":-20.064,"angle":180.02200000000002},"block_52":{"id":"TERRAIN_TEXTURED_HILLS_5X2","x":69.098,"y":-20.512,"angle":157.521},"block_53":{"id":"TERRAIN_TEXTURED_HILLS_5X2","x":70.918,"y":-18.726,"angle":22.521000000000015},"block_54":{"id":"WOOD_BLOCK_8X1","x":65.598,"y":-31.796,"angle":358.07},"block_55":{"id":"TERRAIN_TEXTURED_HILLS_5X2","x":75.648,"y":-20.089,"angle":0.021000000000015007},"block_56":{"id":"WOOD_BLOCK_8X1","x":81.718,"y":-38.573,"angle":0.5190000000000055},"block_57":{"id":"TERRAIN_TEXTURED_HILLS_5X2","x":72.866,"y":-20.534,"angle":22.521000000000015},"block_58":{"id":"WOOD_BLOCK_4X2","x":82.151,"y":-27.096,"angle":270.13},"block_59":{"id":"TERRAIN_TEXTURED_HILLS_5X2","x":96.659,"y":-18.945,"angle":157.523},"block_60":{"id":"WOOD_BLOCK_4X2","x":50.382,"y":-2.074,"angle":270.143},"block_61":{"id":"TERRAIN_TEXTURED_HILLS_5X2","x":92.875,"y":-18.988,"angle":202.523},"block_62":{"id":"TERRAIN_TEXTURED_HILLS_5X2","x":89.286,"y":-18.443,"angle":337.523},"block_63":{"id":"TERRAIN_TEXTURED_HILLS_5X2","x":9.162,"y":-7.974,"angle":225.018},"block_64":{"id":"TERRAIN_TEXTURED_HILLS_5X2","x":0.007,"y":1.143,"angle":67.52100000000002},"block_65":{"id":"TERRAIN_TEXTURED_HILLS_5X2","x":14.111,"y":-0.752,"angle":45.01800000000003},"block_66":{"id":"WOOD_BLOCK_4X2","x":86.757,"y":-26.996,"angle":269.696},"block_67":{"id":"WOOD_BLOCK_10X1","x":56.106,"y":-10.186,"angle":359.939},"block_68":{"id":"WOOD_BLOCK_4X2","x":47.031,"y":-7.232,"angle":182.05600000000004},"block_69":{"id":"TERRAIN_TEXTURED_HILLS_5X2","x":88.224,"y":-19.232,"angle":337.523},"block_70":{"id":"WOOD_BLOCK_4X2","x":49.23,"y":-5.079,"angle":0.14100000000001955},"block_71":{"id":"TERRAIN_TEXTURED_HILLS_5X2","x":94.566,"y":-20.112,"angle":0.023000000000024556},"block_72":{"id":"WOOD_BLOCK_4X2","x":50.435,"y":-18.571,"angle":356.424},"block_73":{"id":"TERRAIN_TEXTURED_HILLS_5X2","x":94.657,"y":-19.657,"angle":0.023000000000024556},"block_74":{"id":"WOOD_BLOCK_4X2","x":49.716,"y":-21.533,"angle":266.409},"block_75":{"id":"TERRAIN_TEXTURED_HILLS_5X2","x":82.185,"y":-22.217,"angle":0.02800000000002001},"block_76":{"id":"ICE_BLOCK_4X2","x":46.984,"y":-14.234,"angle":269.785},"block_77":{"id":"ICE_BLOCK_4X2","x":54.382,"y":-14.715,"angle":269.514},"block_78":{"id":"ICE_BLOCK_4X2","x":53.188,"y":-11.718,"angle":179.88800000000003},"block_79":{"id":"ICE_BLOCK_4X2","x":46.964,"y":-10.235,"angle":271.925},"block_80":{"id":"WOOD_BLOCK_10X1","x":52,"y":-4.863,"angle":90.02100000000002},"block_81":{"id":"WOOD_BLOCK_10X1","x":49.906,"y":-16.985,"angle":176.431},"block_82":{"id":"WOOD_BLOCK_10X1","x":60.016,"y":-4.866,"angle":89.92599999999999},"block_83":{"id":"WOOD_BLOCK_10X1","x":57.96,"y":-4.864,"angle":89.964},"block_84":{"id":"WOOD_BLOCK_10X1","x":64.164,"y":-26.386,"angle":89.733},"block_85":{"id":"WOOD_BLOCK_4X1","x":47.632,"y":-23.926,"angle":176.429},"block_86":{"id":"WOOD_BLOCK_10X1","x":66.941,"y":-26.472,"angle":90.017},"block_87":{"id":"WOOD_BLOCK_4X1","x":59.32,"y":-24.006,"angle":358.56},"block_88":{"id":"TERRAIN_TEXTURED_HILLS_5X2","x":11.866,"y":-7.366,"angle":225.03},"block_89":{"id":"WOOD_BLOCK_4X1","x":46.846,"y":-21.354,"angle":86.44600000000003},"block_90":{"id":"TERRAIN_TEXTURED_HILLS_5X2","x":12.821,"y":-4.021,"angle":112.529},"block_91":{"id":"WOOD_BLOCK_4X1","x":54.283,"y":-21.805,"angle":269.535},"block_92":{"id":"TERRAIN_TEXTURED_HILLS_5X2","x":12.821,"y":-7.719,"angle":67.529},"block_93":{"id":"WOOD_BLOCK_4X1","x":54.182,"y":-24.347,"angle":2.6100000000000136},"block_94":{"id":"TERRAIN_TEXTURED_HILLS_5X2","x":10.126,"y":-9.474,"angle":0.028999999999996362},"block_95":{"id":"WOOD_BLOCK_4X1","x":47.766,"y":-2.078,"angle":90.21299999999997},"block_96":{"id":"WOOD_BLOCK_4X1","x":44.529,"y":-3.724,"angle":181.036},"block_97":{"id":"TERRAIN_TEXTURED_HILLS_5X2","x":11.127,"y":-7.525,"angle":225.03},"block_98":{"id":"TERRAIN_TEXTURED_HILLS_5X2","x":11.285,"y":-6.628,"angle":225.03},"block_99":{"id":"WOOD_BLOCK_4X2","x":82.167,"y":-24.102,"angle":0.047000000000025466},"block_100":{"id":"TERRAIN_TEXTURED_HILLS_5X2","x":6.019,"y":-8.643,"angle":337.52},"block_101":{"id":"WOOD_BLOCK_4X2","x":83.915,"y":-36.035,"angle":270.447},"block_102":{"id":"TERRAIN_TEXTURED_HILLS_5X2","x":0,"y":-2.603,"angle":292.521},"block_103":{"id":"TERRAIN_TEXTURED_HILLS_5X2","x":11.637,"y":-4.363,"angle":67.51800000000003},"block_104":{"id":"TERRAIN_TEXTURED_HILLS_5X2","x":2.414,"y":-6.2,"angle":135.02},"block_105":{"id":"STONE_BLOCK_4X2","x":74.725,"y":-27.06,"angle":89.10500000000002},"block_106":{"id":"STONE_BLOCK_4X2","x":65.414,"y":-33.344,"angle":358.07},"block_107":{"id":"STONE_BLOCK_4X2","x":80.886,"y":-41.204,"angle":45.456999999999994},"block_108":{"id":"STONE_BLOCK_4X2","x":83.729,"y":-41.215,"angle":46.004999999999995},"block_109":{"id":"STONE_BLOCK_4X2","x":75.866,"y":-22.062,"angle":359.262},"block_110":{"id":"STONE_BLOCK_4X2","x":75.803,"y":-24.078,"angle":359.178},"block_111":{"id":"STONE_BLOCK_4X2","x":88.002,"y":-21.962,"angle":359.861},"block_112":{"id":"STONE_BLOCK_4X2","x":88.012,"y":-24,"angle":359.754},"block_113":{"id":"TERRAIN_TEXTURED_HILLS_5X2","x":66.079,"y":0.748,"angle":0.029999999999972715},"block_114":{"id":"WOOD_TRIANGLE_4X4_HOLLOW","x":54.951,"y":-27.874,"angle":2.644999999999982},"block_115":{"id":"WOOD_TRIANGLE_4X4_HOLLOW","x":88.288,"y":-35.982,"angle":0.3790000000000191},"block_116":{"id":"WOOD_TRIANGLE_4X4_HOLLOW","x":59.023,"y":-27.686,"angle":2.6720000000000255},"block_117":{"id":"WOOD_TRIANGLE_4X4_HOLLOW","x":75.727,"y":-36.123,"angle":1.0330000000000155},"block_118":{"id":"WOOD_BLOCK_10X1","x":62.279,"y":-20.985,"angle":358.1859999999999},"block_119":{"id":"WOOD_BLOCK_10X1","x":60.084,"y":-15.523,"angle":269.867},"block_120":{"id":"WOOD_BLOCK_10X1","x":57.411,"y":-15.512,"angle":269.939},"block_121":{"id":"STONE_CIRCLE_2X2","x":96.309,"y":-5.707,"angle":0.029999999999972715},"block_122":{"id":"STONE_CIRCLE_2X2","x":94.617,"y":-5.707,"angle":0.029999999999972715},"block_123":{"id":"STONE_CIRCLE_2X2","x":65.296,"y":-5.307,"angle":0.029999999999972715},"block_124":{"id":"STONE_CIRCLE_2X2","x":95.494,"y":-7.086,"angle":0.029999999999972715},"block_125":{"id":"STONE_CIRCLE_2X2","x":66.298,"y":-6.739,"angle":0.029999999999972715},"block_126":{"id":"STONE_CIRCLE_2X2","x":67.3,"y":-5.307,"angle":0.029999999999972715},"block_127":{"id":"WOOD_BLOCK_4X4_HOLLOW","x":82.126,"y":-31.035,"angle":270.246},"block_128":{"id":"WOOD_BLOCK_4X1","x":100.822,"y":-2.008,"angle":270.03},"block_129":{"id":"WOOD_BLOCK_4X1","x":86.896,"y":-31.051,"angle":90},"block_130":{"id":"WOOD_BLOCK_4X1","x":79.242,"y":-36.08,"angle":270.844},"block_131":{"id":"WOOD_BLOCK_4X1","x":94.429,"y":-2.008,"angle":270.03},"block_132":{"id":"PIG_BASIC_SMALL","x":50.214,"y":-7.1477911748626335,"angle":357.133},"block_133":{"id":"PIG_BASIC_SMALL","x":52.087,"y":-20.594,"angle":357.133},"block_134":{"id":"PIG_BASIC_SMALL","x":68.733,"y":-33.339,"angle":357.133},"block_135":{"id":"PIG_BASIC_SMALL","x":61.85,"y":-22.668,"angle":357.133},"block_136":{"id":"PIG_BASIC_SMALL","x":52.299,"y":-13.883,"angle":357.133},"block_137":{"id":"PIG_BASIC_SMALL","x":82.03973088798077,"y":-34.90758234972527,"angle":357.133},"block_138":{"id":"PIG_BASIC_MEDIUM","x":66.389,"y":-10.565,"angle":10.069999999999993},"block_139":{"id":"B_EASTER_GRASS_2","x":97.513,"y":-0.38706674922438533,"angle":358.93},"block_140":{"id":"B_EASTER_GRASS_2","x":86.716,"y":-0.46137783281626066,"angle":0.5219999999999914},"block_141":{"id":"B_EASTER_GRASS_2","x":55.45547793715658,"y":-0.30468676229395586,"angle":0.5219999999999914},"block_142":{"id":"B_EASTER_GRASS_2","x":66.376,"y":-0.615,"angle":0.5219999999999914},"block_143":{"id":"B_EASTER_GRASS_2","x":70.914,"y":-15.117,"angle":228.522},"block_144":{"id":"B_EASTER_GRASS_2","x":75.855,"y":-7.976,"angle":225.522},"block_145":{"id":"B_EASTER_GRASS_1","x":81.03,"y":-7.109,"angle":157.522},"block_146":{"id":"B_EASTER_GRASS_2","x":76.887,"y":-0.45937783281626066,"angle":0.10899999999998045},"block_147":{"id":"B_EASTER_GRASS_2","x":84.987,"y":-9.71,"angle":135.522},"block_148":{"id":"B_EASTER_GRASS_1","x":87.669,"y":-14.111,"angle":112.52199999999999},"block_149":{"id":"B_EASTER_GRASS_1","x":73.258,"y":-11.943,"angle":247.52199999999993},"block_150":{"id":"B_EASTER_GRASS_1","x":91.417,"y":-0.33537783281626066,"angle":360},"block_151":{"id":"B_EASTER_GRASS_1","x":81.592,"y":-0.33937783281626066,"angle":360},"block_152":{"id":"B_EASTER_GRASS_1","x":71.077,"y":-0.3763778328162607,"angle":0.02199999999999136},"block_153":{"id":"B_EASTER_GRASS_1","x":105.78893325077561,"y":-0.5397556656325214,"angle":0.02199999999999136},"block_154":{"id":"B_EASTER_GRASS_1","x":47.509,"y":-25.166,"angle":356.424},"block_155":{"id":"B_EASTER_GRASS_2","x":96.797,"y":-22.313,"angle":26.02199999999999},"block_156":{"id":"B_PINK_BUNNY_HAT_2","x":68.586,"y":-9.9,"angle":111.22199999999998},"block_157":{"id":"B_PINK_BUNNY_HAT_2","x":67.536,"y":-12.282,"angle":43.72199999999998},"block_158":{"id":"B_PINK_BUNNY_HAT_2","x":64.253,"y":-9.609,"angle":250.223},"block_159":{"id":"B_PINK_BUNNY_HAT_2","x":66.499,"y":-8.364,"angle":188.223},"block_160":{"id":"B_PINK_BUNNY_HAT_2","x":64.907,"y":-12.288,"angle":334.222},"joint_1":{"type":3,"collideConnected":false,"index1":14,"index2":43,"x1":2.2813398838043213,"x2":0.026284700259566307,"y1":-0.78438800573349,"y2":3.0044000148773193,"motor":false},"joint_2":{"type":2,"collideConnected":false,"index1":142,"index2":12,"x1":0,"x2":0,"y1":0,"y2":0},"joint_3":{"type":2,"collideConnected":false,"index1":156,"index2":137,"x1":0,"x2":0,"y1":0,"y2":0},"joint_4":{"type":2,"collideConnected":false,"index1":6,"index2":147,"x1":0,"x2":0,"y1":0,"y2":0},"joint_5":{"type":2,"collideConnected":false,"index1":48,"index2":154,"x1":0,"x2":0,"y1":0,"y2":0},"joint_6":{"type":2,"collideConnected":false,"index1":148,"index2":13,"x1":0,"x2":0,"y1":0,"y2":0},"joint_7":{"type":2,"collideConnected":false,"index1":77,"index2":38,"x1":0,"x2":0,"y1":0,"y2":0},"joint_8":{"type":2,"collideConnected":false,"index1":112,"index2":21,"x1":0,"x2":0,"y1":0,"y2":0},"joint_9":{"type":2,"collideConnected":false,"index1":157,"index2":137,"x1":0,"x2":-0.4521549940109253,"y1":0,"y2":0.34096500277519226},"joint_10":{"type":2,"collideConnected":false,"index1":143,"index2":10,"x1":0,"x2":0,"y1":0,"y2":0},"joint_11":{"type":2,"collideConnected":false,"index1":137,"index2":158,"x1":0,"x2":0,"y1":0,"y2":0},"joint_12":{"type":2,"collideConnected":false,"index1":159,"index2":137,"x1":0,"x2":0,"y1":0,"y2":0},"joint_13":{"type":2,"collideConnected":false,"index1":8,"index2":146,"x1":0,"x2":0,"y1":0,"y2":0},"joint_14":{"type":2,"collideConnected":false,"index1":141,"index2":112,"x1":0,"x2":0,"y1":0,"y2":0},"joint_15":{"type":2,"collideConnected":false,"index1":144,"index2":11,"x1":0,"x2":0,"y1":0,"y2":0},"joint_16":{"type":2,"collideConnected":false,"index1":155,"index2":137,"x1":0,"x2":0,"y1":0,"y2":0},"joint_17":{"type":2,"collideConnected":false,"index1":84,"index2":153,"x1":0,"x2":0,"y1":0,"y2":0},"joint_18":{"type":3,"collideConnected":false,"index1":43,"index2":137,"x1":-0.005851789843291044,"x2":-0.31169599294662476,"y1":-3.354979991912842,"y2":-1.3832299709320068,"motor":false}}}