{
  "camera": [
    {
      "bottom": 14.845,
      "id": "Slingshot",
      "left": -10.227,
      "right": 79.685,
      "top": -52.589,
      "x": 47.771,
      "y": -18.872
    },
    {
      "bottom": 11.054,
      "id": "Castle",
      "left": 44.91,
      "right": 121.327,
      "top": -46.26,
      "x": 96.161,
      "y": -17.603
    }
  ],
  "counts": {
    "birds": 4,
    "blocks": 85
  },
  "id": "pack8/LevelP3_301.lua",
  "scoreEagle": 116000,
  "scoreGold": 102000,
  "scoreSilver": 92000,
  "theme": "BACKGROUND_CLOUDS",
  "world": {
    "bird_1": {
      "angle": 0,
      "id": "BIRD_BLACK",
      "x": 19.62,
      "y": -5.427
    },
    "bird_2": {
      "angle": 0,
      "id": "BIRD_BLACK",
      "x": 15.597,
      "y": -6.035
    },
    "bird_3": {
      "angle": 0,
      "id": "BIRD_BLACK",
      "x": 12.577,
      "y": -5.865
    },
    "bird_4": {
      "angle": 0,
      "id": "BIRD_BLACK",
      "x": 9.788,
      "y": -5.946
    },
    "block_1": {
      "angle": 359.974,
      "id": "MISC_EXPLOSIVE_TNT",
      "x": 115.019,
      "y": -6.282
    },
    "block_10": {
      "angle": 0.081,
      "id": "STONE_BLOCK_10X1",
      "x": 81.104,
      "y": -12.933
    },
    "block_11": {
      "angle": 357.009,
      "id": "STONE_BLOCK_10X1",
      "x": 98.917,
      "y": -12.906
    },
    "block_12": {
      "angle": 92.855,
      "id": "STONE_BLOCK_10X1",
      "x": 79.185,
      "y": -7.419
    },
    "block_13": {
      "angle": 91.059,
      "id": "STONE_BLOCK_10X1",
      "x": 84.263,
      "y": -7.408
    },
    "block_14": {
      "angle": 89.801,
      "id": "STONE_BLOCK_10X1",
      "x": 87.438,
      "y": -7.349
    },
    "block_15": {
      "angle": 88.012,
      "id": "STONE_BLOCK_10X1",
      "x": 95.333,
      "y": -7.386
    },
    "block_16": {
      "angle": 90.416,
      "id": "STONE_BLOCK_10X1",
      "x": 100.785,
      "y": -7.406
    },
    "block_17": {
      "angle": 90.125,
      "id": "STONE_BLOCK_10X1",
      "x": 93.15,
      "y": -7.373
    },
    "block_18": {
      "angle": 90.124,
      "id": "STONE_BLOCK_10X1",
      "x": 112.399,
      "y": -7.383
    },
    "block_19": {
      "angle": 89.34,
      "id": "STONE_BLOCK_10X1",
      "x": 121.64,
      "y": -7.432
    },
    "block_2": {
      "angle": 360,
      "id": "STONE_BLOCK_10X1",
      "x": 79.828,
      "y": -2.076
    },
    "block_20": {
      "angle": 0.007,
      "id": "STONE_BLOCK_10X1",
      "x": 117.069,
      "y": -2.057
    },
    "block_21": {
      "angle": 0.354,
      "id": "WOOD_BLOCK_10X1",
      "x": 83.805,
      "y": -14.988
    },
    "block_22": {
      "angle": 0.502,
      "id": "WOOD_BLOCK_10X1",
      "x": 84.03,
      "y": -24.943
    },
    "block_23": {
      "angle": 0.495,
      "id": "WOOD_BLOCK_10X1",
      "x": 83.804,
      "y": -16
    },
    "block_24": {
      "angle": 358.72,
      "id": "WOOD_BLOCK_10X1",
      "x": 96.471,
      "y": -25.015
    },
    "block_25": {
      "angle": 358.798,
      "id": "WOOD_BLOCK_10X1",
      "x": 96.59,
      "y": -15.035
    },
    "block_26": {
      "angle": 358.721,
      "id": "WOOD_BLOCK_10X1",
      "x": 96.578,
      "y": -16.07
    },
    "block_27": {
      "angle": 357.629,
      "id": "PIG_HELMET",
      "x": 89.933,
      "y": -4.494
    },
    "block_28": {
      "angle": 1.579,
      "id": "PIG_BASIC_MEDIUM",
      "x": 81.658,
      "y": -5.133
    },
    "block_29": {
      "angle": 355.378,
      "id": "PIG_BASIC_MEDIUM",
      "x": 98.401,
      "y": -5.457
    },
    "block_3": {
      "angle": 359.739,
      "id": "STONE_BLOCK_10X1",
      "x": 89.918,
      "y": -2.035
    },
    "block_30": {
      "angle": 356.99,
      "id": "PIG_BASIC_MEDIUM",
      "x": 76.623,
      "y": -5.507
    },
    "block_31": {
      "angle": 353.834,
      "id": "PIG_BASIC_MEDIUM",
      "x": 103.357,
      "y": -5.513
    },
    "block_32": {
      "angle": 359.709,
      "id": "PIG_BASIC_MEDIUM",
      "x": 119.102,
      "y": -8.45
    },
    "block_33": {
      "angle": 4.894,
      "id": "PIG_MUSTACHE",
      "x": 83.617,
      "y": -18.701
    },
    "block_34": {
      "angle": 188.744,
      "id": "STONE_BLOCK_4X1",
      "x": 104.165,
      "y": -21.93
    },
    "block_35": {
      "angle": 167.635,
      "id": "STONE_BLOCK_4X1",
      "x": 75.552,
      "y": -21.667
    },
    "block_36": {
      "angle": 357.263,
      "id": "STONE_BLOCK_4X1",
      "x": 100.108,
      "y": -14.028
    },
    "block_37": {
      "angle": 179.894,
      "id": "STONE_BLOCK_4X1",
      "x": 76.609,
      "y": -11.874
    },
    "block_38": {
      "angle": 178.499,
      "id": "STONE_BLOCK_4X1",
      "x": 103.436,
      "y": -12.059
    },
    "block_39": {
      "angle": 179.806,
      "id": "STONE_BLOCK_4X1",
      "x": 103.281,
      "y": -3.152
    },
    "block_4": {
      "angle": 359.948,
      "id": "STONE_BLOCK_10X1",
      "x": 100.146,
      "y": -2.075
    },
    "block_40": {
      "angle": 180.018,
      "id": "STONE_BLOCK_4X1",
      "x": 76.432,
      "y": -3.147
    },
    "block_41": {
      "angle": 268.685,
      "id": "STONE_BLOCK_4X1",
      "x": 123.955,
      "y": -8.167
    },
    "block_42": {
      "angle": 89.981,
      "id": "STONE_BLOCK_4X1",
      "x": 105.92,
      "y": -3.526
    },
    "block_43": {
      "angle": 89.842,
      "id": "STONE_BLOCK_4X1",
      "x": 105.99,
      "y": -7.494
    },
    "block_44": {
      "angle": 90,
      "id": "TERRAIN_TEXTURED_HILLS_5X5",
      "x": 19.944,
      "y": -1.998
    },
    "block_45": {
      "angle": 90,
      "id": "TERRAIN_TEXTURED_HILLS_5X5",
      "x": 15.301,
      "y": -2.01
    },
    "block_46": {
      "angle": 90,
      "id": "TERRAIN_TEXTURED_HILLS_5X5",
      "x": 10.651,
      "y": -1.96
    },
    "block_47": {
      "angle": 90.483,
      "id": "STONE_BLOCK_4X2",
      "x": 72.503,
      "y": -13.43
    },
    "block_48": {
      "angle": 89.148,
      "id": "STONE_BLOCK_4X2",
      "x": 85.873,
      "y": -4.488
    },
    "block_49": {
      "angle": 89.533,
      "id": "STONE_BLOCK_4X2",
      "x": 85.816,
      "y": -8.426
    },
    "block_5": {
      "angle": 91.578,
      "id": "STONE_BLOCK_10X1",
      "x": 73.989,
      "y": -6.345
    },
    "block_50": {
      "angle": 0,
      "id": "TERRAIN_TEXTURED_HILLS_32X2",
      "x": 86.29,
      "y": -0.642
    },
    "block_51": {
      "angle": 0,
      "id": "TERRAIN_TEXTURED_HILLS_32X2",
      "x": 117.99,
      "y": -0.642
    },
    "block_52": {
      "angle": 266.933,
      "id": "STONE_BLOCK_8X1",
      "x": 102.868,
      "y": -17.591
    },
    "block_53": {
      "angle": 271.466,
      "id": "STONE_BLOCK_8X1",
      "x": 77.072,
      "y": -17.422
    },
    "block_54": {
      "angle": 1.818,
      "id": "STONE_BLOCK_8X1",
      "x": 89.869,
      "y": -12.807
    },
    "block_55": {
      "angle": 356.129,
      "id": "STONE_BLOCK_2X1",
      "x": 123.188,
      "y": -10.659
    },
    "block_56": {
      "angle": 356.978,
      "id": "STONE_BLOCK_2X1",
      "x": 123.236,
      "y": -5.604
    },
    "block_57": {
      "angle": 89.821,
      "id": "STONE_BLOCK_2X1",
      "x": 106.073,
      "y": -10.496
    },
    "block_58": {
      "angle": 89.948,
      "id": "STONE_BLOCK_2X2",
      "x": 85.819,
      "y": -11.39
    },
    "block_59": {
      "angle": 179.939,
      "id": "WOOD_BLOCK_2X1",
      "x": 97.048,
      "y": -3.141
    },
    "block_6": {
      "angle": 91.603,
      "id": "STONE_BLOCK_10X1",
      "x": 74.185,
      "y": -15.945
    },
    "block_60": {
      "angle": 179.906,
      "id": "WOOD_BLOCK_1X1",
      "x": 80.066,
      "y": -3.147
    },
    "block_61": {
      "angle": 180.022,
      "id": "WOOD_BLOCK_1X1",
      "x": 83.104,
      "y": -3.15
    },
    "block_62": {
      "angle": 179.694,
      "id": "WOOD_BLOCK_1X1",
      "x": 94.234,
      "y": -3.131
    },
    "block_63": {
      "angle": 179.935,
      "id": "WOOD_BLOCK_1X1",
      "x": 99.459,
      "y": -3.144
    },
    "block_64": {
      "angle": 90,
      "id": "TERRAIN_TEXTURED_HILLS_5X5",
      "x": 6.054,
      "y": -1.951
    },
    "block_65": {
      "angle": 90,
      "id": "TERRAIN_TEXTURED_HILLS_5X5",
      "x": 1.665,
      "y": -1.901
    },
    "block_66": {
      "angle": 53,
      "id": "TERRAIN_TEXTURED_HILLS_5X5",
      "x": 21.941,
      "y": -1.011
    },
    "block_67": {
      "angle": 31,
      "id": "TERRAIN_TEXTURED_HILLS_5X5",
      "x": 0,
      "y": -0.881
    },
    "block_68": {
      "angle": 358.932,
      "id": "PIG_BASIC_BIG",
      "x": 95.957,
      "y": -18.891
    },
    "block_69": {
      "angle": 91.197,
      "id": "WOOD_BLOCK_8X1",
      "x": 79.421,
      "y": -20.511
    },
    "block_7": {
      "angle": 88.039,
      "id": "STONE_BLOCK_10X1",
      "x": 105.813,
      "y": -16.313
    },
    "block_70": {
      "angle": 91.516,
      "id": "WOOD_BLOCK_8X1",
      "x": 88.51,
      "y": -20.424
    },
    "block_71": {
      "angle": 88.568,
      "id": "WOOD_BLOCK_8X1",
      "x": 101.125,
      "y": -20.646
    },
    "block_72": {
      "angle": 88.286,
      "id": "WOOD_BLOCK_8X1",
      "x": 91.98,
      "y": -20.437
    },
    "block_73": {
      "angle": 0.513,
      "id": "WOOD_BLOCK_8X1",
      "x": 83.963,
      "y": -26.007
    },
    "block_74": {
      "angle": 358.711,
      "id": "WOOD_BLOCK_8X1",
      "x": 96.392,
      "y": -26.079
    },
    "block_75": {
      "angle": 90.834,
      "id": "WOOD_BLOCK_8X1",
      "x": 80.53,
      "y": -20.501
    },
    "block_76": {
      "angle": 91.124,
      "id": "WOOD_BLOCK_8X1",
      "x": 87.414,
      "y": -20.437
    },
    "block_77": {
      "angle": 88.556,
      "id": "WOOD_BLOCK_8X1",
      "x": 99.988,
      "y": -20.62
    },
    "block_78": {
      "angle": 88.464,
      "id": "WOOD_BLOCK_8X1",
      "x": 93.061,
      "y": -20.463
    },
    "block_79": {
      "angle": 0,
      "id": "BREAKABLE_STATIC_BLOCK_INVISIBLE",
      "x": 72.174,
      "y": -10.87
    },
    "block_8": {
      "angle": 0.052,
      "id": "STONE_BLOCK_10X1",
      "x": 92.833,
      "y": -13.897
    },
    "block_80": {
      "angle": 0,
      "id": "BREAKABLE_STATIC_BLOCK_INVISIBLE",
      "x": 78.124,
      "y": -10.77
    },
    "block_81": {
      "angle": 0,
      "id": "BREAKABLE_STATIC_BLOCK_INVISIBLE",
      "x": 102.023,
      "y": -10.92
    },
    "block_82": {
      "angle": 0,
      "id": "BREAKABLE_STATIC_BLOCK_INVISIBLE",
      "x": 124.241,
      "y": -4.521
    },
    "block_83": {
      "angle": 359.976,
      "id": "WOOD_BLOCK_4X2",
      "x": 115.008,
      "y": -3.605
    },
    "block_84": {
      "angle": 0.12,
      "id": "WOOD_BLOCK_4X2",
      "x": 119.136,
      "y": -3.592
    },
    "block_85": {
      "angle": 0.127,
      "id": "WOOD_BLOCK_4X2",
      "x": 119.087,
      "y": -5.612
    },
    "block_9": {
      "angle": 0.212,
      "id": "STONE_BLOCK_10X1",
      "x": 82.663,
      "y": -13.97
    }
  }
}
