{
  "camera": [
    {
      "bottom": 9.502,
      "id": "Slingshot",
      "left": 0.077,
      "right": 82.791,
      "top": -52.534,
      "x": 42.593,
      "y": -21.516
    },
    {
      "bottom": 7.833,
      "id": "Castle",
      "left": 49.263,
      "right": 125.795,
      "top": -49.566,
      "x": 88.688,
      "y": -20.866
    }
  ],
  "counts": {
    "birds": 5,
    "blocks": 89
  },
  "id": "pack7/LevelP3_302.lua",
  "scoreEagle": 109000,
  "scoreGold": 100000,
  "scoreSilver": 90000,
  "theme": "BACKGROUND_CITY",
  "world": {
    "bird_1": {
      "angle": 0,
      "id": "BIRD_YELLOW",
      "x": 18.181,
      "y": -10.653
    },
    "bird_2": {
      "angle": 0,
      "id": "BIRD_GREEN",
      "x": 12.496,
      "y": -11.254
    },
    "bird_3": {
      "angle": 0,
      "id": "BIRD_BLACK",
      "x": 9.107,
      "y": -11.181
    },
    "bird_4": {
      "angle": 0,
      "id": "BIRD_WHITE",
      "x": 6.286,
      "y": -11.452
    },
    "bird_5": {
      "angle": 0,
      "id": "BIRD_YELLOW",
      "x": 3.244,
      "y": -10.673
    },
    "block_1": {
      "angle": 10.667,
      "id": "PIG_BASIC_SMALL",
      "x": 79.436,
      "y": -16.35
    },
    "block_10": {
      "angle": 0.045,
      "id": "WOOD_BLOCK_10X1",
      "x": 86.054,
      "y": -30.871
    },
    "block_11": {
      "angle": 0.172,
      "id": "WOOD_BLOCK_10X1",
      "x": 80.743,
      "y": -14.763
    },
    "block_12": {
      "angle": 359.663,
      "id": "WOOD_BLOCK_10X1",
      "x": 91.001,
      "y": -16.677
    },
    "block_13": {
      "angle": 359.663,
      "id": "WOOD_BLOCK_10X1",
      "x": 90.948,
      "y": -9.698
    },
    "block_14": {
      "angle": 359.663,
      "id": "WOOD_BLOCK_10X1",
      "x": 101.081,
      "y": -16.657
    },
    "block_15": {
      "angle": 0.232,
      "id": "ICE_BLOCK_8X1",
      "x": 71.594,
      "y": -23.798
    },
    "block_16": {
      "angle": 270.868,
      "id": "ICE_BLOCK_4X2",
      "x": 85.903,
      "y": -21.198
    },
    "block_17": {
      "angle": 90.205,
      "id": "ICE_BLOCK_4X2",
      "x": 68.503,
      "y": -17.328
    },
    "block_18": {
      "angle": 90.24,
      "id": "ICE_BLOCK_4X2",
      "x": 68.587,
      "y": -21.293
    },
    "block_19": {
      "angle": 0,
      "id": "PIG_HELMET",
      "x": 80.596,
      "y": -3.243
    },
    "block_2": {
      "angle": 7.162,
      "id": "PIG_BASIC_SMALL",
      "x": 81.586,
      "y": -16.344
    },
    "block_20": {
      "angle": 0.288,
      "id": "ICE_BLOCK_2X2",
      "x": 78.995,
      "y": -25.246
    },
    "block_21": {
      "angle": 0.286,
      "id": "ICE_BLOCK_2X2",
      "x": 81.218,
      "y": -25.232
    },
    "block_22": {
      "angle": 0.09,
      "id": "ICE_BLOCK_2X2",
      "x": 83.466,
      "y": -25.225
    },
    "block_23": {
      "angle": 0.133,
      "id": "ICE_BLOCK_2X2",
      "x": 82.315,
      "y": -27.26
    },
    "block_24": {
      "angle": 0.443,
      "id": "ICE_BLOCK_2X2",
      "x": 80.142,
      "y": -27.274
    },
    "block_25": {
      "angle": 0.677,
      "id": "ICE_BLOCK_2X2",
      "x": 81.403,
      "y": -29.296
    },
    "block_26": {
      "angle": 359.687,
      "id": "ICE_BLOCK_2X2",
      "x": 88.783,
      "y": -25.256
    },
    "block_27": {
      "angle": 359.328,
      "id": "ICE_BLOCK_2X2",
      "x": 92.116,
      "y": -27.312
    },
    "block_28": {
      "angle": 359.577,
      "id": "ICE_BLOCK_2X2",
      "x": 91.028,
      "y": -25.269
    },
    "block_29": {
      "angle": 359.846,
      "id": "ICE_BLOCK_2X2",
      "x": 89.937,
      "y": -27.294
    },
    "block_3": {
      "angle": 359.058,
      "id": "PIG_BASIC_SMALL",
      "x": 83.73,
      "y": -16.337
    },
    "block_30": {
      "angle": 359.234,
      "id": "ICE_BLOCK_2X2",
      "x": 91.299,
      "y": -29.335
    },
    "block_31": {
      "angle": 359.508,
      "id": "ICE_BLOCK_2X2",
      "x": 93.262,
      "y": -25.289
    },
    "block_32": {
      "angle": 359.996,
      "id": "ICE_BLOCK_2X2",
      "x": 87.178,
      "y": -34.454
    },
    "block_33": {
      "angle": 0.004,
      "id": "ICE_BLOCK_2X2",
      "x": 88.336,
      "y": -32.419
    },
    "block_34": {
      "angle": 0.1,
      "id": "ICE_BLOCK_2X2",
      "x": 83.855,
      "y": -32.423
    },
    "block_35": {
      "angle": 0.062,
      "id": "ICE_BLOCK_2X2",
      "x": 86.096,
      "y": -32.419
    },
    "block_36": {
      "angle": 0.034,
      "id": "ICE_BLOCK_2X2",
      "x": 86.274,
      "y": -36.489
    },
    "block_37": {
      "angle": 0.125,
      "id": "ICE_BLOCK_2X2",
      "x": 84.999,
      "y": -34.456
    },
    "block_38": {
      "angle": 0.248,
      "id": "ICE_BLOCK_2X2",
      "x": 68.493,
      "y": -25.363
    },
    "block_39": {
      "angle": 0.224,
      "id": "ICE_BLOCK_2X2",
      "x": 70.723,
      "y": -25.353
    },
    "block_4": {
      "angle": 1.798,
      "id": "PIG_BASIC_SMALL",
      "x": 73.706,
      "y": -16.378
    },
    "block_40": {
      "angle": 0.246,
      "id": "ICE_BLOCK_2X2",
      "x": 69.549,
      "y": -27.393
    },
    "block_41": {
      "angle": 359.87,
      "id": "ICE_BLOCK_2X2",
      "x": 109.225,
      "y": -7.26
    },
    "block_42": {
      "angle": 359.859,
      "id": "ICE_BLOCK_2X2",
      "x": 111.452,
      "y": -7.266
    },
    "block_43": {
      "angle": 359.855,
      "id": "ICE_BLOCK_2X2",
      "x": 110.295,
      "y": -9.299
    },
    "block_44": {
      "angle": 0.034,
      "id": "ICE_BLOCK_2X2",
      "x": 102.961,
      "y": -22.24
    },
    "block_45": {
      "angle": 359.996,
      "id": "ICE_BLOCK_2X2",
      "x": 103.864,
      "y": -20.204
    },
    "block_46": {
      "angle": 0.125,
      "id": "ICE_BLOCK_2X2",
      "x": 101.686,
      "y": -20.206
    },
    "block_47": {
      "angle": 0.1,
      "id": "ICE_BLOCK_2X2",
      "x": 100.542,
      "y": -18.174
    },
    "block_48": {
      "angle": 0.062,
      "id": "ICE_BLOCK_2X2",
      "x": 102.783,
      "y": -18.17
    },
    "block_49": {
      "angle": 0.004,
      "id": "ICE_BLOCK_2X2",
      "x": 105.023,
      "y": -18.17
    },
    "block_5": {
      "angle": 0.636,
      "id": "PIG_BASIC_SMALL",
      "x": 71.578,
      "y": -16.386
    },
    "block_50": {
      "angle": 359.855,
      "id": "ICE_BLOCK_2X2",
      "x": 85.932,
      "y": -18.19
    },
    "block_51": {
      "angle": 356.22,
      "id": "PIG_BASIC_MEDIUM",
      "x": 72.439,
      "y": -2.873
    },
    "block_52": {
      "angle": 4.047,
      "id": "PIG_MUSTACHE",
      "x": 90.933,
      "y": -3.491
    },
    "block_53": {
      "angle": 0,
      "id": "TERRAIN_TEXTURED_HILLS_10X10",
      "x": 18.857,
      "y": -3.513
    },
    "block_54": {
      "angle": 0,
      "id": "TERRAIN_TEXTURED_HILLS_10X10",
      "x": 9.357,
      "y": -3.37
    },
    "block_55": {
      "angle": 0,
      "id": "TERRAIN_TEXTURED_HILLS_10X10",
      "x": 0,
      "y": -3.299
    },
    "block_56": {
      "angle": 270.285,
      "id": "STONE_BLOCK_4X2",
      "x": 75.44,
      "y": -7.254
    },
    "block_57": {
      "angle": 270.044,
      "id": "STONE_BLOCK_4X2",
      "x": 96.056,
      "y": -7.249
    },
    "block_58": {
      "angle": 270.091,
      "id": "STONE_BLOCK_4X2",
      "x": 75.457,
      "y": -3.301
    },
    "block_59": {
      "angle": 270.014,
      "id": "STONE_BLOCK_4X2",
      "x": 96.066,
      "y": -3.294
    },
    "block_6": {
      "angle": 179.884,
      "id": "STONE_BLOCK_10X1",
      "x": 101.208,
      "y": -9.671
    },
    "block_60": {
      "angle": 0,
      "id": "TERRAIN_TEXTURED_HILLS_32X2",
      "x": 69.09,
      "y": -0.429
    },
    "block_61": {
      "angle": 0,
      "id": "TERRAIN_TEXTURED_HILLS_32X2",
      "x": 100.846,
      "y": -0.429
    },
    "block_62": {
      "angle": 180,
      "id": "STONE_BLOCK_8X1",
      "x": 71.603,
      "y": -14.738
    },
    "block_63": {
      "angle": 180,
      "id": "STONE_BLOCK_8X1",
      "x": 71.466,
      "y": -9.651
    },
    "block_64": {
      "angle": 0,
      "id": "TERRAIN_TEXTURED_HILLS_32X2",
      "x": 9.362,
      "y": -8.83
    },
    "block_65": {
      "angle": 90,
      "id": "WOOD_BLOCK_2X2",
      "x": 96.019,
      "y": -15.223
    },
    "block_66": {
      "angle": 90,
      "id": "WOOD_BLOCK_2X2",
      "x": 105.176,
      "y": -15.219
    },
    "block_67": {
      "angle": 90,
      "id": "WOOD_BLOCK_2X2",
      "x": 105.18,
      "y": -7.223
    },
    "block_68": {
      "angle": 90,
      "id": "WOOD_BLOCK_2X2",
      "x": 95.766,
      "y": -22.194
    },
    "block_69": {
      "angle": 90,
      "id": "WOOD_BLOCK_2X2",
      "x": 86.978,
      "y": -15.192
    },
    "block_7": {
      "angle": 180.099,
      "id": "STONE_BLOCK_10X1",
      "x": 80.697,
      "y": -9.751
    },
    "block_70": {
      "angle": 90,
      "id": "WOOD_BLOCK_2X1",
      "x": 85.431,
      "y": -16.199
    },
    "block_71": {
      "angle": 180,
      "id": "WOOD_BLOCK_2X1",
      "x": 105.18,
      "y": -8.668
    },
    "block_72": {
      "angle": 90,
      "id": "WOOD_BLOCK_2X1",
      "x": 88.443,
      "y": -15.146
    },
    "block_73": {
      "angle": 0.409,
      "id": "PIG_BASIC_BIG",
      "x": 100.541,
      "y": -3.611
    },
    "block_74": {
      "angle": 180,
      "id": "WOOD_BLOCK_8X1",
      "x": 108.259,
      "y": -5.777
    },
    "block_75": {
      "angle": 90.079,
      "id": "WOOD_BLOCK_4X2",
      "x": 68.301,
      "y": -7.271
    },
    "block_76": {
      "angle": 90.164,
      "id": "WOOD_BLOCK_4X2",
      "x": 68.338,
      "y": -12.21
    },
    "block_77": {
      "angle": 89.886,
      "id": "WOOD_BLOCK_4X2",
      "x": 105.198,
      "y": -12.192
    },
    "block_78": {
      "angle": 90.635,
      "id": "WOOD_BLOCK_4X2",
      "x": 85.807,
      "y": -7.234
    },
    "block_79": {
      "angle": 90.818,
      "id": "WOOD_BLOCK_4X2",
      "x": 85.824,
      "y": -12.239
    },
    "block_8": {
      "angle": 0.191,
      "id": "WOOD_BLOCK_10X1",
      "x": 80.841,
      "y": -23.731
    },
    "block_80": {
      "angle": 90.821,
      "id": "WOOD_BLOCK_4X2",
      "x": 75.788,
      "y": -17.292
    },
    "block_81": {
      "angle": 91.028,
      "id": "WOOD_BLOCK_4X2",
      "x": 75.892,
      "y": -21.25
    },
    "block_82": {
      "angle": 90.025,
      "id": "WOOD_BLOCK_4X2",
      "x": 68.291,
      "y": -3.305
    },
    "block_83": {
      "angle": 89.971,
      "id": "WOOD_BLOCK_4X2",
      "x": 105.08,
      "y": -3.299
    },
    "block_84": {
      "angle": 90.249,
      "id": "WOOD_BLOCK_4X2",
      "x": 85.783,
      "y": -3.291
    },
    "block_85": {
      "angle": 90.562,
      "id": "WOOD_BLOCK_4X2",
      "x": 75.746,
      "y": -12.27
    },
    "block_86": {
      "angle": 89.86,
      "id": "WOOD_BLOCK_4X2",
      "x": 96.021,
      "y": -12.271
    },
    "block_87": {
      "angle": 89.971,
      "id": "WOOD_BLOCK_4X2",
      "x": 111.582,
      "y": -3.286
    },
    "block_88": {
      "angle": 89.86,
      "id": "WOOD_BLOCK_4X2",
      "x": 95.768,
      "y": -19.242
    },
    "block_89": {
      "angle": 90.818,
      "id": "WOOD_BLOCK_4X2",
      "x": 87.94,
      "y": -12.261
    },
    "block_9": {
      "angle": 359.63,
      "id": "WOOD_BLOCK_10X1",
      "x": 90.994,
      "y": -23.724
    }
  }
}
