{
  "camera": [
    {
      "bottom": 17.365,
      "id": "Slingshot",
      "left": -72.679,
      "right": 44.613,
      "top": -70.605,
      "x": 52.789,
      "y": -26.62
    },
    {
      "bottom": 16.91,
      "id": "Castle",
      "left": -28.354,
      "right": 88.03,
      "top": -70.378,
      "x": 96.661,
      "y": -26.734
    }
  ],
  "counts": {
    "birds": 5,
    "blocks": 167,
    "joints": 29
  },
  "id": "pack-summer-pignic/Level476.lua",
  "theme":"BACKGROUND_SUMMERPIGNIC",
  "scoreEagle": 125000,
  "scoreGold": 105000,
  "scoreSilver": 97000,
  "world": {
    "bird_1": {
      "angle": 0,
      "id": "BIRD_BLUE",
      "x": 23.969,
      "y": -26.405
    },
    "bird_2": {
      "angle": 0,
      "id": "BIRD_YELLOW",
      "x": 21.696,
      "y": -26.519
    },
    "bird_3": {
      "angle": 0,
      "id": "BIRD_WHITE",
      "x": 18.65,
      "y": -27.076
    },
    "bird_4": {
      "angle": 0,
      "id": "BIRD_WHITE",
      "x": 14.99,
      "y": -27.087
    },
    "bird_5": {
      "angle": 0,
      "id": "BIRD_YELLOW",
      "x": 11.045,
      "y": -26.374
    },
    "block_1": {
      "angle": 90,
      "id": "TERRAIN_TEXTURED_HILLS_5X5",
      "x": 84.862,
      "y": -6.57
    },
    "block_10": {
      "angle": 90,
      "id": "TERRAIN_TEXTURED_HILLS_5X5",
      "x": 108.161,
      "y": -6.57
    },
    "block_100": {
      "angle": 355.999,
      "id": "STONE_CIRCLE_4X4",
      "x": 88.508,
      "y": -40.224
    },
    "block_101": {
      "angle": 202.5,
      "id": "TERRAIN_TEXTURED_HILLS_5X5",
      "x": 64.155,
      "y": -0.707
    },
    "block_102": {
      "angle": 292.5,
      "id": "TERRAIN_TEXTURED_HILLS_5X5",
      "x": 91.4,
      "y": -0.61
    },
    "block_103": {
      "angle": 247.5,
      "id": "TERRAIN_TEXTURED_HILLS_5X5",
      "x": 7.554,
      "y": -41.055
    },
    "block_104": {
      "angle": 90,
      "id": "ICE_BLOCK_4X2",
      "x": 98.516,
      "y": -32.861
    },
    "block_105": {
      "angle": 270,
      "id": "ICE_BLOCK_4X2",
      "x": 104.345,
      "y": -49.4
    },
    "block_106": {
      "angle": 0,
      "id": "WOOD_BLOCK_10X1",
      "x": 73.611,
      "y": -34.984
    },
    "block_107": {
      "angle": 359.999,
      "id": "STONE_BLOCK_2X2",
      "x": 77.487,
      "y": -36.427
    },
    "block_108": {
      "angle": 0,
      "id": "SNOW_BLOCK_2X2",
      "x": 80.294,
      "y": -19.687
    },
    "block_109": {
      "angle": 0,
      "id": "WOOD_BLOCK_10X1",
      "x": 88.371,
      "y": -37.983
    },
    "block_11": {
      "angle": 90,
      "id": "TERRAIN_TEXTURED_HILLS_5X5",
      "x": 104.297,
      "y": -6.57
    },
    "block_110": {
      "angle": 0,
      "id": "B_LEMONADE_CAN",
      "x": 98.706,
      "y": -48.215
    },
    "block_111": {
      "angle": 0,
      "id": "B_FLOWER_7",
      "x": 66.095,
      "y": -13.542
    },
    "block_112": {
      "angle": 179.999,
      "id": "ICE_BLOCK_2X2",
      "x": 105.456,
      "y": -17.954
    },
    "block_113": {
      "angle": 179.999,
      "id": "ICE_BLOCK_2X2",
      "x": 99.158,
      "y": -18.047
    },
    "block_114": {
      "angle": 359.999,
      "id": "STONE_BLOCK_1X1",
      "x": 86.47,
      "y": -38.928
    },
    "block_115": {
      "angle": 337.5,
      "id": "TERRAIN_TEXTURED_HILLS_5X5",
      "x": 31.877,
      "y": -17.869
    },
    "block_116": {
      "angle": 359.999,
      "id": "STONE_BLOCK_1X1",
      "x": 90.545,
      "y": -38.928
    },
    "block_117": {
      "angle": 315,
      "id": "TERRAIN_TEXTURED_HILLS_5X5",
      "x": 29.831,
      "y": -20.937
    },
    "block_118": {
      "angle": 22.5,
      "id": "TERRAIN_TEXTURED_HILLS_5X5",
      "x": 31.877,
      "y": -10.708
    },
    "block_119": {
      "angle": 0,
      "id": "TERRAIN_TEXTURED_HILLS_5X5",
      "x": 32.559,
      "y": -14.459
    },
    "block_12": {
      "angle": 0,
      "id": "B_LEMONADE_GLASS",
      "x": 101.673,
      "y": -40.269
    },
    "block_120": {
      "angle": 112.5,
      "id": "TERRAIN_TEXTURED_HILLS_5X5",
      "x": 7.441,
      "y": -24.233
    },
    "block_121": {
      "angle": 45,
      "id": "TERRAIN_TEXTURED_HILLS_5X5",
      "x": 29.717,
      "y": -7.64
    },
    "block_122": {
      "angle": 180,
      "id": "STONE_TRIANGLE_4X4",
      "x": 117.959,
      "y": -24.943
    },
    "block_123": {
      "angle": 157.5,
      "id": "TERRAIN_TEXTURED_HILLS_5X5",
      "x": 2.553,
      "y": -29.121
    },
    "block_124": {
      "angle": 135,
      "id": "TERRAIN_TEXTURED_HILLS_5X5",
      "x": 4.486,
      "y": -26.166
    },
    "block_125": {
      "angle": 269.999,
      "id": "STONE_BLOCK_4X2",
      "x": 73.875,
      "y": -12.811
    },
    "block_126": {
      "angle": 202.5,
      "id": "TERRAIN_TEXTURED_HILLS_5X5",
      "x": 2.553,
      "y": -36.167
    },
    "block_127": {
      "angle": 269.999,
      "id": "STONE_BLOCK_4X2",
      "x": 84.433,
      "y": -12.718
    },
    "block_128": {
      "angle": 180,
      "id": "TERRAIN_TEXTURED_HILLS_5X5",
      "x": 1.871,
      "y": -32.644
    },
    "block_129": {
      "angle": 179.999,
      "id": "STONE_BLOCK_10X1",
      "x": 88.6,
      "y": -20.22
    },
    "block_13": {
      "angle": 0,
      "id": "B_KIELO",
      "x": 8.415,
      "y": -45.478
    },
    "block_130": {
      "angle": 0,
      "id": "WOOD_BLOCK_4X4_HOLLOW",
      "x": 79.445,
      "y": -32.584
    },
    "block_131": {
      "angle": 179.999,
      "id": "STONE_BLOCK_10X1",
      "x": 88.593,
      "y": -15.219
    },
    "block_132": {
      "angle": 359.999,
      "id": "STONE_BLOCK_4X2",
      "x": 72.856,
      "y": -9.947
    },
    "block_133": {
      "angle": 359.999,
      "id": "STONE_BLOCK_10X1",
      "x": 114.995,
      "y": -29.303
    },
    "block_134": {
      "angle": 179.999,
      "id": "B_FLOWER_VINE_2",
      "x": 98.603,
      "y": -21.609
    },
    "block_135": {
      "angle": 179.999,
      "id": "STONE_BLOCK_10X1",
      "x": 82.395,
      "y": -30.222
    },
    "block_136": {
      "angle": 179.999,
      "id": "STONE_BLOCK_10X1",
      "x": 76.005,
      "y": -21.238
    },
    "block_137": {
      "angle": 269.999,
      "id": "STONE_BLOCK_4X2",
      "x": 84.433,
      "y": -17.719
    },
    "block_138": {
      "angle": 269.999,
      "id": "STONE_BLOCK_2X2",
      "x": 96.433,
      "y": -9.913
    },
    "block_139": {
      "angle": 225,
      "id": "TERRAIN_TEXTURED_HILLS_5X5",
      "x": 4.486,
      "y": -39.122
    },
    "block_14": {
      "angle": 157.5,
      "id": "TERRAIN_TEXTURED_HILLS_5X2",
      "x": 118.329,
      "y": -21.701
    },
    "block_140": {
      "angle": 270,
      "id": "TERRAIN_TEXTURED_HILLS_5X5",
      "x": 17.215,
      "y": -23.552
    },
    "block_141": {
      "angle": 270,
      "id": "TERRAIN_TEXTURED_HILLS_5X5",
      "x": 20.511,
      "y": -23.552
    },
    "block_142": {
      "angle": 270,
      "id": "TERRAIN_TEXTURED_HILLS_5X5",
      "x": 23.466,
      "y": -23.552
    },
    "block_143": {
      "angle": 225,
      "id": "TERRAIN_TEXTURED_HILLS_5X5",
      "x": 66.201,
      "y": -3.775
    },
    "block_144": {
      "angle": 247.5,
      "id": "TERRAIN_TEXTURED_HILLS_5X5",
      "x": 69.27,
      "y": -5.821
    },
    "block_145": {
      "angle": 270,
      "id": "TERRAIN_TEXTURED_HILLS_5X5",
      "x": 95.41,
      "y": -0.025
    },
    "block_146": {
      "angle": 247.5,
      "id": "TERRAIN_TEXTURED_HILLS_5X5",
      "x": 97.797,
      "y": -1.048
    },
    "block_147": {
      "angle": 0,
      "id": "ICE_BLOCK_10X1",
      "x": 108.755,
      "y": -38.094
    },
    "block_148": {
      "angle": 0,
      "id": "ICE_BLOCK_10X1",
      "x": 102.585,
      "y": -35.188
    },
    "block_149": {
      "angle": 0,
      "id": "ICE_BLOCK_10X1",
      "x": 107.956,
      "y": -46.992
    },
    "block_15": {
      "angle": 269.999,
      "id": "STONE_BLOCK_4X1",
      "x": 80.48,
      "y": -27.615
    },
    "block_150": {
      "angle": 292.5,
      "id": "TERRAIN_TEXTURED_HILLS_5X5",
      "x": 26.99,
      "y": -22.87
    },
    "block_151": {
      "angle": 270,
      "id": "TERRAIN_TEXTURED_HILLS_5X5",
      "x": 11.078,
      "y": -23.552
    },
    "block_152": {
      "angle": 270,
      "id": "TERRAIN_TEXTURED_HILLS_5X5",
      "x": 13.123,
      "y": -23.552
    },
    "block_153": {
      "angle": 0,
      "id": "WOOD_BLOCK_10X1",
      "x": 102.635,
      "y": -46.051
    },
    "block_154": {
      "angle": 0,
      "id": "B_HIPPIE_GLASSES_3",
      "x": 87.125,
      "y": -24.558
    },
    "block_155": {
      "angle": 0,
      "id": "WOOD_BLOCK_10X1",
      "x": 117.681,
      "y": -43.003
    },
    "block_156": {
      "angle": 270,
      "id": "TERRAIN_TEXTURED_HILLS_5X5",
      "x": 122.233,
      "y": -4.685
    },
    "block_157": {
      "angle": 292.5,
      "id": "TERRAIN_TEXTURED_HILLS_5X5",
      "x": 118.483,
      "y": -5.48
    },
    "block_158": {
      "angle": 225,
      "id": "TERRAIN_TEXTURED_HILLS_5X5",
      "x": 128.712,
      "y": -7.412
    },
    "block_159": {
      "angle": 247.5,
      "id": "TERRAIN_TEXTURED_HILLS_5X5",
      "x": 125.643,
      "y": -5.367
    },
    "block_16": {
      "angle": 90,
      "id": "TERRAIN_TEXTURED_HILLS_5X2",
      "x": 110.868,
      "y": -26.457
    },
    "block_160": {
      "angle": 315,
      "id": "TERRAIN_TEXTURED_HILLS_5X5",
      "x": 115.414,
      "y": -7.526
    },
    "block_161": {
      "angle": 90,
      "id": "TERRAIN_TEXTURED_HILLS_5X5",
      "x": 72.814,
      "y": -6.57
    },
    "block_162": {
      "angle": 0,
      "id": "WOOD_BLOCK_4X4_HOLLOW",
      "x": 111.661,
      "y": -40.602
    },
    "block_163": {
      "angle": 180,
      "id": "TERRAIN_TEXTURED_HILLS_5X5",
      "x": 131.439,
      "y": -14.118
    },
    "block_164": {
      "angle": 180,
      "id": "WOOD_BLOCK_4X4_HOLLOW",
      "x": 111.846,
      "y": -31.711
    },
    "block_165": {
      "angle": 202.5,
      "id": "TERRAIN_TEXTURED_HILLS_5X5",
      "x": 130.757,
      "y": -10.481
    },
    "block_166": {
      "angle": 225,
      "id": "TERRAIN_TEXTURED_HILLS_5X5",
      "x": 99.388,
      "y": -2.071
    },
    "block_167": {
      "angle": 202.5,
      "id": "TERRAIN_TEXTURED_HILLS_5X5",
      "x": 101.434,
      "y": -5.139
    },
    "block_17": {
      "angle": 0,
      "id": "PIG_BASIC_SMALL",
      "x": 102.018,
      "y": -18.092
    },
    "block_18": {
      "angle": 359.999,
      "id": "STONE_BLOCK_2X1",
      "x": 71.93,
      "y": -30.129
    },
    "block_19": {
      "angle": 0,
      "id": "WOOD_BLOCK_2X2",
      "x": 106.563,
      "y": -29.732
    },
    "block_2": {
      "angle": 90,
      "id": "TERRAIN_TEXTURED_HILLS_5X5",
      "x": 80.202,
      "y": -6.57
    },
    "block_20": {
      "angle": 90,
      "id": "ICE_BLOCK_4X2",
      "x": 92.49,
      "y": -24.793
    },
    "block_21": {
      "angle": 270,
      "id": "ICE_BLOCK_4X2",
      "x": 79.524,
      "y": -36.427
    },
    "block_22": {
      "angle": 0,
      "id": "WOOD_BLOCK_2X2",
      "x": 98.517,
      "y": -36.57
    },
    "block_23": {
      "angle": 270,
      "id": "WOOD_BLOCK_4X2",
      "x": 111.661,
      "y": -35.693
    },
    "block_24": {
      "angle": 180,
      "id": "WOOD_BLOCK_4X2",
      "x": 105.641,
      "y": -36.512
    },
    "block_25": {
      "angle": 270,
      "id": "ICE_BLOCK_4X2",
      "x": 113.791,
      "y": -45.51
    },
    "block_26": {
      "angle": 270,
      "id": "ICE_BLOCK_4X2",
      "x": 69.522,
      "y": -37.353
    },
    "block_27": {
      "angle": 270,
      "id": "WOOD_BLOCK_4X2",
      "x": 106.563,
      "y": -32.763
    },
    "block_28": {
      "angle": 270,
      "id": "ICE_BLOCK_4X2",
      "x": 98.475,
      "y": -39.591
    },
    "block_29": {
      "angle": 270,
      "id": "ICE_BLOCK_4X2",
      "x": 121.339,
      "y": -45.325
    },
    "block_3": {
      "angle": 90,
      "id": "TERRAIN_TEXTURED_HILLS_5X5",
      "x": 92.363,
      "y": -6.57
    },
    "block_30": {
      "angle": 269.999,
      "id": "STONE_BLOCK_4X1",
      "x": 92.675,
      "y": -35.501
    },
    "block_31": {
      "angle": 179.999,
      "id": "WOOD_BLOCK_8X1",
      "x": 102.307,
      "y": -16.565
    },
    "block_32": {
      "angle": 180,
      "id": "WOOD_BLOCK_4X2",
      "x": 99.56,
      "y": -29.782
    },
    "block_33": {
      "angle": 269.999,
      "id": "STONE_BLOCK_4X1",
      "x": 84.525,
      "y": -24.673
    },
    "block_34": {
      "angle": 90,
      "id": "STONE_BLOCK_4X1",
      "x": 92.796,
      "y": -12.741
    },
    "block_35": {
      "angle": 269.999,
      "id": "STONE_BLOCK_4X1",
      "x": 71.922,
      "y": -27.721
    },
    "block_36": {
      "angle": 337.5,
      "id": "TERRAIN_TEXTURED_HILLS_5X5",
      "x": 111.867,
      "y": -7.355
    },
    "block_37": {
      "angle": 0,
      "id": "WOOD_BLOCK_2X2",
      "x": 106.838,
      "y": -44.577
    },
    "block_38": {
      "angle": 0,
      "id": "WOOD_BLOCK_2X2",
      "x": 111.661,
      "y": -45.603
    },
    "block_39": {
      "angle": 90,
      "id": "ICE_BLOCK_4X4_HOLLOW",
      "x": 119.09,
      "y": -40.602
    },
    "block_4": {
      "angle": 90,
      "id": "TERRAIN_TEXTURED_HILLS_5X5",
      "x": 89.067,
      "y": -6.57
    },
    "block_40": {
      "angle": 0,
      "id": "B_FLOWER_6",
      "x": 61.89,
      "y": -8.087
    },
    "block_41": {
      "angle": 292.5,
      "id": "TERRAIN_TEXTURED_HILLS_5X5",
      "x": 117.588,
      "y": -13.274
    },
    "block_42": {
      "angle": 0,
      "id": "WOOD_BLOCK_4X1",
      "x": 103.484,
      "y": -29.335
    },
    "block_43": {
      "angle": 0,
      "id": "WOOD_BLOCK_2X2",
      "x": 111.661,
      "y": -43.658
    },
    "block_44": {
      "angle": 90,
      "id": "ICE_BLOCK_4X4_HOLLOW",
      "x": 71.916,
      "y": -32.584
    },
    "block_45": {
      "angle": 315,
      "id": "TERRAIN_TEXTURED_HILLS_5X5",
      "x": 115.551,
      "y": -10.218
    },
    "block_46": {
      "angle": 270,
      "id": "TERRAIN_TEXTURED_HILLS_5X5",
      "x": 118.422,
      "y": -16.978
    },
    "block_47": {
      "angle": 0,
      "id": "B_FLOWER_4",
      "x": 108.944,
      "y": -13.428
    },
    "block_48": {
      "angle": 247.5,
      "id": "TERRAIN_TEXTURED_HILLS_5X5",
      "x": 117.773,
      "y": -20.498
    },
    "block_49": {
      "angle": 359.999,
      "id": "MISC_EXPLOSIVE_TNT",
      "x": 94.957,
      "y": -12.406
    },
    "block_5": {
      "angle": 90,
      "id": "ICE_BLOCK_4X1",
      "x": 98.325,
      "y": -43.601
    },
    "block_50": {
      "angle": 225,
      "id": "TERRAIN_TEXTURED_HILLS_5X5",
      "x": 115.736,
      "y": -23.554
    },
    "block_51": {
      "angle": 202.5,
      "id": "TERRAIN_TEXTURED_HILLS_5X5",
      "x": 112.68,
      "y": -25.591
    },
    "block_52": {
      "angle": 180,
      "id": "TERRAIN_TEXTURED_HILLS_5X5",
      "x": 109.068,
      "y": -26.332
    },
    "block_53": {
      "angle": 180,
      "id": "TERRAIN_TEXTURED_HILLS_5X5",
      "x": 104.53,
      "y": -26.332
    },
    "block_54": {
      "angle": 180,
      "id": "WOOD_BLOCK_4X2",
      "x": 85.465,
      "y": -28.694
    },
    "block_55": {
      "angle": 180,
      "id": "WOOD_BLOCK_4X2",
      "x": 91.596,
      "y": -21.714
    },
    "block_56": {
      "angle": 179.999,
      "id": "STONE_BLOCK_4X2",
      "x": 117.959,
      "y": -27.814
    },
    "block_57": {
      "angle": 360,
      "id": "STONE_BLOCK_4X2",
      "x": 72.856,
      "y": -19.849
    },
    "block_58": {
      "angle": 337.5,
      "id": "B_VARSI_2",
      "x": 67.78,
      "y": -8.996
    },
    "block_59": {
      "angle": 89.999,
      "id": "STONE_BLOCK_4X2",
      "x": 119.105,
      "y": -31.711
    },
    "block_6": {
      "angle": 90,
      "id": "TERRAIN_TEXTURED_HILLS_5X5",
      "x": 75.542,
      "y": -6.57
    },
    "block_60": {
      "angle": 112.5,
      "id": "B_SUMMER_GRASS_2",
      "x": 133.393,
      "y": -9.384
    },
    "block_61": {
      "angle": 359.999,
      "id": "STONE_BLOCK_4X2",
      "x": 84.386,
      "y": -9.913
    },
    "block_62": {
      "angle": 359.999,
      "id": "STONE_BLOCK_4X2",
      "x": 93.478,
      "y": -10.026
    },
    "block_63": {
      "angle": 292.5,
      "id": "B_SUMMER_GRASS_2",
      "x": 0,
      "y": -37.077
    },
    "block_64": {
      "angle": 90,
      "id": "B_SUMMER_GRASS_2",
      "x": 35.437,
      "y": -14.357
    },
    "block_65": {
      "angle": 0,
      "id": "B_VARSI_1",
      "x": 109.037,
      "y": -10.246
    },
    "block_66": {
      "angle": 359.999,
      "id": "ICE_BLOCK_4X1",
      "x": 87.489,
      "y": -21.146
    },
    "block_67": {
      "angle": 180,
      "id": "WOOD_BLOCK_2X1",
      "x": 119.098,
      "y": -38.101
    },
    "block_68": {
      "angle": 180,
      "id": "WOOD_BLOCK_2X1",
      "x": 106.845,
      "y": -39.02
    },
    "block_69": {
      "angle": 359.999,
      "id": "WOOD_BLOCK_2X1",
      "x": 109.809,
      "y": -48.104
    },
    "block_7": {
      "angle": 180,
      "id": "TERRAIN_TEXTURED_HILLS_5X5",
      "x": 99.806,
      "y": -26.332
    },
    "block_70": {
      "angle": 180,
      "id": "WOOD_BLOCK_2X1",
      "x": 84.226,
      "y": -31.102
    },
    "block_71": {
      "angle": 180,
      "id": "ICE_BLOCK_4X1",
      "x": 95.361,
      "y": -27.123
    },
    "block_72": {
      "angle": 179.999,
      "id": "B_FLOWER_VINE_2",
      "x": 105.641,
      "y": -21.524
    },
    "block_73": {
      "angle": 90,
      "id": "WOOD_BLOCK_4X1",
      "x": 92.626,
      "y": -31.507
    },
    "block_74": {
      "angle": 270,
      "id": "WOOD_BLOCK_4X2",
      "x": 92.768,
      "y": -17.719
    },
    "block_75": {
      "angle": 0,
      "id": "B_HIPPIE_GLASSES_2",
      "x": 101.9,
      "y": -18.711
    },
    "block_76": {
      "angle": 270,
      "id": "WOOD_BLOCK_4X2",
      "x": 71.858,
      "y": -23.76
    },
    "block_77": {
      "angle": 180,
      "id": "WOOD_BLOCK_2X1",
      "x": 88.421,
      "y": -27.189
    },
    "block_78": {
      "angle": 90,
      "id": "WOOD_BLOCK_4X1",
      "x": 71.374,
      "y": -12.918
    },
    "block_79": {
      "angle": 179.999,
      "id": "STONE_BLOCK_4X4_HOLLOW",
      "x": 72.949,
      "y": -16.886
    },
    "block_8": {
      "angle": 90,
      "id": "TERRAIN_TEXTURED_HILLS_5X5",
      "x": 99.864,
      "y": -6.57
    },
    "block_80": {
      "angle": 90,
      "id": "WOOD_BLOCK_4X1",
      "x": 77.63,
      "y": -27.721
    },
    "block_81": {
      "angle": 180,
      "id": "B_SUMMER_GRASS_1",
      "x": 22.116,
      "y": -20.753
    },
    "block_82": {
      "angle": 0,
      "id": "STONE_BLOCK_4X4_HOLLOW",
      "x": 78.93,
      "y": -23.665
    },
    "block_83": {
      "angle": 180,
      "id": "WOOD_BLOCK_4X1",
      "x": 91.148,
      "y": -27.189
    },
    "block_84": {
      "angle": 67.5,
      "id": "B_SUMMER_GRASS_1",
      "x": 34.618,
      "y": -18.594
    },
    "block_85": {
      "angle": 180,
      "id": "WOOD_BLOCK_4X1",
      "x": 85.352,
      "y": -27.189
    },
    "block_86": {
      "angle": 0,
      "id": "B_SUMMER_GRASS_1",
      "x": 131.461,
      "y": -16.772
    },
    "block_87": {
      "angle": 0,
      "id": "WOOD_BLOCK_2X2",
      "x": 84.543,
      "y": -21.714
    },
    "block_88": {
      "angle": 359.999,
      "id": "PIG_BASIC_MEDIUM",
      "x": 87.224,
      "y": -23.369
    },
    "block_89": {
      "angle": 359.999,
      "id": "PIG_BASIC_MEDIUM",
      "x": 115.736,
      "y": -31.526
    },
    "block_9": {
      "angle": 90,
      "id": "TERRAIN_TEXTURED_HILLS_5X5",
      "x": 96,
      "y": -6.57
    },
    "block_90": {
      "angle": 0,
      "id": "WOOD_BLOCK_2X2",
      "x": 92.689,
      "y": -28.601
    },
    "block_91": {
      "angle": 359.999,
      "id": "PIG_BASIC_MEDIUM",
      "x": 107.401,
      "y": -49.3
    },
    "block_92": {
      "angle": 90,
      "id": "ICE_BLOCK_4X1",
      "x": 106.89,
      "y": -41.609
    },
    "block_93": {
      "angle": 359.999,
      "id": "PIG_MUSTACHE",
      "x": 89.396,
      "y": -11.144
    },
    "block_94": {
      "angle": 315,
      "id": "B_VARSI_3",
      "x": 63.802,
      "y": -6.268
    },
    "block_95": {
      "angle": 90,
      "id": "WOOD_BLOCK_4X1",
      "x": 84.176,
      "y": -33.602
    },
    "block_96": {
      "angle": 0,
      "id": "WOOD_BLOCK_2X2",
      "x": 84.183,
      "y": -36.659
    },
    "block_97": {
      "angle": 89.998,
      "id": "PIG_HELMET",
      "x": 101.566,
      "y": -37.431
    },
    "block_98": {
      "angle": 90,
      "id": "WOOD_BLOCK_4X1",
      "x": 119.155,
      "y": -35.693
    },
    "block_99": {
      "angle": 314.999,
      "id": "WOOD_BLOCK_4X1",
      "x": 85.544,
      "y": -13.829
    },
    "joint_1": {
      "backAndForth": false,
      "collideConnected": false,
      "index1": 110,
      "index2": 57,
      "limit": false,
      "lowerLimit": 0,
      "maxTorque": 10000,
      "motor": true,
      "motorSpeed": 1.899999976158142,
      "type": 3,
      "upperLimit": 3.141590118408203,
      "x1": 0,
      "x2": 0,
      "y1": 0,
      "y2": 0
    },
    "joint_10": {
      "collideConnected": false,
      "index1": 74,
      "index2": 16,
      "type": 2,
      "x1": 0,
      "x2": 0,
      "y1": 0,
      "y2": 0
    },
    "joint_11": {
      "collideConnected": false,
      "index1": 76,
      "index2": 82,
      "type": 2,
      "x1": 0,
      "x2": 0,
      "y1": 0,
      "y2": 0
    },
    "joint_12": {
      "backAndForth": false,
      "collideConnected": false,
      "index1": 46,
      "index2": 64,
      "limit": false,
      "lowerLimit": 0,
      "maxTorque": 10000,
      "motor": true,
      "motorSpeed": 0.699999988079071,
      "type": 3,
      "upperLimit": 3.141590118408203,
      "x1": 0,
      "x2": 0,
      "y1": 0,
      "y2": 0
    },
    "joint_13": {
      "collideConnected": false,
      "index1": 84,
      "index2": 76,
      "type": 2,
      "x1": 0,
      "x2": 0,
      "y1": 0,
      "y2": 0
    },
    "joint_14": {
      "collideConnected": false,
      "destroyTimer": 3.31,
      "index1": 133,
      "index2": 71,
      "type": 5,
      "x1": 0,
      "x2": 0,
      "y1": 0,
      "y2": 0
    },
    "joint_15": {
      "collideConnected": false,
      "index1": 62,
      "index2": 125,
      "type": 2,
      "x1": 0,
      "x2": 0,
      "y1": 0,
      "y2": 0
    },
    "joint_16": {
      "collideConnected": false,
      "index1": 164,
      "index2": 59,
      "type": 2,
      "x1": 0,
      "x2": 0,
      "y1": 0,
      "y2": 0
    },
    "joint_17": {
      "collideConnected": false,
      "index1": 126,
      "index2": 98,
      "type": 2,
      "x1": 0,
      "x2": 0,
      "y1": 0,
      "y2": 0
    },
    "joint_18": {
      "collideConnected": false,
      "index1": 111,
      "index2": 30,
      "type": 2,
      "x1": 0,
      "x2": 0,
      "y1": 0,
      "y2": 0
    },
    "joint_19": {
      "collideConnected": false,
      "index1": 63,
      "index2": 118,
      "type": 2,
      "x1": 0,
      "x2": 0,
      "y1": 0,
      "y2": 0
    },
    "joint_2": {
      "backAndForth": false,
      "collideConnected": false,
      "index1": 6,
      "index2": 133,
      "limit": false,
      "lowerLimit": 0,
      "maxTorque": 10000,
      "motor": false,
      "motorSpeed": 0,
      "type": 3,
      "upperLimit": 3.141590118408203,
      "x1": 1.2039599418640137,
      "x2": -0.09263180196285248,
      "y1": -2.1300699710845947,
      "y2": 2.1301000118255615
    },
    "joint_20": {
      "collideConnected": false,
      "index1": 66,
      "index2": 97,
      "type": 2,
      "x1": 0,
      "x2": 0,
      "y1": 0,
      "y2": 0
    },
    "joint_21": {
      "collideConnected": false,
      "index1": 162,
      "index2": 85,
      "type": 2,
      "x1": 0,
      "x2": 0,
      "y1": 0,
      "y2": 0
    },
    "joint_22": {
      "collideConnected": false,
      "index1": 11,
      "index2": 96,
      "type": 2,
      "x1": 0,
      "x2": 0,
      "y1": 0,
      "y2": 0
    },
    "joint_23": {
      "backAndForth": false,
      "collideConnected": false,
      "index1": 71,
      "index2": 111,
      "limit": false,
      "lowerLimit": 0,
      "maxTorque": 10000,
      "motor": false,
      "motorSpeed": 0,
      "type": 3,
      "upperLimit": 3.141590118408203,
      "x1": 2.109560045937542E-5,
      "x2": -0.1852319985628128,
      "y1": -2.415329933166504,
      "y2": 0.5982909798622131
    },
    "joint_24": {
      "collideConnected": false,
      "index1": 153,
      "index2": 87,
      "type": 2,
      "x1": 0,
      "x2": 0,
      "y1": 0,
      "y2": 0
    },
    "joint_25": {
      "backAndForth": false,
      "collideConnected": false,
      "index1": 39,
      "index2": 93,
      "limit": false,
      "lowerLimit": 0,
      "maxTorque": 10000,
      "motor": true,
      "motorSpeed": 1.100000023841858,
      "type": 3,
      "upperLimit": 3.141590118408203,
      "x1": 0,
      "x2": 0,
      "y1": 0,
      "y2": 0
    },
    "joint_26": {
      "backAndForth": false,
      "collideConnected": false,
      "index1": 133,
      "index2": 112,
      "limit": false,
      "lowerLimit": 0,
      "maxTorque": 10000,
      "motor": false,
      "motorSpeed": 0,
      "type": 3,
      "upperLimit": 3.141590118408203,
      "x1": 2.022219996433705E-5,
      "x2": 0.5556740164756775,
      "y1": -2.3153300285339355,
      "y2": 0.5982969999313354
    },
    "joint_27": {
      "collideConnected": false,
      "index1": 12,
      "index2": 102,
      "type": 2,
      "x1": 0,
      "x2": 0,
      "y1": 0,
      "y2": 0
    },
    "joint_28": {
      "collideConnected": false,
      "index1": 82,
      "index2": 70,
      "type": 2,
      "x1": 0,
      "x2": 0,
      "y1": 0,
      "y2": 0
    },
    "joint_29": {
      "collideConnected": false,
      "index1": 9,
      "index2": 64,
      "type": 2,
      "x1": 0,
      "x2": 0,
      "y1": 0,
      "y2": 0
    },
    "joint_3": {
      "collideConnected": false,
      "index1": 114,
      "index2": 83,
      "type": 2,
      "x1": 0,
      "x2": 0,
      "y1": 0,
      "y2": 0
    },
    "joint_4": {
      "collideConnected": false,
      "index1": 80,
      "index2": 141,
      "type": 2,
      "x1": 0,
      "x2": 0,
      "y1": 0,
      "y2": 0
    },
    "joint_5": {
      "collideConnected": false,
      "index1": 93,
      "index2": 142,
      "type": 2,
      "x1": 0,
      "x2": 0,
      "y1": 0,
      "y2": 0
    },
    "joint_6": {
      "collideConnected": false,
      "index1": 57,
      "index2": 143,
      "type": 2,
      "x1": 0,
      "x2": 0,
      "y1": 0,
      "y2": 0
    },
    "joint_7": {
      "collideConnected": false,
      "index1": 130,
      "index2": 98,
      "type": 2,
      "x1": 0,
      "x2": 0,
      "y1": 0,
      "y2": 0
    },
    "joint_8": {
      "backAndForth": false,
      "collideConnected": false,
      "index1": 71,
      "index2": 52,
      "limit": false,
      "lowerLimit": 0,
      "maxTorque": 10000,
      "motor": false,
      "motorSpeed": 0,
      "type": 3,
      "upperLimit": 3.141590118408203,
      "x1": -0.09262959659099579,
      "x2": -1.111340045928955,
      "y1": 2.3079400062561035,
      "y2": -2.0374701023101807
    },
    "joint_9": {
      "collideConnected": false,
      "index1": 30,
      "index2": 112,
      "type": 2,
      "x1": 0,
      "x2": 0,
      "y1": 0,
      "y2": 0
    }
  }
}
