{
"SLINGSHOT": {"bodyType": "STATIC", "defense": -1, "density": 10000, "friction": 0.05, "restitution": 0.05, "strength": 10000},
"BIRD_RED": {"bodyType": "DYNAMIC", "defense": 1, "density": 6, "friction": 0.3, "restitution": 0.43, "strength": 2, "soundModel": "BIRD_RED", "particleType": "BIRD_RED",
    "velocityMultipliers": {"PIG_BASIC_SMALL": 1.3, "PIG_BASIC_MEDIUM": 1.3, "PIG_BASIC_BIG": 1.3, "PIG_KING": 1.3, "PIG_MUSTACHE": 1.3, "PIG_HELMET": 1.3, "BLOCK_SNOW": 1.2}},
"BIRD_YELLOW": {"bodyType": "DYNAMIC", "defense": 1, "density": 6, "friction": 0.3, "restitution": 0.23, "strength": 2, "soundModel": "BIRD_YELLOW", "particleType": "BIRD_YELLOW",
    "damageMultipliers": {"BLOCK_ICE": 1.2, "BLOCK_WOOD": 2.4, "BLOCK_SNOW": 1.2, "BLOCK_SNOW_STATIC": 1.2},
    "velocityMultipliers": {"BLOCK_WOOD": 1.4, "PIG_BASIC_SMALL": 1.3, "PIG_BASIC_MEDIUM": 1.3, "PIG_BASIC_BIG": 1.3, "PIG_KING": 1.3, "PIG_MUSTACHE": 1.3, "PIG_HELMET": 1.3, "BLOCK_SNOW": 1.2, "BLOCK_SNOW_STATIC": 1.2}},
"BIRD_BLUE": {"bodyType": "DYNAMIC", "defense": 1, "density": 4.5, "friction": 0.3, "restitution": 0.25, "strength": 2, "soundModel": "BIRD_BLUE", "particleType": "BIRD_BLUE",
    "damageMultipliers": {"BLOCK_ICE": 4, "BLOCK_SNOW": 2, "BLOCK_SNOW_STATIC": 2},
    "velocityMultipliers": {"BLOCK_ICE": 1.6, "BLOCK_SNOW": 1.2, "BLOCK_SNOW_STATIC": 1.2, "PIG_BASIC_SMALL": 1.3, "PIG_BASIC_MEDIUM": 1.3, "PIG_BASIC_BIG": 1.3, "PIG_KING": 1.3, "PIG_MUSTACHE": 1.3, "PIG_HELMET": 1.3}},
"BIRD_WHITE": {"bodyType": "DYNAMIC", "defense": 1.0, "density": 4.0, "friction": 0.3, "restitution": 0.23, "strength": 2, "soundModel": "BIRD_WHITE", "particleType": "BIRD_WHITE",
    "damageMultipliers": {"BLOCK_ICE": 0.8, "BLOCK_SNOW": 0.8, "BLOCK_WOOD": 0.8, "BLOCK_STONE": 1.0},
    "velocityMultipliers": {"PIG_BASIC_SMALL": 1.3, "PIG_BASIC_MEDIUM": 1.3, "PIG_BASIC_BIG": 1.3, "PIG_KING": 1.3, "PIG_MUSTACHE": 1.3, "PIG_HELMET": 1.3, "BLOCK_ICE": 1.0, "BLOCK_SNOW": 0.9, "BLOCK_WOOD": 1.0, "BLOCK_STONE": 1.0}},
"BIRD_BLACK": {"bodyType": "DYNAMIC", "defense": 1.0, "density": 6.0, "friction": 0.3, "restitution": 0.03, "strength": 2, "soundModel": "BIRD_BLACK", "particleType": "BIRD_BLACK",
    "damageMultipliers": {"BLOCK_ICE": 1.0, "BLOCK_WOOD": 1.0, "BLOCK_STONE": 2.5, "BLOCK_SNOW": 1.0, "BLOCK_SNOW_STATIC": 0.5},
    "velocityMultipliers": {"PIG_BASIC_SMALL": 1.3, "PIG_BASIC_MEDIUM": 1.3, "PIG_BASIC_BIG": 1.3, "PIG_KING": 1.3, "PIG_MUSTACHE": 1.3, "PIG_HELMET": 1.3, "BLOCK_STONE": 1.2, "BLOCK_SNOW": 0.9, "BLOCK_SNOW_STATIC": 0.9}},
"BIRD_GREEN": {"bodyType": "DYNAMIC", "defense": 1, "density": 7, "friction": 0.2, "restitution": 0.4, "strength": 2, "soundModel": "BIRD_GREEN", "particleType": "BIRD_GREEN",
    "damageMultipliers": {"BLOCK_ICE": 1.4, "BLOCK_SNOW": 1.2, "BLOCK_WOOD": 1.6, "BLOCK_STONE": 0.8},
    "velocityMultipliers": {"PIG_BASIC_SMALL": 1.3, "PIG_BASIC_MEDIUM": 1.3, "PIG_BASIC_BIG": 1.3, "PIG_KING": 1.3, "PIG_MUSTACHE": 1.3, "PIG_HELMET": 1.3, "BLOCK_ICE": 1.3, "BLOCK_WOOD": 1.3, "BLOCK_SNOW": 0.9}},
"BIRD_REDBIG": {"bodyType": "DYNAMIC", "defense": 1, "density": 8, "friction": 0.3, "restitution": 0.4, "strength": 2, "soundModel": "BIRD_REDBIG", "particleType": "BIRD_RED",
    "damageMultipliers": {"BLOCK_ICE": 0.5, "BLOCK_SNOW": 0.3, "BLOCK_WOOD": 0.5, "BLOCK_STONE": 0.3},
    "velocityMultipliers": {"PIG_BASIC_SMALL": 1.3, "PIG_BASIC_MEDIUM": 1.3, "PIG_BASIC_BIG": 1.3, "PIG_KING": 1.3, "PIG_MUSTACHE": 1.3, "PIG_HELMET": 1.3, "BLOCK_ICE": 1.7, "BLOCK_WOOD": 1.7, "BLOCK_STONE": 1.8, "BLOCK_SNOW": 1.8, "BLOCK_SNOW_STATIC": 1.8}},
"BIRD_SARDINE": {"bodyType": "DYNAMIC", "defense": 1, "density": 1, "friction": 0.25, "restitution": 0.05, "strength": 1, "soundModel": "BIRD_SARDINE", "particleType": "NONE",
    "velocityMultipliers": {"PIG_BASIC_SMALL": 1.3, "PIG_BASIC_MEDIUM": 1.3, "PIG_BASIC_BIG": 1.3, "PIG_KING": 1.3, "PIG_MUSTACHE": 1.3, "PIG_HELMET": 1.3}},
"BIRD_MIGHTY_EAGLE": {"bodyType": "STATIC", "defense": 1, "density": 8, "friction": 0.3, "restitution": 0.4, "strength": 2, "soundModel": "MIGHTY_EAGLE", "particleType": "MIGHTY_EAGLE",
    "damageMultipliers": {"BLOCK_ICE": 0.3, "BLOCK_WOOD": 0.3, "BLOCK_STONE": 0.3},
    "velocityMultipliers": {"PIG_BASIC_SMALL": 1.3, "PIG_BASIC_MEDIUM": 1.3, "PIG_BASIC_BIG": 1.3, "PIG_KING": 1.3, "PIG_MUSTACHE": 1.3, "PIG_HELMET": 1.3, "BLOCK_ICE": 1.8, "BLOCK_WOOD": 1.8, "BLOCK_STONE": 1.8}},

"PIG_BASIC_SMALL": {"bodyType": "DYNAMIC", "defense": 1, "density": 2, "friction": 0.7, "restitution": 0.05, "strength": 4, "soundModel": "PIGS_SMALL_MEDIUM", "particleType": "PIG_SMALL"},
"PIG_BASIC_MEDIUM": {"bodyType": "DYNAMIC", "defense": 1, "density": 2, "friction": 0.3, "restitution": 0.05, "strength": 10, "soundModel": "PIGS_SMALL_MEDIUM", "particleType": "PIG_SMALL"},
"PIG_BASIC_BIG": {"bodyType": "DYNAMIC", "defense": 1, "density": 2, "friction": 0.3, "restitution": 0.05, "strength": 20, "soundModel": "PIGS_BIG_HELMET", "particleType": "PIG_MEDIUM"},
"PIG_KING": {"bodyType": "DYNAMIC", "defense": 0, "density": 1, "friction": 0.3, "restitution": 0.05, "strength": 100, "soundModel": "PIGS_KING_MUSTACHE", "particleType": "PIG_BIG"},
"PIG_MUSTACHE": {"bodyType": "DYNAMIC", "defense": 1, "density": 1, "friction": 0.3, "restitution": 0.05, "strength": 30, "soundModel": "PIGS_KING_MUSTACHE", "particleType": "PIG_BIG"},
"PIG_HELMET": {"bodyType": "DYNAMIC", "defense": 8, "density": 2, "friction": 0.3, "restitution": 0.05, "strength": 15, "soundModel": "PIGS_BIG_HELMET", "particleType": "PIG_MEDIUM"},

"MISC_FOOD": {"bodyType": "DYNAMIC", "defense": 1, "density": 0.75, "friction": 0.7, "restitution": 0.4, "strength": 5, "soundModel": "MISC_1", "particleType": "BLOCK_OTHER_SMALL"},
"MISC_GOLDEN_EGG": {"bodyType": "DYNAMIC", "defense": 1, "density": 0.75, "friction": 0.7, "restitution": 0.4, "strength": 5, "soundModel": "MISC_1", "particleType": "BLOCK_CHROME_STONE"},
"MISC_WHITE_EGG": {"bodyType": "DYNAMIC", "defense": 0.1, "density": 3, "friction": 0.3, "restitution": 0.23, "strength": 1, "particleType": "NONE"},
"MISC_TNT": {"bodyType": "DYNAMIC", "defense": 1, "density": 0.75, "friction": 0.7, "restitution": 0.4, "strength": 1, "soundModel": "MISC_1", "particleType": "NONE"},
"MISC_BALLOON": {"bodyType": "STATIC", "defense": 1.05, "density": 0.2, "friction": 0.8, "restitution": 0, "strength": 0.19, "soundModel": "MISC_1", "particleType": "BLOCK_OTHER_SMALL"},
"MISC_HELIUM_BALLOON": {"bodyType": "DYNAMIC", "defense": 1.05, "density": 0.2, "friction": 0.8, "restitution": 0, "strength": 0.19, "soundModel": "MISC_1", "particleType": "BLOCK_OTHER_SMALL"},
"MISC_RUBBER": {"bodyType": "DYNAMIC", "defense": -1, "density": 0.50, "friction": 0.7, "restitution": 5, "strength": -1, "soundModel": "MISC_1", "particleType": "BLOCK_OTHER_SMALL"},
"MISC_RUBBER_BEACH_BALL": {"bodyType": "DYNAMIC", "defense": 50, "density": 0.75, "friction": 0.7, "restitution": 1.1, "strength": 1000, "soundModel": "MISC_1", "particleType": "BLOCK_OTHER_SMALL"},
"MISC_STATIC_RUBBER": {"bodyType": "STATIC", "defense": -1, "density": 1, "friction": 0.8, "restitution": 1.1, "strength": -1, "soundModel": "MISC_2", "particleType": "BLOCK_OTHER_SMALL"},
"MISC_METAL": {"bodyType": "DYNAMIC", "defense": -1, "density": 4, "friction": 4, "restitution": 0.1, "strength": 1000, "soundModel": "MISC_1", "particleType": "BLOCK_OTHER_SMALL"},
"MISC_PILLAR": {"bodyType": "DYNAMIC", "defense": 40, "density": 10, "friction": 0.7, "restitution": 0.4, "strength": 120, "soundModel": "MISC_1", "particleType": "BLOCK_OTHER_BIG"},
"MISC_PLASTIC": {"bodyType": "DYNAMIC", "defense": 5, "density": 0.75, "friction": 0.7, "restitution": 0.4, "strength": 5, "soundModel": "MISC_1", "particleType": "BLOCK_OTHER_SMALL"},
"MISC_JINGLE_BELL": {"bodyType": "DYNAMIC", "defense": 5, "density": 0.75, "friction": 0.7, "restitution": 0.4, "strength": 5, "soundModel": "CHRISTMAS_BELL", "particleType": "BLOCK_OTHER_SMALL"},
"MISC_ROPE": {"bodyType": "DYNAMIC", "defense": 1, "density": 0.75, "friction": 0.7, "restitution": 0.4, "strength": 5, "soundModel": "MISC_1", "particleType": "BLOCK_OTHER_SMALL"},

"BLOCK_WOOD": {"bodyType": "DYNAMIC", "defense": 2.5, "density": 1.5, "friction": 4, "restitution": 0.0, "strength": 15, "soundModel": "WOOD", "particleType": "BLOCK_WOOD"},
"BLOCK_SNOW": {"bodyType": "DYNAMIC", "defense": 10, "density": 2, "friction": 4.5, "restitution": 0.0, "strength": 15, "soundModel": "SNOW", "particleType": "BLOCK_SNOW", "damageMultipliers": {"BLOCK_SNOW": 0.8}},
"BLOCK_SNOW_STATIC": {"bodyType": "STATIC", "defense": 6, "density": 1, "friction": 1, "restitution": 0.2, "strength": 8, "soundModel": "SNOW", "particleType": "BLOCK_SNOW"},
"BLOCK_ICE": {"bodyType": "DYNAMIC", "defense": 2, "density": 0.75, "friction": 0.7, "restitution": 0.2, "strength": 8, "soundModel": "ICE", "particleType": "BLOCK_ICE"},
"BLOCK_STONE": {"bodyType": "DYNAMIC", "defense": 15, "density": 4, "friction": 4, "restitution": 0.1, "strength": 25, "soundModel": "STONE", "particleType": "BLOCK_STONE"},

"GROUND_HILLS": {"bodyType": "STATIC", "defense": -1, "density": 0.5, "friction": 0.8, "restitution": 0.0, "strength": 100, "damageMultipliers": {"BLOCK_SNOW": 0.01}},
"TEXTURE_HILLS": {"bodyType": "STATIC", "defense": -1, "density": 0.5, "friction": 0.8, "restitution": 0.0, "strength": 100},
"ESTRADE": {"bodyType": "STATIC", "defense": -1, "density": 0.5, "friction": 0.7, "restitution": 0.05, "strength": 100},
"GROUND_SNOW": {"bodyType": "STATIC", "defense": -1, "density": 0.5, "friction": 0.7, "restitution": 0.05, "strength": 100},

"MISC_GIFT": {"bodyType": "DYNAMIC", "defense": 5, "density": 0.75, "friction": 0.7, "restitution": 0.4, "strength": 5, "soundModel": "GIFT", "particleType": "BLOCK_OTHER_SMALL"},

"CHERRY_BLOSSOM_EXTRAS": {"bodyType": "DYNAMIC", "defense": 0, "density": 0.1, "restitution": 0.1, "strength": 1, "friction": 0.7, "soundModel": "MISC_1", "particleType": "BLOCK_OTHER_SMALL"},
"CHERRY_BLOSSOM_CENTER": {"bodyType": "DYNAMIC", "defense": 0, "density": 0.1, "restitution": 0.1, "strength": 1, "friction": 0.7, "soundModel": "CHERRY_CENTER", "particleType": "BLOCK_OTHER_SMALL"},
"CHERRY_BLOSSOM_LEAF": {"bodyType": "DYNAMIC", "defense": 0, "density": 0.1, "restitution": 0.1, "strength": 1, "friction": 0.7, "soundModel": "CHERRY_LEAF", "particleType": "BLOCK_OTHER_SMALL"},

"EASTER_EXTRAS": {"bodyType": "DYNAMIC", "defense": 1, "density": 0.1, "restitution": 0.1, "strength": 5, "friction": 0.7, "soundModel": "MISC_1", "particleType": "BLOCK_OTHER_SMALL"},
"EASTER_FOURLEAF_CLOVER": {"bodyType": "DYNAMIC", "defense": 5, "density": 0.75, "restitution": 0.4, "strength": 10, "friction": 0.7, "soundModel": "EASTER_FOURLEAVED", "particleType": "BLOCK_OTHER_SMALL"},
"EASTER_CLOUD_1": {"bodyType": "STATIC", "defense": 7, "density": 0.1, "restitution": 0.1, "strength": 5, "friction": 0.8, "soundModel": "EASTER_CLOUD", "particleType": "NONE"},
"EASTER_CLOUD_2": {"bodyType": "STATIC", "defense": 7, "density": 0.1, "restitution": 0.1, "strength": 10, "friction": 0.8, "soundModel": "EASTER_CLOUD", "particleType": "NONE"},
"EASTER_CLOUD_3": {"bodyType": "STATIC", "defense": 7, "density": 0.1, "restitution": 0.1, "strength": 20, "friction": 0.8, "soundModel": "EASTER_CLOUD", "particleType": "NONE"},
"EASTER_CLOUD_4": {"bodyType": "STATIC", "defense": 7, "density": 0.1, "restitution": 0.1, "strength": 40, "friction": 0.8, "soundModel": "EASTER_CLOUD", "particleType": "NONE"},
"EASTER_CLOVERWOOD": {"bodyType": "DYNAMIC", "defense": 2.5, "density": 1.5, "restitution": 0.1, "strength": 15, "friction": 4, "soundModel": "WOOD", "particleType": "NONE"},
"EASTER_GRASS": {"bodyType": "DYNAMIC", "defense": 0, "density": 0.1, "restitution": 0.1, "strength": 0.1, "friction": 0.7, "soundModel": "EASTER_CLOVER", "particleType": "EASTER_GRASS"},
"EASTER_EGG1": {"bodyType": "DYNAMIC", "defense": 1, "density": 0.75, "friction": 0.7, "restitution": 0.4, "strength": 5, "soundModel": "EASTER_EGG", "particleType": "EASTER_EGG_1"},
"EASTER_EGG2": {"bodyType": "DYNAMIC", "defense": 1, "density": 0.75, "friction": 0.7, "restitution": 0.4, "strength": 5, "soundModel": "EASTER_EGG", "particleType": "EASTER_EGG_2"},
"EASTER_EGG3": {"bodyType": "DYNAMIC", "defense": 1, "density": 0.75, "friction": 0.7, "restitution": 0.4, "strength": 5, "soundModel": "EASTER_EGG", "particleType": "EASTER_EGG_3"},

"EXTRA_HELMET": {"bodyType": "DYNAMIC", "defense": 300, "density": 0.5, "friction": 1.0, "restitution": 0.0, "strength": 5, "soundModel": "PIGS_BIG_HELMET", "particleType": "NONE"},

"SHERIFF_HAT": {"bodyType": "DYNAMIC", "defense": 20, "density": 0.5, "friction": 1.0, "restitution": 0.0, "strength": 5, "soundModel": "MISC_1", "particleType": "PIG_SMALL"},
"COWBOY_HAT_SMALL": {"bodyType": "DYNAMIC", "defense": 10, "density": 0.3, "friction": 1.0, "restitution": 0.1, "strength": 3, "soundModel": "MISC_1", "particleType": "PIG_SMALL"},
"COWBOY_HAT_BIG": {"bodyType": "DYNAMIC", "defense": 20, "density": 0.5, "friction": 1.0, "restitution": 0.0, "strength": 3, "soundModel": "MISC_1", "particleType": "PIG_SMALL"},
"BANDITO_HAT": {"bodyType": "DYNAMIC", "defense": 30, "density": 0.5, "friction": 1.0, "restitution": 0.0, "strength": 3, "soundModel": "MISC_1", "particleType": "PIG_SMALL"}
}
