{
"GROUND": {"type": "POLYGON", "vertices": [[10000.0, 0.0], [10000.0, 1000.0], [-2500.0, 1000.0], [-2500.0, 0.0]]},
"SLINGSHOT": {"type": "POLYGON", "vertices": [[10.0, 70.0], [10.0, 170.0], [-10, 170], [-10, 70]]},

"BIRD_CIRCLE_RED": {"type": "CIRCLE", "radius": 17.0, "offsetX": 5.0, "offsetY": 7.0},
"BIRD_CIRCLE_YELLOW": {"type": "CIRCLE", "radius": 16.0, "offsetX": 7.0, "offsetY": 8.0},
"BIRD_CIRCLE_BLUE": {"type": "CIRCLE", "radius": 12.0, "offsetX": 2.0, "offsetY": 3.0},
"BIRD_CIRCLE_WHITE": {"type": "CIRCLE", "radius": 26.0, "offsetX": 9.0, "offsetY": 16.0},
"BIRD_CIRCLE_BLACK": {"type": "CIRCLE", "radius": 20.0, "offsetX": 3.0, "offsetY": 15.0},
"BIRD_CIRCLE_GREEN": {"type": "CIRCLE", "radius": 20.0, "offsetX": -12.0, "offsetY": 6.0},
"BIRD_CIRCLE_REDBIG": {"type": "CIRCLE", "radius": 36.0, "offsetX": 9.0, "offsetY": 9.0},
"BIRD_RECT_SARDINE": {"type": "RECTANGLE", "radius": 36.0, "width": 64.4, "height": 41.4},
"BIRD_POLYGON_MIGHTY_EAGLE": {"type": "CIRCLE", "radius": 110.0, "offsetX": 0.0, "offsetY": 0.0},

"PIG_CIRCLE_SMALL": {"type": "CIRCLE", "radius": 21.5, "offsetX": 0.0, "offsetY": 0.0},
"PIG_CIRCLE_MEDIUM": {"type": "CIRCLE", "radius": 37.0, "offsetX": 0.0, "offsetY": 0.0},
"PIG_CIRCLE_BIG": {"type": "CIRCLE", "radius": 46.5, "offsetX": 0.0, "offsetY": 0.0},
"PIG_CIRCLE_HELMET": {"type": "CIRCLE", "radius": 39.0, "offsetX": 0.0, "offsetY": 0.0},
"PIG_CIRCLE_KING": {"type": "CIRCLE", "radius": 56.5, "offsetX": 0.0, "offsetY": 16.0},
"PIG_CIRCLE_MUSTACHE": {"type": "CIRCLE", "radius": 44.0, "offsetX": 0.0, "offsetY": 0.0},

"BLOCK_RECT_1X1": {"type": "RECTANGLE", "width": 18.4, "height": 18.4},
"BLOCK_RECT_2X1": {"type": "RECTANGLE", "width": 37.72, "height": 18.4},
"BLOCK_RECT_2X2": {"type": "RECTANGLE", "width": 37.72, "height": 37.72},
"BLOCK_RECT_3X3": {"type": "RECTANGLE", "width": 56.00, "height": 56.00},
"BLOCK_RECT_4X1": {"type": "RECTANGLE", "width": 76.36, "height": 18.4},
"BLOCK_RECT_4X2": {"type": "RECTANGLE", "width": 76.36, "height": 37.72},
"BLOCK_RECT_4X4": {"type": "RECTANGLE", "width": 75.44, "height": 75.44},
"BLOCK_RECT_6X2": {"type": "RECTANGLE", "width": 111.32, "height": 37.72},
"BLOCK_RECT_8X1": {"type": "RECTANGLE", "width": 154.56, "height": 18.4},
"BLOCK_RECT_10X1": {"type": "RECTANGLE", "width": 188.6, "height": 18.4},

"BLOCK_RECT_1X1_STATIC": {"type": "RECTANGLE", "width": 18.4, "height": 18.4},
"BLOCK_RECT_5X2_STATIC": {"type": "RECTANGLE", "width": 97.0, "height": 32.0},
"BLOCK_RECT_5X5_STATIC": {"type": "RECTANGLE", "width": 97.0, "height": 97.0},
"BLOCK_RECT_10X2_STATIC": {"type": "RECTANGLE", "width": 194.0, "height": 33.0},
"BLOCK_RECT_10X10_STATIC": {"type": "RECTANGLE", "width": 194.0, "height": 196.0},
"BLOCK_RECT_32X2_STATIC": {"type": "RECTANGLE", "width": 642.0, "height": 33.0},

"BLOCK_CIRCLE_2X2": {"type": "CIRCLE", "radius": 20.0, "offsetX": 0.0, "offsetY": 0.0},
"BLOCK_CIRCLE_3X3": {"type": "CIRCLE", "radius": 28.0, "offsetX": 0.0, "offsetY": 0.0},
"BLOCK_CIRCLE_4X4": {"type": "CIRCLE", "radius": 36.0, "offsetX": 0.0, "offsetY": 0.0},

"BLOCK_TRIANGLE_2X2_RIGHT": {"type": "POLYGON", "vertices": [[18.75, 18.75], [-18.75, 18.75], [18.75, -18.75]]},
"BLOCK_TRIANGLE_4X4_RIGHT": {"type": "POLYGON", "vertices": [[37.5, 37.5], [-37.5, 37.5], [37.5, -37.5]]},
"BLOCK_TRIANGLE_4X4_LEFT": {"type": "POLYGON", "vertices": [[37.5, 37.5], [-37.5, 37.5], [-37.5, -37.5]]},
"BLOCK_TRIANGLE_4X4_EQUILATERAL": {"type": "POLYGON", "vertices": [[37.5, 37.5], [-37.5, 37.5], [0.0, -37.5]]},

"MISC_HAT_WINTER_4X3": {"type": "POLYGON", "vertices": [[37.72, 15.5], [-37.72, 15.5], [10.0, -25.5]]},
"MISC_HAT_ELF_3X2": {"type": "POLYGON", "vertices": [[20.5, 15.5], [-25.5, 15.5], [-10.0, -25.5]]},
"MISC_HAT_ELF_6X3": {"type": "POLYGON", "vertices": [[57.5, 30.5], [-17.5, 28.5], [28.0, -30.5]]},
"MISC_HAT_ELF_9X5": {"type": "POLYGON", "vertices": [[50.5, 25.5], [-95.87, 25.5], [-30.0, -37.5]]},
"MISC_GIFT_4X5": {"type": "POLYGON", "vertices": [[37.72, 52.72], [-37.72, 52.72], [-37.72, -18.72], [37.72, -18.72]]},
"MISC_GIFT_6X3": {"type": "POLYGON", "vertices": [[56.58, 28.36], [-56.58, 28.36], [-56.58, 0], [56.58, 0]]},
"MISC_GIFT_7X4": {"type": "POLYGON", "vertices": [[66.01, 37.72], [-66.01, 37.72], [-66.01, -15.70], [66.01, -15.70]]},
"MISC_PIG_WEIGHT": {"type": "RECTANGLE", "width": 50.72, "height": 30.72},
"MISC_KING_BEARD_7X4": {"type": "POLYGON", "vertices": [[66.01, 15.5], [-66.01, 15.5], [0.0, -30.5]]},
"MISC_HELMET_SMALL": {"type": "POLYGON", "vertices": [[22.00, 5.00], [-22.00, 5.00], [-22.00, 0.00], [-10.00, -4.00], [10.00, -4.00], [22.00, 0.00]], "offsetY": -6},
"MISC_HELMET_BIG": {"type": "POLYGON", "vertices": [[37.00, 10.00], [-37.00, 10.00], [-37.00, 0.00], [-10.00, -6.00], [10.00, -6.00], [37.00, 0.00]], "offsetY": -12},
"MISC_HELMET_BOSS": {"type": "POLYGON", "vertices": [[37.00, 10.00], [-37.00, 10.00], [-37.00, 0.00], [-10.00, -6.00], [10.00, -6.00], [37.00, 0.00]], "offsetY": -12},

"MISC_FOOD_CIRCLE_APPLE": {"type": "CIRCLE", "radius": 23.92, "offsetX": 0.0, "offsetY": -2.0},
"MISC_FOOD_CIRCLE_DONUT": {"type": "CIRCLE", "radius": 28.52, "offsetX": 0.0, "offsetY": 0.0},
"MISC_FOOD_CIRCLE_EGG": {"type": "CIRCLE", "radius": 20.7, "offsetX": 0.0, "offsetY": 4.0},
"MISC_FOOD_CIRCLE_WATERMELON": {"type": "CIRCLE", "radius": 32.66, "offsetX": 0.0, "offsetY": 0.0},
"MISC_FOOD_POLYGON_BANANA": {"type": "RECTANGLE", "width": 73.6, "height": 40.48},
"MISC_FOOD_POLYGON_HAM": {"type": "CIRCLE", "radius": 32.2, "offsetX": 0.0, "offsetY": -2.0},
"MISC_FOOD_POLYGON_STRAWBERRY": {"type": "CIRCLE", "radius": 24.84, "offsetX": 0.0, "offsetY": -2.0},

"MISC_BALLOON_NORMAL": {"type": "RECTANGLE", "width": 48.76, "height": 66.24},
"MISC_BALLOON_PIG": {"type": "RECTANGLE", "width": 73.6, "height": 110.4},
"MISC_BEACHBALL": {"type": "CIRCLE", "radius": 37.0, "offsetX": 0.0, "offsetY": 0.0},
"MISC_RUBBER_DICE": {"type": "RECTANGLE", "width": 57.0, "height": 57.0},
"MISC_RUBBER_SMILEY": {"type": "CIRCLE", "radius": 36.0, "offsetX": 0.0, "offsetY": 0.0},
"MISC_RUBBER_DUCK": {"type": "CIRCLE", "radius": 33.0, "offsetX": 0.0, "offsetY": 5.0},
"MISC_RUBBER_TRAMPOLINE": {"type": "RECTANGLE", "width": 138.0, "height": 27.6},

"MISC_METAL_FLAG": {"type": "RECTANGLE", "width": 44.0, "height": 116.0},
"MISC_METAL_CHEST": {"type": "RECTANGLE", "width": 90.0, "height": 58.8},
"MISC_METAL_TOILET": {"type": "RECTANGLE", "width": 60.0, "height": 90.0},
"MISC_METAL_PILLAR": {"type": "RECTANGLE", "width": 81.88, "height": 181.24},
"MISC_METAL_HOLYGRAIL": {"type": "RECTANGLE", "width": 40.0, "height": 80.0},
"MISC_METAL_DIAMOND": {"type": "POLYGON", "vertices": [[24.0, -16.0], [0.0, 20.0], [-24.0, -16.0]]},
"MISC_METAL_TIRE_2X2": {"type": "CIRCLE", "radius": 23.92, "offsetX": 0.0, "offsetY": 0.0},
"MISC_METAL_TIRE_3X3": {"type": "CIRCLE", "radius": 29.44, "offsetX": 0.0, "offsetY": 0.0},
"MISC_METAL_TIRE_4X4": {"type": "CIRCLE", "radius": 34.96, "offsetX": 0.0, "offsetY": 0.0},
"MISC_METAL_BALL": {"type": "CIRCLE", "radius": 16.56, "offsetX": 0.0, "offsetY": 0.0},
"MISC_METAL_TNT": {"type": "RECTANGLE", "width": 64.4, "height": 63.48},
"MISC_METAL_CHAIN": {"type": "RECTANGLE", "width": 18.4, "height": 73.6},

"MISC_ESTRADE_7X2": {"type": "RECTANGLE", "width": 147.0, "height": 42.0},
"MISC_ESTRADE_9X3": {"type": "RECTANGLE", "width": 177.0, "height": 54.0},
"MISC_ESTRADE_11X3": {"type": "RECTANGLE", "width": 223.0, "height": 63.0},
"MISC_ESTRADE_1X2": {"type": "RECTANGLE", "width": 17.0, "height": 27.0},
"MISC_ESTRADE_2X2": {"type": "RECTANGLE", "width": 45.0, "height": 40.0},

"PROP_HELMET_SMALL": {"type": "POLYGON", "vertices": [[-24.0, -7.4], [-8.0, -11.2], [8.0, -11.2], [24.0, -7.4], [24.0, 0.0], [-24.0, 0.0]]},
"PROP_HELMET_BIG": {"type": "POLYGON", "vertices": [[-40.6, -12.4], [-13.6, -18.6], [13.6, -18.6], [40.6, -12.4], [40.6, 0.0], [-40.6, 0.0]]},
"PROP_HAT_BANDITO": {"type": "POLYGON", "vertices": [[-13.6, -12.4], [-6.8, -18.6], [6.8, -18.6], [13.6, -12.4], [13.6, 12.4], [-13.6, 12.4]]},
"PROP_HAT_COWBOY_SMALL": {"type": "POLYGON", "vertices": [[-19.8, -6.6], [-10.0, -10.0], [10.0, -10.0], [14.8, -6.6], [14.8, 0.0], [-19.8, 0.0]]},
"PROP_HAT_COWBOY_BIG": {"type": "POLYGON", "vertices": [[-32.2, -10.6], [-16.2, -16.0], [16.2, -16.0], [24.2, -10.6], [24.2, 0.0], [-32.2, 0.0]]},
"PROP_HAT_SHERIFF": {"type": "POLYGON", "vertices": [[-17.2, -12.6], [-11.6, -19.0], [11.6, -19.0], [23.0, -12.6], [23.0, 6.4], [-17.2, 6.4]]},
"PROP_CARPET": {"type": "RECTANGLE", "width": 256.68, "height": 70.84},
"PROP_ROPE_THIN": {"type": "RECTANGLE", "width": 3.68, "height": 120.52},
"PROP_ROPE_THIN_SHORT": {"type": "RECTANGLE", "width": 3.68, "height": 59.8},
"PROP_ROPE_THICK": {"type": "RECTANGLE", "width": 10.12, "height": 121.44},

"B_CANDYSTICK": {"type": "RECTANGLE", "width": 18.0 , "height": 65.0},
"B_SAKURAFLOWER_PETAL": {"type": "RECTANGLE", "width": 18.0 , "height": 29.0},
"B_SAKURAFLOWER_CENTER": {"type": "RECTANGLE", "width": 25.0 , "height": 22.0},
"B_MISO": {"type": "RECTANGLE", "width": 57.0 , "height": 54.0},
"B_SUSHICHEF_BANDANNA": {"type": "RECTANGLE", "width": 68.0 , "height": 18.0},
"B_JAPANESE_UMBRELLA": {"type": "RECTANGLE", "width": 50.0 , "height": 109.0},
"B_SUSHI": {"type": "RECTANGLE", "width": 48.0 , "height": 56.0},
"B_RICEBALL": {"type": "POLYGON", "vertices": [[24.0, 20.0], [-24.0, 20.0], [0.0, -20.0]]},

"BLOCK_FUJITV_BALL": {"type": "CIRCLE", "radius": 60.0, "offsetX": 0.0, "offsetY": 0.0},
"BLOCK_FUJITV_DOG2": {"type": "RECTANGLE", "width": 120.0, "height": 68.0},


"EASTER_GRASS_1": {"type": "RECTANGLE", "width": 50.0, "height": 15.0, "offsetY": 26.0},
"EASTER_GRASS_2": {"type": "RECTANGLE", "width": 50.0, "height": 15.0, "offsetY": 32.0},
"EASTER_PINK_BUNNY_HAT_1": {"type": "RECTANGLE", "width": 30.0, "height": 13.0},
"EASTER_PINK_BUNNY_HAT_2": {"type": "RECTANGLE", "width": 30.0, "height": 10.0},
"EASTER_KING_BUNNY_HAT_1": {"type": "RECTANGLE", "width": 140.0, "height": 150.0},
"EASTER_EASTEREGG": {"type": "CIRCLE", "radius": 25.0, "offsetX": 0.0, "offsetY": 0.0},
"EASTER_WHITE_BUNNY_EAR_1": {"type": "RECTANGLE", "width": 20.0, "height": 30.0},
"EASTER_WHITE_BUNNY_EAR_2": {"type": "RECTANGLE", "width": 26.0, "height": 25.0},
"EASTER_WHITE_BUNNY_NOSE_1": {"type": "RECTANGLE", "width": 38.0, "height": 37.0},
"EASTER_BLOCK_STATIC_CLOUD_1": {"type": "RECTANGLE", "width": 41.0, "height": 38.0},
"EASTER_BLOCK_STATIC_CLOUD_2": {"type": "RECTANGLE", "width": 82.0, "height": 38.0},
"EASTER_BLOCK_STATIC_CLOUD_3": {"type": "RECTANGLE", "width": 84.0, "height": 79.0},
"EASTER_BLOCK_STATIC_CLOUD_4": {"type": "RECTANGLE", "width": 167.0, "height": 86.0},
"EASTER_BLOCK_COMBINE": {"type": "RECTANGLE", "width": 53.0, "height": 14.0},
"EASTER_FOURLEAF_CLOVER": {"type": "RECTANGLE", "width": 115.0, "height": 82.0},
"EASTER_CLOVERWOOD": {"type": "RECTANGLE", "width": 83.0, "height": 41.0},
"EASTER_SPECIAL_EASTEREGG": {"type": "RECTANGLE", "width": 45.0 , "height": 82.0}
}
